order,tile_id,slide,image,context,tile_um,context_um,core_box,dup_of
1,R26-122-23_HE_91_x004608_y015360,R26-122-23_HE_91,images/R26-122-23_HE_91_x004608_y015360.png,context/R26-122-23_HE_91_x004608_y015360.jpg,253.6,760.8,341 341 341 341,
2,R25-264-12_x027136_y014848,R25-264-12,images/R25-264-12_x027136_y014848.png,context/R25-264-12_x027136_y014848.jpg,253.6,760.8,341 341 341 341,
3,R25-264-36_x010752_y007680,R25-264-36,images/R25-264-36_x010752_y007680.png,context/R25-264-36_x010752_y007680.jpg,253.6,760.8,341 341 341 341,
4,R25-264-33_x034304_y014848,R25-264-33,images/R25-264-33_x034304_y014848.png,context/R25-264-33_x034304_y014848.jpg,253.6,760.8,341 341 341 341,
5,R25-264-36_x020992_y020992,R25-264-36,images/R25-264-36_x020992_y020992.png,context/R25-264-36_x020992_y020992.jpg,253.6,760.8,341 341 341 341,
6,R25-264-10_x020992_y011264,R25-264-10,images/R25-264-10_x020992_y011264.png,context/R25-264-10_x020992_y011264.jpg,253.6,760.8,341 341 341 341,
7,R25-264-12_x043008_y014848,R25-264-12,images/R25-264-12_x043008_y014848.png,context/R25-264-12_x043008_y014848.jpg,253.6,760.8,341 341 341 341,
8,R25-264-30_x029696_y026624,R25-264-30,images/R25-264-30_x029696_y026624.png,context/R25-264-30_x029696_y026624.jpg,253.6,760.8,341 341 341 341,
9,R25-264-37_x014336_y020992,R25-264-37,images/R25-264-37_x014336_y020992.png,context/R25-264-37_x014336_y020992.jpg,253.6,760.8,341 341 341 341,
10,R25-264-35_x029696_y015360,R25-264-35,images/R25-264-35_x029696_y015360.png,context/R25-264-35_x029696_y015360.jpg,253.6,760.8,341 341 341 341,
11,R26-122-36_HE_95_x012800_y013824,R26-122-36_HE_95,images/R26-122-36_HE_95_x012800_y013824.png,context/R26-122-36_HE_95_x012800_y013824.jpg,253.6,760.8,341 341 341 341,
12,R25-264-13_x015360_y019456,R25-264-13,images/R25-264-13_x015360_y019456.png,context/R25-264-13_x015360_y019456.jpg,253.6,760.8,341 341 341 341,
13,R25-264-36_x022528_y011776,R25-264-36,images/R25-264-36_x022528_y011776.png,context/R25-264-36_x022528_y011776.jpg,253.6,760.8,341 341 341 341,
14,R25-264-32_x004608_y011264,R25-264-32,images/R25-264-32_x004608_y011264.png,context/R25-264-32_x004608_y011264.jpg,253.6,760.8,341 341 341 341,
15,R25-264-32_x035840_y018944,R25-264-32,images/R25-264-32_x035840_y018944.png,context/R25-264-32_x035840_y018944.jpg,253.6,760.8,341 341 341 341,
16,R25-264-31_x016896_y019968,R25-264-31,images/R25-264-31_x016896_y019968.png,context/R25-264-31_x016896_y019968.jpg,253.6,760.8,341 341 341 341,
17,R26-122-19_HE_103_x003584_y014336,R26-122-19_HE_103,images/R26-122-19_HE_103_x003584_y014336.png,context/R26-122-19_HE_103_x003584_y014336.jpg,253.6,760.8,341 341 341 341,
18,R25-264-10_x008192_y011776,R25-264-10,images/R25-264-10_x008192_y011776.png,context/R25-264-10_x008192_y011776.jpg,253.6,760.8,341 341 341 341,
19,R25-264-3_x010752_y007680,R25-264-3,images/R25-264-3_x010752_y007680.png,context/R25-264-3_x010752_y007680.jpg,253.6,760.8,341 341 341 341,
20,R25-264-31_x013824_y019968,R25-264-31,images/R25-264-31_x013824_y019968.png,context/R25-264-31_x013824_y019968.jpg,253.6,760.8,341 341 341 341,
21,R25-264-11_x029696_y026624,R25-264-11,images/R25-264-11_x029696_y026624.png,context/R25-264-11_x029696_y026624.jpg,253.6,760.8,341 341 341 341,
22,R25-264-1_x013824_y022016,R25-264-1,images/R25-264-1_x013824_y022016.png,context/R25-264-1_x013824_y022016.jpg,253.6,760.8,341 341 341 341,
23,R25-264-33_x031232_y017408,R25-264-33,images/R25-264-33_x031232_y017408.png,context/R25-264-33_x031232_y017408.jpg,253.6,760.8,341 341 341 341,
24,R25-264-11_x019456_y010240,R25-264-11,images/R25-264-11_x019456_y010240.png,context/R25-264-11_x019456_y010240.jpg,253.6,760.8,341 341 341 341,
25,R25-264-1_x005120_y021504,R25-264-1,images/R25-264-1_x005120_y021504.png,context/R25-264-1_x005120_y021504.jpg,253.6,760.8,341 341 341 341,
26,R25-264-13_x012288_y011776,R25-264-13,images/R25-264-13_x012288_y011776.png,context/R25-264-13_x012288_y011776.jpg,253.6,760.8,341 341 341 341,
27,R25-264-13_x020480_y019456,R25-264-13,images/R25-264-13_x020480_y019456.png,context/R25-264-13_x020480_y019456.jpg,253.6,760.8,341 341 341 341,
28,R25-264-3_x036864_y014336,R25-264-3,images/R25-264-3_x036864_y014336.png,context/R25-264-3_x036864_y014336.jpg,253.6,760.8,341 341 341 341,
29,R25-264-32_x010240_y010752,R25-264-32,images/R25-264-32_x010240_y010752.png,context/R25-264-32_x010240_y010752.jpg,253.6,760.8,341 341 341 341,
30,R25-264-13_x039936_y018432,R25-264-13,images/R25-264-13_x039936_y018432.png,context/R25-264-13_x039936_y018432.jpg,253.6,760.8,341 341 341 341,
31,R25-264-30_x026624_y026624,R25-264-30,images/R25-264-30_x026624_y026624.png,context/R25-264-30_x026624_y026624.jpg,253.6,760.8,341 341 341 341,
32,R25-264-35_x019456_y015360,R25-264-35,images/R25-264-35_x019456_y015360.png,context/R25-264-35_x019456_y015360.jpg,253.6,760.8,341 341 341 341,
33,R26-122-15_HE_85_x026112_y015360,R26-122-15_HE_85,images/R26-122-15_HE_85_x026112_y015360.png,context/R26-122-15_HE_85_x026112_y015360.jpg,253.6,760.8,341 341 341 341,
34,R26-122-36_HE_95_x013312_y012288,R26-122-36_HE_95,images/R26-122-36_HE_95_x013312_y012288.png,context/R26-122-36_HE_95_x013312_y012288.jpg,253.6,760.8,341 341 341 341,
35,R26-122-3_HE_72_x021504_y015872,R26-122-3_HE_72,images/R26-122-3_HE_72_x021504_y015872.png,context/R26-122-3_HE_72_x021504_y015872.jpg,253.6,760.8,341 341 341 341,
36,R26-122-38_HE_97_x022528_y016384,R26-122-38_HE_97,images/R26-122-38_HE_97_x022528_y016384.png,context/R26-122-38_HE_97_x022528_y016384.jpg,253.6,760.8,341 341 341 341,
37,R25-264-12_x037888_y021504,R25-264-12,images/R25-264-12_x037888_y021504.png,context/R25-264-12_x037888_y021504.jpg,253.6,760.8,341 341 341 341,
38,R25-264-35_x020992_y008704,R25-264-35,images/R25-264-35_x020992_y008704.png,context/R25-264-35_x020992_y008704.jpg,253.6,760.8,341 341 341 341,
39,R26-122-10_HE_79_x013312_y010752,R26-122-10_HE_79,images/R26-122-10_HE_79_x013312_y010752.png,context/R26-122-10_HE_79_x013312_y010752.jpg,253.6,760.8,341 341 341 341,
40,R25-264-31_x028672_y016384,R25-264-31,images/R25-264-31_x028672_y016384.png,context/R25-264-31_x028672_y016384.jpg,253.6,760.8,341 341 341 341,
41,R25-264-13_x006656_y019456,R25-264-13,images/R25-264-13_x006656_y019456.png,context/R25-264-13_x006656_y019456.jpg,253.6,760.8,341 341 341 341,
42,R26-122-3_HE_72_x007680_y016384,R26-122-3_HE_72,images/R26-122-3_HE_72_x007680_y016384.png,context/R26-122-3_HE_72_x007680_y016384.jpg,253.6,760.8,341 341 341 341,
43,R25-264-36_x025600_y016384,R25-264-36,images/R25-264-36_x025600_y016384.png,context/R25-264-36_x025600_y016384.jpg,253.6,760.8,341 341 341 341,
44,R25-264-10_x034304_y011264,R25-264-10,images/R25-264-10_x034304_y011264.png,context/R25-264-10_x034304_y011264.jpg,253.6,760.8,341 341 341 341,
45,R25-264-10_x023552_y006656,R25-264-10,images/R25-264-10_x023552_y006656.png,context/R25-264-10_x023552_y006656.jpg,253.6,760.8,341 341 341 341,
46,R25-264-32_x010240_y019456,R25-264-32,images/R25-264-32_x010240_y019456.png,context/R25-264-32_x010240_y019456.jpg,253.6,760.8,341 341 341 341,
47,R25-264-31_x021504_y016896,R25-264-31,images/R25-264-31_x021504_y016896.png,context/R25-264-31_x021504_y016896.jpg,253.6,760.8,341 341 341 341,
48,R25-264-31_x006144_y019968,R25-264-31,images/R25-264-31_x006144_y019968.png,context/R25-264-31_x006144_y019968.jpg,253.6,760.8,341 341 341 341,
49,R25-264-3_x040960_y027648,R25-264-3,images/R25-264-3_x040960_y027648.png,context/R25-264-3_x040960_y027648.jpg,253.6,760.8,341 341 341 341,
50,R25-264-10_x005632_y012288,R25-264-10,images/R25-264-10_x005632_y012288.png,context/R25-264-10_x005632_y012288.jpg,253.6,760.8,341 341 341 341,
51,R26-122-26_HE_107_x012288_y016384,R26-122-26_HE_107,images/R26-122-26_HE_107_x012288_y016384.png,context/R26-122-26_HE_107_x012288_y016384.jpg,253.6,760.8,341 341 341 341,
52,R25-264-34_x012288_y009728,R25-264-34,images/R25-264-34_x012288_y009728.png,context/R25-264-34_x012288_y009728.jpg,253.6,760.8,341 341 341 341,
53,R25-264-36_x027136_y020480,R25-264-36,images/R25-264-36_x027136_y020480.png,context/R25-264-36_x027136_y020480.jpg,253.6,760.8,341 341 341 341,
54,R26-122-29_HE_82_x015872_y010752,R26-122-29_HE_82,images/R26-122-29_HE_82_x015872_y010752.png,context/R26-122-29_HE_82_x015872_y010752.jpg,253.6,760.8,341 341 341 341,
55,R25-264-30_x012800_y014336,R25-264-30,images/R25-264-30_x012800_y014336.png,context/R25-264-30_x012800_y014336.jpg,253.6,760.8,341 341 341 341,
56,R25-264-31_x025088_y009728,R25-264-31,images/R25-264-31_x025088_y009728.png,context/R25-264-31_x025088_y009728.jpg,253.6,760.8,341 341 341 341,
57,R25-264-37_x034816_y008704,R25-264-37,images/R25-264-37_x034816_y008704.png,context/R25-264-37_x034816_y008704.jpg,253.6,760.8,341 341 341 341,
58,R25-264-12_x022528_y022016,R25-264-12,images/R25-264-12_x022528_y022016.png,context/R25-264-12_x022528_y022016.jpg,253.6,760.8,341 341 341 341,
59,R25-264-30_x020992_y026624,R25-264-30,images/R25-264-30_x020992_y026624.png,context/R25-264-30_x020992_y026624.jpg,253.6,760.8,341 341 341 341,
60,R25-264-33_x009728_y007680,R25-264-33,images/R25-264-33_x009728_y007680.png,context/R25-264-33_x009728_y007680.jpg,253.6,760.8,341 341 341 341,
61,R25-264-1_x013312_y024064,R25-264-1,images/R25-264-1_x013312_y024064.png,context/R25-264-1_x013312_y024064.jpg,253.6,760.8,341 341 341 341,
62,R25-264-10_x023552_y021504,R25-264-10,images/R25-264-10_x023552_y021504.png,context/R25-264-10_x023552_y021504.jpg,253.6,760.8,341 341 341 341,
63,R25-264-36_x010240_y016896,R25-264-36,images/R25-264-36_x010240_y016896.png,context/R25-264-36_x010240_y016896.jpg,253.6,760.8,341 341 341 341,
64,R26-122-22_HE_106_x012288_y017920,R26-122-22_HE_106,images/R26-122-22_HE_106_x012288_y017920.png,context/R26-122-22_HE_106_x012288_y017920.jpg,253.6,760.8,341 341 341 341,
65,R26-122-23_HE_91_x004096_y013824,R26-122-23_HE_91,images/R26-122-23_HE_91_x004096_y013824.png,context/R26-122-23_HE_91_x004096_y013824.jpg,253.6,760.8,341 341 341 341,
66,R25-264-11_x015360_y010752,R25-264-11,images/R25-264-11_x015360_y010752.png,context/R25-264-11_x015360_y010752.jpg,253.6,760.8,341 341 341 341,
67,R25-264-10_x029184_y011776,R25-264-10,images/R25-264-10_x029184_y011776.png,context/R25-264-10_x029184_y011776.jpg,253.6,760.8,341 341 341 341,
68,R26-122-12_HE_81_x012800_y008192,R26-122-12_HE_81,images/R26-122-12_HE_81_x012800_y008192.png,context/R26-122-12_HE_81_x012800_y008192.jpg,253.6,760.8,341 341 341 341,
69,R25-264-36_x031232_y016384,R25-264-36,images/R25-264-36_x031232_y016384.png,context/R25-264-36_x031232_y016384.jpg,253.6,760.8,341 341 341 341,
70,R25-264-34_x022528_y010752,R25-264-34,images/R25-264-34_x022528_y010752.png,context/R25-264-34_x022528_y010752.jpg,253.6,760.8,341 341 341 341,
71,R26-122-23_HE_91_x026112_y013824,R26-122-23_HE_91,images/R26-122-23_HE_91_x026112_y013824.png,context/R26-122-23_HE_91_x026112_y013824.jpg,253.6,760.8,341 341 341 341,
72,R25-264-11_x005632_y011264,R25-264-11,images/R25-264-11_x005632_y011264.png,context/R25-264-11_x005632_y011264.jpg,253.6,760.8,341 341 341 341,
73,R25-264-37_x030208_y010240,R25-264-37,images/R25-264-37_x030208_y010240.png,context/R25-264-37_x030208_y010240.jpg,253.6,760.8,341 341 341 341,
74,R25-264-3_x016384_y028160,R25-264-3,images/R25-264-3_x016384_y028160.png,context/R25-264-3_x016384_y028160.jpg,253.6,760.8,341 341 341 341,
75,R25-264-1_x027136_y024064,R25-264-1,images/R25-264-1_x027136_y024064.png,context/R25-264-1_x027136_y024064.jpg,253.6,760.8,341 341 341 341,
76,R25-264-30_x045568_y013824,R25-264-30,images/R25-264-30_x045568_y013824.png,context/R25-264-30_x045568_y013824.jpg,253.6,760.8,341 341 341 341,
77,R25-264-31_x009728_y020480,R25-264-31,images/R25-264-31_x009728_y020480.png,context/R25-264-31_x009728_y020480.jpg,253.6,760.8,341 341 341 341,
78,R25-264-11_x015360_y012288,R25-264-11,images/R25-264-11_x015360_y012288.png,context/R25-264-11_x015360_y012288.jpg,253.6,760.8,341 341 341 341,
79,R25-264-3_x011264_y028160,R25-264-3,images/R25-264-3_x011264_y028160.png,context/R25-264-3_x011264_y028160.jpg,253.6,760.8,341 341 341 341,
80,R25-264-11_x008192_y012800,R25-264-11,images/R25-264-11_x008192_y012800.png,context/R25-264-11_x008192_y012800.jpg,253.6,760.8,341 341 341 341,
81,R26-122-38_HE_97_x005632_y009728,R26-122-38_HE_97,images/R26-122-38_HE_97_x005632_y009728.png,context/R26-122-38_HE_97_x005632_y009728.jpg,253.6,760.8,341 341 341 341,
82,R25-264-31_x030720_y019968,R25-264-31,images/R25-264-31_x030720_y019968.png,context/R25-264-31_x030720_y019968.jpg,253.6,760.8,341 341 341 341,
83,R26-122-2_HE_71_x019968_y013312,R26-122-2_HE_71,images/R26-122-2_HE_71_x019968_y013312.png,context/R26-122-2_HE_71_x019968_y013312.jpg,253.6,760.8,341 341 341 341,
84,R26-122-23_HE_91_x007168_y013824,R26-122-23_HE_91,images/R26-122-23_HE_91_x007168_y013824.png,context/R26-122-23_HE_91_x007168_y013824.jpg,253.6,760.8,341 341 341 341,
85,R25-264-31_x016384_y010240,R25-264-31,images/R25-264-31_x016384_y010240.png,context/R25-264-31_x016384_y010240.jpg,253.6,760.8,341 341 341 341,
86,R25-264-35_x023040_y009216,R25-264-35,images/R25-264-35_x023040_y009216.png,context/R25-264-35_x023040_y009216.jpg,253.6,760.8,341 341 341 341,
87,R25-264-33_x034816_y007168,R25-264-33,images/R25-264-33_x034816_y007168.png,context/R25-264-33_x034816_y007168.jpg,253.6,760.8,341 341 341 341,
88,R25-264-12_x028672_y010752,R25-264-12,images/R25-264-12_x028672_y010752.png,context/R25-264-12_x028672_y010752.jpg,253.6,760.8,341 341 341 341,
89,R25-264-36_x008192_y012288,R25-264-36,images/R25-264-36_x008192_y012288.png,context/R25-264-36_x008192_y012288.jpg,253.6,760.8,341 341 341 341,
90,R25-264-1_x008704_y022016,R25-264-1,images/R25-264-1_x008704_y022016.png,context/R25-264-1_x008704_y022016.jpg,253.6,760.8,341 341 341 341,
91,R25-264-35_x021504_y015360,R25-264-35,images/R25-264-35_x021504_y015360.png,context/R25-264-35_x021504_y015360.jpg,253.6,760.8,341 341 341 341,
92,R25-264-11_x009728_y011264,R25-264-11,images/R25-264-11_x009728_y011264.png,context/R25-264-11_x009728_y011264.jpg,253.6,760.8,341 341 341 341,
93,R25-264-33_x014848_y017920,R25-264-33,images/R25-264-33_x014848_y017920.png,context/R25-264-33_x014848_y017920.jpg,253.6,760.8,341 341 341 341,
94,R25-264-35_x019456_y025088,R25-264-35,images/R25-264-35_x019456_y025088.png,context/R25-264-35_x019456_y025088.jpg,253.6,760.8,341 341 341 341,
95,R25-264-35_x022016_y008704,R25-264-35,images/R25-264-35_x022016_y008704.png,context/R25-264-35_x022016_y008704.jpg,253.6,760.8,341 341 341 341,
96,R26-122-31_HE_98_x024576_y018944,R26-122-31_HE_98,images/R26-122-31_HE_98_x024576_y018944.png,context/R26-122-31_HE_98_x024576_y018944.jpg,253.6,760.8,341 341 341 341,
97,R26-122-31_HE_98_x023552_y018432,R26-122-31_HE_98,images/R26-122-31_HE_98_x023552_y018432.png,context/R26-122-31_HE_98_x023552_y018432.jpg,253.6,760.8,341 341 341 341,
98,R26-122-19_HE_103_x002560_y014336,R26-122-19_HE_103,images/R26-122-19_HE_103_x002560_y014336.png,context/R26-122-19_HE_103_x002560_y014336.jpg,253.6,760.8,341 341 341 341,
99,R25-264-36_x038400_y016384,R25-264-36,images/R25-264-36_x038400_y016384.png,context/R25-264-36_x038400_y016384.jpg,253.6,760.8,341 341 341 341,
100,R26-122-19_HE_103_x013824_y019456,R26-122-19_HE_103,images/R26-122-19_HE_103_x013824_y019456.png,context/R26-122-19_HE_103_x013824_y019456.jpg,253.6,760.8,341 341 341 341,
101,R25-264-34_x037888_y010240,R25-264-34,images/R25-264-34_x037888_y010240.png,context/R25-264-34_x037888_y010240.jpg,253.6,760.8,341 341 341 341,
102,R25-264-1_x012800_y023040,R25-264-1,images/R25-264-1_x012800_y023040.png,context/R25-264-1_x012800_y023040.jpg,253.6,760.8,341 341 341 341,
103,R25-264-10_x022016_y011776,R25-264-10,images/R25-264-10_x022016_y011776.png,context/R25-264-10_x022016_y011776.jpg,253.6,760.8,341 341 341 341,
104,R25-264-12_x021504_y022016,R25-264-12,images/R25-264-12_x021504_y022016.png,context/R25-264-12_x021504_y022016.jpg,253.6,760.8,341 341 341 341,
105,R26-122-31_HE_98_x025600_y011264,R26-122-31_HE_98,images/R26-122-31_HE_98_x025600_y011264.png,context/R26-122-31_HE_98_x025600_y011264.jpg,253.6,760.8,341 341 341 341,
106,R25-264-10_x031744_y016384,R25-264-10,images/R25-264-10_x031744_y016384.png,context/R25-264-10_x031744_y016384.jpg,253.6,760.8,341 341 341 341,
107,R26-122-6_HE_75_x020992_y019456,R26-122-6_HE_75,images/R26-122-6_HE_75_x020992_y019456.png,context/R26-122-6_HE_75_x020992_y019456.jpg,253.6,760.8,341 341 341 341,
108,R25-264-32_x043008_y019456,R25-264-32,images/R25-264-32_x043008_y019456.png,context/R25-264-32_x043008_y019456.jpg,253.6,760.8,341 341 341 341,
109,R26-122-1_HE_70_x028672_y011264,R26-122-1_HE_70,images/R26-122-1_HE_70_x028672_y011264.png,context/R26-122-1_HE_70_x028672_y011264.jpg,253.6,760.8,341 341 341 341,
110,R25-264-30_x035840_y014336,R25-264-30,images/R25-264-30_x035840_y014336.png,context/R25-264-30_x035840_y014336.jpg,253.6,760.8,341 341 341 341,
111,R25-264-10_x008704_y007168,R25-264-10,images/R25-264-10_x008704_y007168.png,context/R25-264-10_x008704_y007168.jpg,253.6,760.8,341 341 341 341,
112,R25-264-12_x031744_y015360,R25-264-12,images/R25-264-12_x031744_y015360.png,context/R25-264-12_x031744_y015360.jpg,253.6,760.8,341 341 341 341,
113,R25-264-30_x036864_y014336,R25-264-30,images/R25-264-30_x036864_y014336.png,context/R25-264-30_x036864_y014336.jpg,253.6,760.8,341 341 341 341,
114,R26-122-34_HE_93_x020992_y008192,R26-122-34_HE_93,images/R26-122-34_HE_93_x020992_y008192.png,context/R26-122-34_HE_93_x020992_y008192.jpg,253.6,760.8,341 341 341 341,
115,R25-264-11_x022016_y011264,R25-264-11,images/R25-264-11_x022016_y011264.png,context/R25-264-11_x022016_y011264.jpg,253.6,760.8,341 341 341 341,
116,R25-264-36_x013824_y020992,R25-264-36,images/R25-264-36_x013824_y020992.png,context/R25-264-36_x013824_y020992.jpg,253.6,760.8,341 341 341 341,
117,R26-122-10_HE_79_x006656_y011264,R26-122-10_HE_79,images/R26-122-10_HE_79_x006656_y011264.png,context/R26-122-10_HE_79_x006656_y011264.jpg,253.6,760.8,341 341 341 341,
118,R25-264-36_x014336_y007168,R25-264-36,images/R25-264-36_x014336_y007168.png,context/R25-264-36_x014336_y007168.jpg,253.6,760.8,341 341 341 341,
119,R25-264-1_x028672_y022528,R25-264-1,images/R25-264-1_x028672_y022528.png,context/R25-264-1_x028672_y022528.jpg,253.6,760.8,341 341 341 341,
120,R26-122-26_HE_107_x015360_y010752,R26-122-26_HE_107,images/R26-122-26_HE_107_x015360_y010752.png,context/R26-122-26_HE_107_x015360_y010752.jpg,253.6,760.8,341 341 341 341,
121,R26-122-23_HE_91_x029184_y013312,R26-122-23_HE_91,images/R26-122-23_HE_91_x029184_y013312.png,context/R26-122-23_HE_91_x029184_y013312.jpg,253.6,760.8,341 341 341 341,
122,R26-122-26_HE_107_x023552_y010752,R26-122-26_HE_107,images/R26-122-26_HE_107_x023552_y010752.png,context/R26-122-26_HE_107_x023552_y010752.jpg,253.6,760.8,341 341 341 341,
123,R25-264-30_x013824_y019968,R25-264-30,images/R25-264-30_x013824_y019968.png,context/R25-264-30_x013824_y019968.jpg,253.6,760.8,341 341 341 341,
124,R25-264-34_x027136_y018944,R25-264-34,images/R25-264-34_x027136_y018944.png,context/R25-264-34_x027136_y018944.jpg,253.6,760.8,341 341 341 341,
125,R25-264-33_x032256_y017408,R25-264-33,images/R25-264-33_x032256_y017408.png,context/R25-264-33_x032256_y017408.jpg,253.6,760.8,341 341 341 341,
126,R25-264-32_x039936_y022016,R25-264-32,images/R25-264-32_x039936_y022016.png,context/R25-264-32_x039936_y022016.jpg,253.6,760.8,341 341 341 341,
127,R25-264-10_x006656_y011776,R25-264-10,images/R25-264-10_x006656_y011776.png,context/R25-264-10_x006656_y011776.jpg,253.6,760.8,341 341 341 341,
128,R25-264-37_x017920_y020992,R25-264-37,images/R25-264-37_x017920_y020992.png,context/R25-264-37_x017920_y020992.jpg,253.6,760.8,341 341 341 341,
129,R26-122-15_HE_85_x009216_y015360,R26-122-15_HE_85,images/R26-122-15_HE_85_x009216_y015360.png,context/R26-122-15_HE_85_x009216_y015360.jpg,253.6,760.8,341 341 341 341,
130,R25-264-10_x008192_y016896,R25-264-10,images/R25-264-10_x008192_y016896.png,context/R25-264-10_x008192_y016896.jpg,253.6,760.8,341 341 341 341,
131,R25-264-32_x029696_y019456,R25-264-32,images/R25-264-32_x029696_y019456.png,context/R25-264-32_x029696_y019456.jpg,253.6,760.8,341 341 341 341,
132,R25-264-33_x032256_y007168,R25-264-33,images/R25-264-33_x032256_y007168.png,context/R25-264-33_x032256_y007168.jpg,253.6,760.8,341 341 341 341,
133,R25-264-37_x028160_y019968,R25-264-37,images/R25-264-37_x028160_y019968.png,context/R25-264-37_x028160_y019968.jpg,253.6,760.8,341 341 341 341,
134,R25-264-30_x009216_y008704,R25-264-30,images/R25-264-30_x009216_y008704.png,context/R25-264-30_x009216_y008704.jpg,253.6,760.8,341 341 341 341,
135,R25-264-34_x035328_y018432,R25-264-34,images/R25-264-34_x035328_y018432.png,context/R25-264-34_x035328_y018432.jpg,253.6,760.8,341 341 341 341,
136,R25-264-36_x012800_y016384,R25-264-36,images/R25-264-36_x012800_y016384.png,context/R25-264-36_x012800_y016384.jpg,253.6,760.8,341 341 341 341,
137,R25-264-13_x033792_y011264,R25-264-13,images/R25-264-13_x033792_y011264.png,context/R25-264-13_x033792_y011264.jpg,253.6,760.8,341 341 341 341,
138,R25-264-35_x022528_y015360,R25-264-35,images/R25-264-35_x022528_y015360.png,context/R25-264-35_x022528_y015360.jpg,253.6,760.8,341 341 341 341,
139,R25-264-31_x019968_y016896,R25-264-31,images/R25-264-31_x019968_y016896.png,context/R25-264-31_x019968_y016896.jpg,253.6,760.8,341 341 341 341,
140,R26-122-3_HE_72_x002560_y009728,R26-122-3_HE_72,images/R26-122-3_HE_72_x002560_y009728.png,context/R26-122-3_HE_72_x002560_y009728.jpg,253.6,760.8,341 341 341 341,
141,R25-264-37_x016384_y009216,R25-264-37,images/R25-264-37_x016384_y009216.png,context/R25-264-37_x016384_y009216.jpg,253.6,760.8,341 341 341 341,
142,R25-264-10_x030208_y006144,R25-264-10,images/R25-264-10_x030208_y006144.png,context/R25-264-10_x030208_y006144.jpg,253.6,760.8,341 341 341 341,
143,R26-122-15_HE_85_x019456_y009216,R26-122-15_HE_85,images/R26-122-15_HE_85_x019456_y009216.png,context/R26-122-15_HE_85_x019456_y009216.jpg,253.6,760.8,341 341 341 341,
144,R26-122-2_HE_71_x013312_y012800,R26-122-2_HE_71,images/R26-122-2_HE_71_x013312_y012800.png,context/R26-122-2_HE_71_x013312_y012800.jpg,253.6,760.8,341 341 341 341,
145,R26-122-19_HE_103_x019456_y018944,R26-122-19_HE_103,images/R26-122-19_HE_103_x019456_y018944.png,context/R26-122-19_HE_103_x019456_y018944.jpg,253.6,760.8,341 341 341 341,
146,R25-264-13_x046592_y011264,R25-264-13,images/R25-264-13_x046592_y011264.png,context/R25-264-13_x046592_y011264.jpg,253.6,760.8,341 341 341 341,
147,R25-264-33_x011264_y007680,R25-264-33,images/R25-264-33_x011264_y007680.png,context/R25-264-33_x011264_y007680.jpg,253.6,760.8,341 341 341 341,
148,R26-122-2_HE_71_x006144_y012288,R26-122-2_HE_71,images/R26-122-2_HE_71_x006144_y012288.png,context/R26-122-2_HE_71_x006144_y012288.jpg,253.6,760.8,341 341 341 341,
149,R26-122-23_HE_91_x017920_y013824,R26-122-23_HE_91,images/R26-122-23_HE_91_x017920_y013824.png,context/R26-122-23_HE_91_x017920_y013824.jpg,253.6,760.8,341 341 341 341,
150,R25-264-10_x013312_y022528,R25-264-10,images/R25-264-10_x013312_y022528.png,context/R25-264-10_x013312_y022528.jpg,253.6,760.8,341 341 341 341,
151,R25-264-12_x016896_y015360,R25-264-12,images/R25-264-12_x016896_y015360.png,context/R25-264-12_x016896_y015360.jpg,253.6,760.8,341 341 341 341,
152,R26-122-17_HE_101_x017920_y019968,R26-122-17_HE_101,images/R26-122-17_HE_101_x017920_y019968.png,context/R26-122-17_HE_101_x017920_y019968.jpg,253.6,760.8,341 341 341 341,
153,R25-264-37_x022016_y020480,R25-264-37,images/R25-264-37_x022016_y020480.png,context/R25-264-37_x022016_y020480.jpg,253.6,760.8,341 341 341 341,
154,R26-122-3_HE_72_x008192_y010240,R26-122-3_HE_72,images/R26-122-3_HE_72_x008192_y010240.png,context/R26-122-3_HE_72_x008192_y010240.jpg,253.6,760.8,341 341 341 341,
155,R25-264-12_x010752_y022016,R25-264-12,images/R25-264-12_x010752_y022016.png,context/R25-264-12_x010752_y022016.jpg,253.6,760.8,341 341 341 341,
156,R26-122-26_HE_107_x004608_y012288,R26-122-26_HE_107,images/R26-122-26_HE_107_x004608_y012288.png,context/R26-122-26_HE_107_x004608_y012288.jpg,253.6,760.8,341 341 341 341,
157,R25-264-34_x022528_y018944,R25-264-34,images/R25-264-34_x022528_y018944.png,context/R25-264-34_x022528_y018944.jpg,253.6,760.8,341 341 341 341,
158,R25-264-1_x027648_y021504,R25-264-1,images/R25-264-1_x027648_y021504.png,context/R25-264-1_x027648_y021504.jpg,253.6,760.8,341 341 341 341,
159,R25-264-37_x007680_y020480,R25-264-37,images/R25-264-37_x007680_y020480.png,context/R25-264-37_x007680_y020480.jpg,253.6,760.8,341 341 341 341,
160,R26-122-22_HE_106_x009728_y010752,R26-122-22_HE_106,images/R26-122-22_HE_106_x009728_y010752.png,context/R26-122-22_HE_106_x009728_y010752.jpg,253.6,760.8,341 341 341 341,
161,R25-264-13_x037376_y018432,R25-264-13,images/R25-264-13_x037376_y018432.png,context/R25-264-13_x037376_y018432.jpg,253.6,760.8,341 341 341 341,
162,R25-264-35_x011264_y015360,R25-264-35,images/R25-264-35_x011264_y015360.png,context/R25-264-35_x011264_y015360.jpg,253.6,760.8,341 341 341 341,
163,R26-122-31_HE_98_x003584_y019456,R26-122-31_HE_98,images/R26-122-31_HE_98_x003584_y019456.png,context/R26-122-31_HE_98_x003584_y019456.jpg,253.6,760.8,341 341 341 341,
164,R26-122-29_HE_82_x018944_y011264,R26-122-29_HE_82,images/R26-122-29_HE_82_x018944_y011264.png,context/R26-122-29_HE_82_x018944_y011264.jpg,253.6,760.8,341 341 341 341,
165,R25-264-36_x029184_y012288,R25-264-36,images/R25-264-36_x029184_y012288.png,context/R25-264-36_x029184_y012288.jpg,253.6,760.8,341 341 341 341,
166,R25-264-32_x043008_y010752,R25-264-32,images/R25-264-32_x043008_y010752.png,context/R25-264-32_x043008_y010752.jpg,253.6,760.8,341 341 341 341,
167,R25-264-33_x015872_y017920,R25-264-33,images/R25-264-33_x015872_y017920.png,context/R25-264-33_x015872_y017920.jpg,253.6,760.8,341 341 341 341,
168,R25-264-34_x038912_y018432,R25-264-34,images/R25-264-34_x038912_y018432.png,context/R25-264-34_x038912_y018432.jpg,253.6,760.8,341 341 341 341,
169,R26-122-36_HE_95_x004096_y013824,R26-122-36_HE_95,images/R26-122-36_HE_95_x004096_y013824.png,context/R26-122-36_HE_95_x004096_y013824.jpg,253.6,760.8,341 341 341 341,
170,R25-264-31_x023552_y010240,R25-264-31,images/R25-264-31_x023552_y010240.png,context/R25-264-31_x023552_y010240.jpg,253.6,760.8,341 341 341 341,
171,R26-122-29_HE_82_x024064_y016896,R26-122-29_HE_82,images/R26-122-29_HE_82_x024064_y016896.png,context/R26-122-29_HE_82_x024064_y016896.jpg,253.6,760.8,341 341 341 341,
172,R26-122-36_HE_95_x025600_y013824,R26-122-36_HE_95,images/R26-122-36_HE_95_x025600_y013824.png,context/R26-122-36_HE_95_x025600_y013824.jpg,253.6,760.8,341 341 341 341,
173,R26-122-10_HE_79_x009728_y008704,R26-122-10_HE_79,images/R26-122-10_HE_79_x009728_y008704.png,context/R26-122-10_HE_79_x009728_y008704.jpg,253.6,760.8,341 341 341 341,
174,R25-264-31_x005120_y019968,R25-264-31,images/R25-264-31_x005120_y019968.png,context/R25-264-31_x005120_y019968.jpg,253.6,760.8,341 341 341 341,
175,R25-264-11_x020992_y010240,R25-264-11,images/R25-264-11_x020992_y010240.png,context/R25-264-11_x020992_y010240.jpg,253.6,760.8,341 341 341 341,
176,R25-264-34_x017408_y009728,R25-264-34,images/R25-264-34_x017408_y009728.png,context/R25-264-34_x017408_y009728.jpg,253.6,760.8,341 341 341 341,
177,R25-264-35_x023552_y025088,R25-264-35,images/R25-264-35_x023552_y025088.png,context/R25-264-35_x023552_y025088.jpg,253.6,760.8,341 341 341 341,
178,R25-264-30_x038400_y019968,R25-264-30,images/R25-264-30_x038400_y019968.png,context/R25-264-30_x038400_y019968.jpg,253.6,760.8,341 341 341 341,
179,R25-264-35_x016384_y026112,R25-264-35,images/R25-264-35_x016384_y026112.png,context/R25-264-35_x016384_y026112.jpg,253.6,760.8,341 341 341 341,
180,R25-264-32_x045056_y018944,R25-264-32,images/R25-264-32_x045056_y018944.png,context/R25-264-32_x045056_y018944.jpg,253.6,760.8,341 341 341 341,
181,R25-264-12_x011776_y022016,R25-264-12,images/R25-264-12_x011776_y022016.png,context/R25-264-12_x011776_y022016.jpg,253.6,760.8,341 341 341 341,
182,R26-122-17_HE_101_x008704_y016896,R26-122-17_HE_101,images/R26-122-17_HE_101_x008704_y016896.png,context/R26-122-17_HE_101_x008704_y016896.jpg,253.6,760.8,341 341 341 341,
183,R25-264-10_x033280_y011776,R25-264-10,images/R25-264-10_x033280_y011776.png,context/R25-264-10_x033280_y011776.jpg,253.6,760.8,341 341 341 341,
184,R25-264-33_x009216_y017920,R25-264-33,images/R25-264-33_x009216_y017920.png,context/R25-264-33_x009216_y017920.jpg,253.6,760.8,341 341 341 341,
185,R25-264-32_x020480_y019456,R25-264-32,images/R25-264-32_x020480_y019456.png,context/R25-264-32_x020480_y019456.jpg,253.6,760.8,341 341 341 341,
186,R25-264-36_x026112_y011776,R25-264-36,images/R25-264-36_x026112_y011776.png,context/R25-264-36_x026112_y011776.jpg,253.6,760.8,341 341 341 341,
187,R26-122-6_HE_75_x017408_y018432,R26-122-6_HE_75,images/R26-122-6_HE_75_x017408_y018432.png,context/R26-122-6_HE_75_x017408_y018432.jpg,253.6,760.8,341 341 341 341,
188,R25-264-12_x043008_y010752,R25-264-12,images/R25-264-12_x043008_y010752.png,context/R25-264-12_x043008_y010752.jpg,253.6,760.8,341 341 341 341,
189,R25-264-30_x017408_y019968,R25-264-30,images/R25-264-30_x017408_y019968.png,context/R25-264-30_x017408_y019968.jpg,253.6,760.8,341 341 341 341,
190,R25-264-34_x031744_y010752,R25-264-34,images/R25-264-34_x031744_y010752.png,context/R25-264-34_x031744_y010752.jpg,253.6,760.8,341 341 341 341,
191,R26-122-34_HE_93_x018432_y012288,R26-122-34_HE_93,images/R26-122-34_HE_93_x018432_y012288.png,context/R26-122-34_HE_93_x018432_y012288.jpg,253.6,760.8,341 341 341 341,
192,R25-264-13_x029696_y011264,R25-264-13,images/R25-264-13_x029696_y011264.png,context/R25-264-13_x029696_y011264.jpg,253.6,760.8,341 341 341 341,
193,R25-264-34_x022016_y009728,R25-264-34,images/R25-264-34_x022016_y009728.png,context/R25-264-34_x022016_y009728.jpg,253.6,760.8,341 341 341 341,
194,R25-264-34_x006144_y012288,R25-264-34,images/R25-264-34_x006144_y012288.png,context/R25-264-34_x006144_y012288.jpg,253.6,760.8,341 341 341 341,
195,R25-264-37_x008704_y020480,R25-264-37,images/R25-264-37_x008704_y020480.png,context/R25-264-37_x008704_y020480.jpg,253.6,760.8,341 341 341 341,
196,R25-264-13_x015872_y023040,R25-264-13,images/R25-264-13_x015872_y023040.png,context/R25-264-13_x015872_y023040.jpg,253.6,760.8,341 341 341 341,
197,R25-264-13_x045056_y018944,R25-264-13,images/R25-264-13_x045056_y018944.png,context/R25-264-13_x045056_y018944.jpg,253.6,760.8,341 341 341 341,
198,R25-264-11_x008704_y011776,R25-264-11,images/R25-264-11_x008704_y011776.png,context/R25-264-11_x008704_y011776.jpg,253.6,760.8,341 341 341 341,
199,R25-264-37_x031744_y008704,R25-264-37,images/R25-264-37_x031744_y008704.png,context/R25-264-37_x031744_y008704.jpg,253.6,760.8,341 341 341 341,
200,R25-264-10_x014336_y006656,R25-264-10,images/R25-264-10_x014336_y006656.png,context/R25-264-10_x014336_y006656.jpg,253.6,760.8,341 341 341 341,
201,R25-264-11_x027136_y011264,R25-264-11,images/R25-264-11_x027136_y011264.png,context/R25-264-11_x027136_y011264.jpg,253.6,760.8,341 341 341 341,
202,R25-264-10_x031744_y006656,R25-264-10,images/R25-264-10_x031744_y006656.png,context/R25-264-10_x031744_y006656.jpg,253.6,760.8,341 341 341 341,
203,R25-264-36_x033280_y020992,R25-264-36,images/R25-264-36_x033280_y020992.png,context/R25-264-36_x033280_y020992.jpg,253.6,760.8,341 341 341 341,
204,R25-264-32_x036864_y022016,R25-264-32,images/R25-264-32_x036864_y022016.png,context/R25-264-32_x036864_y022016.jpg,253.6,760.8,341 341 341 341,
205,R25-264-37_x009728_y020992,R25-264-37,images/R25-264-37_x009728_y020992.png,context/R25-264-37_x009728_y020992.jpg,253.6,760.8,341 341 341 341,
206,R25-264-30_x037376_y026112,R25-264-30,images/R25-264-30_x037376_y026112.png,context/R25-264-30_x037376_y026112.jpg,253.6,760.8,341 341 341 341,
207,R26-122-22_HE_106_x015360_y010752,R26-122-22_HE_106,images/R26-122-22_HE_106_x015360_y010752.png,context/R26-122-22_HE_106_x015360_y010752.jpg,253.6,760.8,341 341 341 341,
208,R25-264-13_x029184_y023040,R25-264-13,images/R25-264-13_x029184_y023040.png,context/R25-264-13_x029184_y023040.jpg,253.6,760.8,341 341 341 341,
209,R25-264-37_x023040_y020480,R25-264-37,images/R25-264-37_x023040_y020480.png,context/R25-264-37_x023040_y020480.jpg,253.6,760.8,341 341 341 341,
210,R25-264-33_x011776_y015360,R25-264-33,images/R25-264-33_x011776_y015360.png,context/R25-264-33_x011776_y015360.jpg,253.6,760.8,341 341 341 341,
211,R25-264-1_x011264_y021504,R25-264-1,images/R25-264-1_x011264_y021504.png,context/R25-264-1_x011264_y021504.jpg,253.6,760.8,341 341 341 341,
212,R25-264-3_x018432_y027648,R25-264-3,images/R25-264-3_x018432_y027648.png,context/R25-264-3_x018432_y027648.jpg,253.6,760.8,341 341 341 341,
213,R25-264-32_x033280_y022016,R25-264-32,images/R25-264-32_x033280_y022016.png,context/R25-264-32_x033280_y022016.jpg,253.6,760.8,341 341 341 341,
214,R26-122-31_HE_98_x020992_y009728,R26-122-31_HE_98,images/R26-122-31_HE_98_x020992_y009728.png,context/R26-122-31_HE_98_x020992_y009728.jpg,253.6,760.8,341 341 341 341,
215,R25-264-33_x024064_y014848,R25-264-33,images/R25-264-33_x024064_y014848.png,context/R25-264-33_x024064_y014848.jpg,253.6,760.8,341 341 341 341,
216,R25-264-1_x009728_y024064,R25-264-1,images/R25-264-1_x009728_y024064.png,context/R25-264-1_x009728_y024064.jpg,253.6,760.8,341 341 341 341,
217,R25-264-3_x015360_y014336,R25-264-3,images/R25-264-3_x015360_y014336.png,context/R25-264-3_x015360_y014336.jpg,253.6,760.8,341 341 341 341,
218,R25-264-30_x017920_y026112,R25-264-30,images/R25-264-30_x017920_y026112.png,context/R25-264-30_x017920_y026112.jpg,253.6,760.8,341 341 341 341,
219,R26-122-29_HE_82_x009728_y011264,R26-122-29_HE_82,images/R26-122-29_HE_82_x009728_y011264.png,context/R26-122-29_HE_82_x009728_y011264.jpg,253.6,760.8,341 341 341 341,
220,R25-264-13_x020992_y018432,R25-264-13,images/R25-264-13_x020992_y018432.png,context/R25-264-13_x020992_y018432.jpg,253.6,760.8,341 341 341 341,
221,R25-264-10_x012288_y022528,R25-264-10,images/R25-264-10_x012288_y022528.png,context/R25-264-10_x012288_y022528.jpg,253.6,760.8,341 341 341 341,
222,R25-264-3_x034816_y014336,R25-264-3,images/R25-264-3_x034816_y014336.png,context/R25-264-3_x034816_y014336.jpg,253.6,760.8,341 341 341 341,
223,R25-264-12_x033280_y010752,R25-264-12,images/R25-264-12_x033280_y010752.png,context/R25-264-12_x033280_y010752.jpg,253.6,760.8,341 341 341 341,
224,R26-122-36_HE_95_x026112_y011264,R26-122-36_HE_95,images/R26-122-36_HE_95_x026112_y011264.png,context/R26-122-36_HE_95_x026112_y011264.jpg,253.6,760.8,341 341 341 341,
225,R26-122-29_HE_82_x007168_y017408,R26-122-29_HE_82,images/R26-122-29_HE_82_x007168_y017408.png,context/R26-122-29_HE_82_x007168_y017408.jpg,253.6,760.8,341 341 341 341,
226,R25-264-35_x037888_y015360,R25-264-35,images/R25-264-35_x037888_y015360.png,context/R25-264-35_x037888_y015360.jpg,253.6,760.8,341 341 341 341,
227,R25-264-3_x025600_y014336,R25-264-3,images/R25-264-3_x025600_y014336.png,context/R25-264-3_x025600_y014336.jpg,253.6,760.8,341 341 341 341,
228,R25-264-13_x017408_y011264,R25-264-13,images/R25-264-13_x017408_y011264.png,context/R25-264-13_x017408_y011264.jpg,253.6,760.8,341 341 341 341,
229,R25-264-11_x033792_y026112,R25-264-11,images/R25-264-11_x033792_y026112.png,context/R25-264-11_x033792_y026112.jpg,253.6,760.8,341 341 341 341,
230,R25-264-37_x033792_y010240,R25-264-37,images/R25-264-37_x033792_y010240.png,context/R25-264-37_x033792_y010240.jpg,253.6,760.8,341 341 341 341,
231,R25-264-3_x019968_y007680,R25-264-3,images/R25-264-3_x019968_y007680.png,context/R25-264-3_x019968_y007680.jpg,253.6,760.8,341 341 341 341,
232,R26-122-12_HE_81_x019968_y008704,R26-122-12_HE_81,images/R26-122-12_HE_81_x019968_y008704.png,context/R26-122-12_HE_81_x019968_y008704.jpg,253.6,760.8,341 341 341 341,
233,R26-122-1_HE_70_x027648_y012288,R26-122-1_HE_70,images/R26-122-1_HE_70_x027648_y012288.png,context/R26-122-1_HE_70_x027648_y012288.jpg,253.6,760.8,341 341 341 341,
234,R25-264-12_x025600_y010752,R25-264-12,images/R25-264-12_x025600_y010752.png,context/R25-264-12_x025600_y010752.jpg,253.6,760.8,341 341 341 341,
235,R25-264-35_x025600_y025088,R25-264-35,images/R25-264-35_x025600_y025088.png,context/R25-264-35_x025600_y025088.jpg,253.6,760.8,341 341 341 341,
236,R25-264-3_x028160_y027648,R25-264-3,images/R25-264-3_x028160_y027648.png,context/R25-264-3_x028160_y027648.jpg,253.6,760.8,341 341 341 341,
237,R25-264-31_x031744_y016896,R25-264-31,images/R25-264-31_x031744_y016896.png,context/R25-264-31_x031744_y016896.jpg,253.6,760.8,341 341 341 341,
238,R25-264-34_x032768_y011776,R25-264-34,images/R25-264-34_x032768_y011776.png,context/R25-264-34_x032768_y011776.jpg,253.6,760.8,341 341 341 341,
239,R25-264-13_x019456_y023040,R25-264-13,images/R25-264-13_x019456_y023040.png,context/R25-264-13_x019456_y023040.jpg,253.6,760.8,341 341 341 341,
240,R25-264-37_x033792_y009216,R25-264-37,images/R25-264-37_x033792_y009216.png,context/R25-264-37_x033792_y009216.jpg,253.6,760.8,341 341 341 341,
241,R25-264-30_x045056_y019456,R25-264-30,images/R25-264-30_x045056_y019456.png,context/R25-264-30_x045056_y019456.jpg,253.6,760.8,341 341 341 341,
242,R25-264-30_x026624_y026624__r2,R25-264-30,images/R25-264-30_x026624_y026624.png,context/R25-264-30_x026624_y026624.jpg,253.6,760.8,341 341 341 341,R25-264-30_x026624_y026624
243,R25-264-1_x026624_y022016,R25-264-1,images/R25-264-1_x026624_y022016.png,context/R25-264-1_x026624_y022016.jpg,253.6,760.8,341 341 341 341,
244,R25-264-31_x013312_y016384,R25-264-31,images/R25-264-31_x013312_y016384.png,context/R25-264-31_x013312_y016384.jpg,253.6,760.8,341 341 341 341,
245,R25-264-10_x029184_y006656,R25-264-10,images/R25-264-10_x029184_y006656.png,context/R25-264-10_x029184_y006656.jpg,253.6,760.8,341 341 341 341,
246,R25-264-1_x023552_y020480,R25-264-1,images/R25-264-1_x023552_y020480.png,context/R25-264-1_x023552_y020480.jpg,253.6,760.8,341 341 341 341,
247,R25-264-36_x017920_y007680,R25-264-36,images/R25-264-36_x017920_y007680.png,context/R25-264-36_x017920_y007680.jpg,253.6,760.8,341 341 341 341,
248,R25-264-1_x012800_y020992,R25-264-1,images/R25-264-1_x012800_y020992.png,context/R25-264-1_x012800_y020992.jpg,253.6,760.8,341 341 341 341,
249,R25-264-32_x037376_y010752,R25-264-32,images/R25-264-32_x037376_y010752.png,context/R25-264-32_x037376_y010752.jpg,253.6,760.8,341 341 341 341,
250,R25-264-13_x044544_y011264,R25-264-13,images/R25-264-13_x044544_y011264.png,context/R25-264-13_x044544_y011264.jpg,253.6,760.8,341 341 341 341,
251,R25-264-36_x011776_y007168,R25-264-36,images/R25-264-36_x011776_y007168.png,context/R25-264-36_x011776_y007168.jpg,253.6,760.8,341 341 341 341,
252,R25-264-31_x020480_y009728,R25-264-31,images/R25-264-31_x020480_y009728.png,context/R25-264-31_x020480_y009728.jpg,253.6,760.8,341 341 341 341,
253,R26-122-2_HE_71_x007168_y010240,R26-122-2_HE_71,images/R26-122-2_HE_71_x007168_y010240.png,context/R26-122-2_HE_71_x007168_y010240.jpg,253.6,760.8,341 341 341 341,
254,R25-264-13_x028160_y018432,R25-264-13,images/R25-264-13_x028160_y018432.png,context/R25-264-13_x028160_y018432.jpg,253.6,760.8,341 341 341 341,
255,R25-264-3_x036352_y027648,R25-264-3,images/R25-264-3_x036352_y027648.png,context/R25-264-3_x036352_y027648.jpg,253.6,760.8,341 341 341 341,
256,R25-264-35_x019456_y026112,R25-264-35,images/R25-264-35_x019456_y026112.png,context/R25-264-35_x019456_y026112.jpg,253.6,760.8,341 341 341 341,
257,R25-264-10_x025600_y011776,R25-264-10,images/R25-264-10_x025600_y011776.png,context/R25-264-10_x025600_y011776.jpg,253.6,760.8,341 341 341 341,
258,R25-264-10_x010240_y022016,R25-264-10,images/R25-264-10_x010240_y022016.png,context/R25-264-10_x010240_y022016.jpg,253.6,760.8,341 341 341 341,
259,R25-264-33_x027648_y017408,R25-264-33,images/R25-264-33_x027648_y017408.png,context/R25-264-33_x027648_y017408.jpg,253.6,760.8,341 341 341 341,
260,R26-122-12_HE_81_x012288_y016896,R26-122-12_HE_81,images/R26-122-12_HE_81_x012288_y016896.png,context/R26-122-12_HE_81_x012288_y016896.jpg,253.6,760.8,341 341 341 341,
261,R25-264-36_x016896_y021504,R25-264-36,images/R25-264-36_x016896_y021504.png,context/R25-264-36_x016896_y021504.jpg,253.6,760.8,341 341 341 341,
262,R25-264-37_x031744_y009728,R25-264-37,images/R25-264-37_x031744_y009728.png,context/R25-264-37_x031744_y009728.jpg,253.6,760.8,341 341 341 341,
263,R25-264-30_x044544_y013824,R25-264-30,images/R25-264-30_x044544_y013824.png,context/R25-264-30_x044544_y013824.jpg,253.6,760.8,341 341 341 341,
264,R25-264-36_x016384_y012288,R25-264-36,images/R25-264-36_x016384_y012288.png,context/R25-264-36_x016384_y012288.jpg,253.6,760.8,341 341 341 341,
265,R25-264-30_x025088_y019968,R25-264-30,images/R25-264-30_x025088_y019968.png,context/R25-264-30_x025088_y019968.jpg,253.6,760.8,341 341 341 341,
266,R25-264-31_x024576_y015360,R25-264-31,images/R25-264-31_x024576_y015360.png,context/R25-264-31_x024576_y015360.jpg,253.6,760.8,341 341 341 341,
267,R25-264-12_x034304_y015360,R25-264-12,images/R25-264-12_x034304_y015360.png,context/R25-264-12_x034304_y015360.jpg,253.6,760.8,341 341 341 341,
268,R25-264-32_x026112_y010752,R25-264-32,images/R25-264-32_x026112_y010752.png,context/R25-264-32_x026112_y010752.jpg,253.6,760.8,341 341 341 341,
269,R26-122-38_HE_97_x018432_y010752,R26-122-38_HE_97,images/R26-122-38_HE_97_x018432_y010752.png,context/R26-122-38_HE_97_x018432_y010752.jpg,253.6,760.8,341 341 341 341,
270,R26-122-19_HE_103_x011776_y012800,R26-122-19_HE_103,images/R26-122-19_HE_103_x011776_y012800.png,context/R26-122-19_HE_103_x011776_y012800.jpg,253.6,760.8,341 341 341 341,
271,R25-264-31_x017920_y019456,R25-264-31,images/R25-264-31_x017920_y019456.png,context/R25-264-31_x017920_y019456.jpg,253.6,760.8,341 341 341 341,
272,R25-264-11_x025088_y012288,R25-264-11,images/R25-264-11_x025088_y012288.png,context/R25-264-11_x025088_y012288.jpg,253.6,760.8,341 341 341 341,
273,R25-264-35_x024576_y019968,R25-264-35,images/R25-264-35_x024576_y019968.png,context/R25-264-35_x024576_y019968.jpg,253.6,760.8,341 341 341 341,
274,R25-264-35_x024576_y025088,R25-264-35,images/R25-264-35_x024576_y025088.png,context/R25-264-35_x024576_y025088.jpg,253.6,760.8,341 341 341 341,
275,R25-264-13_x044032_y018944,R25-264-13,images/R25-264-13_x044032_y018944.png,context/R25-264-13_x044032_y018944.jpg,253.6,760.8,341 341 341 341,
276,R25-264-30_x033280_y019968,R25-264-30,images/R25-264-30_x033280_y019968.png,context/R25-264-30_x033280_y019968.jpg,253.6,760.8,341 341 341 341,
277,R26-122-31_HE_98_x011264_y018944,R26-122-31_HE_98,images/R26-122-31_HE_98_x011264_y018944.png,context/R26-122-31_HE_98_x011264_y018944.jpg,253.6,760.8,341 341 341 341,
278,R25-264-34_x028160_y010752,R25-264-34,images/R25-264-34_x028160_y010752.png,context/R25-264-34_x028160_y010752.jpg,253.6,760.8,341 341 341 341,
279,R25-264-35_x016896_y009216,R25-264-35,images/R25-264-35_x016896_y009216.png,context/R25-264-35_x016896_y009216.jpg,253.6,760.8,341 341 341 341,
280,R25-264-37_x022528_y010240,R25-264-37,images/R25-264-37_x022528_y010240.png,context/R25-264-37_x022528_y010240.jpg,253.6,760.8,341 341 341 341,
281,R26-122-1_HE_70_x020480_y004608,R26-122-1_HE_70,images/R26-122-1_HE_70_x020480_y004608.png,context/R26-122-1_HE_70_x020480_y004608.jpg,253.6,760.8,341 341 341 341,
282,R25-264-36_x032768_y016384,R25-264-36,images/R25-264-36_x032768_y016384.png,context/R25-264-36_x032768_y016384.jpg,253.6,760.8,341 341 341 341,
283,R25-264-10_x018944_y022016,R25-264-10,images/R25-264-10_x018944_y022016.png,context/R25-264-10_x018944_y022016.jpg,253.6,760.8,341 341 341 341,
284,R25-264-30_x035840_y014336__r2,R25-264-30,images/R25-264-30_x035840_y014336.png,context/R25-264-30_x035840_y014336.jpg,253.6,760.8,341 341 341 341,R25-264-30_x035840_y014336
285,R25-264-35_x022016_y009728,R25-264-35,images/R25-264-35_x022016_y009728.png,context/R25-264-35_x022016_y009728.jpg,253.6,760.8,341 341 341 341,
286,R25-264-13_x007168_y011776,R25-264-13,images/R25-264-13_x007168_y011776.png,context/R25-264-13_x007168_y011776.jpg,253.6,760.8,341 341 341 341,
287,R25-264-10_x015872_y006144,R25-264-10,images/R25-264-10_x015872_y006144.png,context/R25-264-10_x015872_y006144.jpg,253.6,760.8,341 341 341 341,
288,R26-122-29_HE_82_x026112_y016896,R26-122-29_HE_82,images/R26-122-29_HE_82_x026112_y016896.png,context/R26-122-29_HE_82_x026112_y016896.jpg,253.6,760.8,341 341 341 341,
289,R25-264-10_x010752_y007168,R25-264-10,images/R25-264-10_x010752_y007168.png,context/R25-264-10_x010752_y007168.jpg,253.6,760.8,341 341 341 341,
290,R25-264-34_x038400_y011264,R25-264-34,images/R25-264-34_x038400_y011264.png,context/R25-264-34_x038400_y011264.jpg,253.6,760.8,341 341 341 341,
291,R25-264-33_x018944_y018944,R25-264-33,images/R25-264-33_x018944_y018944.png,context/R25-264-33_x018944_y018944.jpg,253.6,760.8,341 341 341 341,
292,R25-264-36_x005120_y016896,R25-264-36,images/R25-264-36_x005120_y016896.png,context/R25-264-36_x005120_y016896.jpg,253.6,760.8,341 341 341 341,
293,R25-264-36_x034304_y020480,R25-264-36,images/R25-264-36_x034304_y020480.png,context/R25-264-36_x034304_y020480.jpg,253.6,760.8,341 341 341 341,
294,R25-264-11_x007168_y012800,R25-264-11,images/R25-264-11_x007168_y012800.png,context/R25-264-11_x007168_y012800.jpg,253.6,760.8,341 341 341 341,
295,R25-264-3_x026624_y027648,R25-264-3,images/R25-264-3_x026624_y027648.png,context/R25-264-3_x026624_y027648.jpg,253.6,760.8,341 341 341 341,
296,R25-264-35_x017920_y019968,R25-264-35,images/R25-264-35_x017920_y019968.png,context/R25-264-35_x017920_y019968.jpg,253.6,760.8,341 341 341 341,
297,R25-264-12_x037376_y010752,R25-264-12,images/R25-264-12_x037376_y010752.png,context/R25-264-12_x037376_y010752.jpg,253.6,760.8,341 341 341 341,
298,R25-264-10_x018432_y011776,R25-264-10,images/R25-264-10_x018432_y011776.png,context/R25-264-10_x018432_y011776.jpg,253.6,760.8,341 341 341 341,
299,R25-264-11_x036352_y010752,R25-264-11,images/R25-264-11_x036352_y010752.png,context/R25-264-11_x036352_y010752.jpg,253.6,760.8,341 341 341 341,
300,R25-264-37_x032256_y019968,R25-264-37,images/R25-264-37_x032256_y019968.png,context/R25-264-37_x032256_y019968.jpg,253.6,760.8,341 341 341 341,
301,R25-264-34_x030720_y010752,R25-264-34,images/R25-264-34_x030720_y010752.png,context/R25-264-34_x030720_y010752.jpg,253.6,760.8,341 341 341 341,
302,R25-264-31_x015360_y009728,R25-264-31,images/R25-264-31_x015360_y009728.png,context/R25-264-31_x015360_y009728.jpg,253.6,760.8,341 341 341 341,
303,R25-264-3_x013824_y007168,R25-264-3,images/R25-264-3_x013824_y007168.png,context/R25-264-3_x013824_y007168.jpg,253.6,760.8,341 341 341 341,
304,R26-122-34_HE_93_x024064_y012800,R26-122-34_HE_93,images/R26-122-34_HE_93_x024064_y012800.png,context/R26-122-34_HE_93_x024064_y012800.jpg,253.6,760.8,341 341 341 341,
305,R25-264-10_x009216_y016384,R25-264-10,images/R25-264-10_x009216_y016384.png,context/R25-264-10_x009216_y016384.jpg,253.6,760.8,341 341 341 341,
306,R25-264-10_x016384_y022016,R25-264-10,images/R25-264-10_x016384_y022016.png,context/R25-264-10_x016384_y022016.jpg,253.6,760.8,341 341 341 341,
307,R25-264-32_x013312_y022528,R25-264-32,images/R25-264-32_x013312_y022528.png,context/R25-264-32_x013312_y022528.jpg,253.6,760.8,341 341 341 341,
308,R25-264-33_x023552_y017920,R25-264-33,images/R25-264-33_x023552_y017920.png,context/R25-264-33_x023552_y017920.jpg,253.6,760.8,341 341 341 341,
309,R26-122-38_HE_97_x011776_y015872,R26-122-38_HE_97,images/R26-122-38_HE_97_x011776_y015872.png,context/R26-122-38_HE_97_x011776_y015872.jpg,253.6,760.8,341 341 341 341,
310,R25-264-1_x018432_y020480,R25-264-1,images/R25-264-1_x018432_y020480.png,context/R25-264-1_x018432_y020480.jpg,253.6,760.8,341 341 341 341,
311,R25-264-11_x024064_y026112,R25-264-11,images/R25-264-11_x024064_y026112.png,context/R25-264-11_x024064_y026112.jpg,253.6,760.8,341 341 341 341,
312,R25-264-37_x016896_y008192,R25-264-37,images/R25-264-37_x016896_y008192.png,context/R25-264-37_x016896_y008192.jpg,253.6,760.8,341 341 341 341,
313,R25-264-37_x011776_y010752,R25-264-37,images/R25-264-37_x011776_y010752.png,context/R25-264-37_x011776_y010752.jpg,253.6,760.8,341 341 341 341,
314,R25-264-34_x011264_y018944,R25-264-34,images/R25-264-34_x011264_y018944.png,context/R25-264-34_x011264_y018944.jpg,253.6,760.8,341 341 341 341,
315,R25-264-32_x018944_y010752,R25-264-32,images/R25-264-32_x018944_y010752.png,context/R25-264-32_x018944_y010752.jpg,253.6,760.8,341 341 341 341,
316,R25-264-36_x017920_y020992,R25-264-36,images/R25-264-36_x017920_y020992.png,context/R25-264-36_x017920_y020992.jpg,253.6,760.8,341 341 341 341,
317,R25-264-32_x022528_y019456,R25-264-32,images/R25-264-32_x022528_y019456.png,context/R25-264-32_x022528_y019456.jpg,253.6,760.8,341 341 341 341,
318,R25-264-31_x026624_y015360,R25-264-31,images/R25-264-31_x026624_y015360.png,context/R25-264-31_x026624_y015360.jpg,253.6,760.8,341 341 341 341,
319,R25-264-32_x024064_y022016,R25-264-32,images/R25-264-32_x024064_y022016.png,context/R25-264-32_x024064_y022016.jpg,253.6,760.8,341 341 341 341,
320,R25-264-12_x037376_y014848,R25-264-12,images/R25-264-12_x037376_y014848.png,context/R25-264-12_x037376_y014848.jpg,253.6,760.8,341 341 341 341,
321,R25-264-10_x015360_y021504,R25-264-10,images/R25-264-10_x015360_y021504.png,context/R25-264-10_x015360_y021504.jpg,253.6,760.8,341 341 341 341,
322,R26-122-19_HE_103_x006656_y019456,R26-122-19_HE_103,images/R26-122-19_HE_103_x006656_y019456.png,context/R26-122-19_HE_103_x006656_y019456.jpg,253.6,760.8,341 341 341 341,
323,R25-264-34_x034816_y011776,R25-264-34,images/R25-264-34_x034816_y011776.png,context/R25-264-34_x034816_y011776.jpg,253.6,760.8,341 341 341 341,
324,R25-264-31_x008192_y016896,R25-264-31,images/R25-264-31_x008192_y016896.png,context/R25-264-31_x008192_y016896.jpg,253.6,760.8,341 341 341 341,
325,R25-264-30_x013312_y008192,R25-264-30,images/R25-264-30_x013312_y008192.png,context/R25-264-30_x013312_y008192.jpg,253.6,760.8,341 341 341 341,
326,R25-264-30_x004096_y014336,R25-264-30,images/R25-264-30_x004096_y014336.png,context/R25-264-30_x004096_y014336.jpg,253.6,760.8,341 341 341 341,
327,R25-264-1_x020480_y020992,R25-264-1,images/R25-264-1_x020480_y020992.png,context/R25-264-1_x020480_y020992.jpg,253.6,760.8,341 341 341 341,
328,R26-122-15_HE_85_x009216_y009728,R26-122-15_HE_85,images/R26-122-15_HE_85_x009216_y009728.png,context/R26-122-15_HE_85_x009216_y009728.jpg,253.6,760.8,341 341 341 341,
329,R26-122-36_HE_95_x012288_y011776,R26-122-36_HE_95,images/R26-122-36_HE_95_x012288_y011776.png,context/R26-122-36_HE_95_x012288_y011776.jpg,253.6,760.8,341 341 341 341,
330,R25-264-32_x022016_y022016,R25-264-32,images/R25-264-32_x022016_y022016.png,context/R25-264-32_x022016_y022016.jpg,253.6,760.8,341 341 341 341,
331,R25-264-13_x032256_y023040,R25-264-13,images/R25-264-13_x032256_y023040.png,context/R25-264-13_x032256_y023040.jpg,253.6,760.8,341 341 341 341,
332,R25-264-33_x013312_y019968,R25-264-33,images/R25-264-33_x013312_y019968.png,context/R25-264-33_x013312_y019968.jpg,253.6,760.8,341 341 341 341,
333,R26-122-31_HE_98_x019456_y010752,R26-122-31_HE_98,images/R26-122-31_HE_98_x019456_y010752.png,context/R26-122-31_HE_98_x019456_y010752.jpg,253.6,760.8,341 341 341 341,
334,R25-264-11_x003584_y010240,R25-264-11,images/R25-264-11_x003584_y010240.png,context/R25-264-11_x003584_y010240.jpg,253.6,760.8,341 341 341 341,
335,R25-264-32_x040960_y022016,R25-264-32,images/R25-264-32_x040960_y022016.png,context/R25-264-32_x040960_y022016.jpg,253.6,760.8,341 341 341 341,
336,R25-264-31_x028672_y015360,R25-264-31,images/R25-264-31_x028672_y015360.png,context/R25-264-31_x028672_y015360.jpg,253.6,760.8,341 341 341 341,
337,R25-264-36_x035328_y016384,R25-264-36,images/R25-264-36_x035328_y016384.png,context/R25-264-36_x035328_y016384.jpg,253.6,760.8,341 341 341 341,
338,R25-264-12_x027648_y010752,R25-264-12,images/R25-264-12_x027648_y010752.png,context/R25-264-12_x027648_y010752.jpg,253.6,760.8,341 341 341 341,
339,R25-264-37_x023040_y009216,R25-264-37,images/R25-264-37_x023040_y009216.png,context/R25-264-37_x023040_y009216.jpg,253.6,760.8,341 341 341 341,
340,R25-264-33_x022016_y015360,R25-264-33,images/R25-264-33_x022016_y015360.png,context/R25-264-33_x022016_y015360.jpg,253.6,760.8,341 341 341 341,
341,R25-264-32_x005632_y019968,R25-264-32,images/R25-264-32_x005632_y019968.png,context/R25-264-32_x005632_y019968.jpg,253.6,760.8,341 341 341 341,
342,R25-264-12_x041984_y010752,R25-264-12,images/R25-264-12_x041984_y010752.png,context/R25-264-12_x041984_y010752.jpg,253.6,760.8,341 341 341 341,
343,R25-264-31_x008704_y009728,R25-264-31,images/R25-264-31_x008704_y009728.png,context/R25-264-31_x008704_y009728.jpg,253.6,760.8,341 341 341 341,
344,R26-122-31_HE_98_x018944_y011776,R26-122-31_HE_98,images/R26-122-31_HE_98_x018944_y011776.png,context/R26-122-31_HE_98_x018944_y011776.jpg,253.6,760.8,341 341 341 341,
345,R25-264-12_x017920_y011264,R25-264-12,images/R25-264-12_x017920_y011264.png,context/R25-264-12_x017920_y011264.jpg,253.6,760.8,341 341 341 341,
346,R25-264-32_x036864_y022016__r2,R25-264-32,images/R25-264-32_x036864_y022016.png,context/R25-264-32_x036864_y022016.jpg,253.6,760.8,341 341 341 341,R25-264-32_x036864_y022016
347,R25-264-32_x025600_y022528,R25-264-32,images/R25-264-32_x025600_y022528.png,context/R25-264-32_x025600_y022528.jpg,253.6,760.8,341 341 341 341,
348,R26-122-22_HE_106_x021504_y011264,R26-122-22_HE_106,images/R26-122-22_HE_106_x021504_y011264.png,context/R26-122-22_HE_106_x021504_y011264.jpg,253.6,760.8,341 341 341 341,
349,R25-264-37_x012800_y010240,R25-264-37,images/R25-264-37_x012800_y010240.png,context/R25-264-37_x012800_y010240.jpg,253.6,760.8,341 341 341 341,
350,R25-264-13_x009216_y023552,R25-264-13,images/R25-264-13_x009216_y023552.png,context/R25-264-13_x009216_y023552.jpg,253.6,760.8,341 341 341 341,
351,R25-264-30_x024576_y014336,R25-264-30,images/R25-264-30_x024576_y014336.png,context/R25-264-30_x024576_y014336.jpg,253.6,760.8,341 341 341 341,
352,R25-264-32_x031744_y010752,R25-264-32,images/R25-264-32_x031744_y010752.png,context/R25-264-32_x031744_y010752.jpg,253.6,760.8,341 341 341 341,
353,R26-122-2_HE_71_x015360_y011264,R26-122-2_HE_71,images/R26-122-2_HE_71_x015360_y011264.png,context/R26-122-2_HE_71_x015360_y011264.jpg,253.6,760.8,341 341 341 341,
354,R25-264-35_x024064_y009216,R25-264-35,images/R25-264-35_x024064_y009216.png,context/R25-264-35_x024064_y009216.jpg,253.6,760.8,341 341 341 341,
355,R25-264-37_x018944_y020992,R25-264-37,images/R25-264-37_x018944_y020992.png,context/R25-264-37_x018944_y020992.jpg,253.6,760.8,341 341 341 341,
356,R25-264-35_x022528_y019968,R25-264-35,images/R25-264-35_x022528_y019968.png,context/R25-264-35_x022528_y019968.jpg,253.6,760.8,341 341 341 341,
357,R25-264-13_x004096_y019456,R25-264-13,images/R25-264-13_x004096_y019456.png,context/R25-264-13_x004096_y019456.jpg,253.6,760.8,341 341 341 341,
358,R25-264-36_x032256_y011776,R25-264-36,images/R25-264-36_x032256_y011776.png,context/R25-264-36_x032256_y011776.jpg,253.6,760.8,341 341 341 341,
359,R25-264-31_x021504_y016896__r2,R25-264-31,images/R25-264-31_x021504_y016896.png,context/R25-264-31_x021504_y016896.jpg,253.6,760.8,341 341 341 341,R25-264-31_x021504_y016896
360,R26-122-29_HE_82_x009728_y011264__r2,R26-122-29_HE_82,images/R26-122-29_HE_82_x009728_y011264.png,context/R26-122-29_HE_82_x009728_y011264.jpg,253.6,760.8,341 341 341 341,R26-122-29_HE_82_x009728_y011264
361,R25-264-30_x027136_y008192,R25-264-30,images/R25-264-30_x027136_y008192.png,context/R25-264-30_x027136_y008192.jpg,253.6,760.8,341 341 341 341,
362,R26-122-34_HE_93_x020992_y012800,R26-122-34_HE_93,images/R26-122-34_HE_93_x020992_y012800.png,context/R26-122-34_HE_93_x020992_y012800.jpg,253.6,760.8,341 341 341 341,
363,R25-264-30_x042496_y026112,R25-264-30,images/R25-264-30_x042496_y026112.png,context/R25-264-30_x042496_y026112.jpg,253.6,760.8,341 341 341 341,
364,R25-264-1_x033280_y024064,R25-264-1,images/R25-264-1_x033280_y024064.png,context/R25-264-1_x033280_y024064.jpg,253.6,760.8,341 341 341 341,
365,R25-264-10_x020480_y006656,R25-264-10,images/R25-264-10_x020480_y006656.png,context/R25-264-10_x020480_y006656.jpg,253.6,760.8,341 341 341 341,
366,R25-264-34_x014336_y011776,R25-264-34,images/R25-264-34_x014336_y011776.png,context/R25-264-34_x014336_y011776.jpg,253.6,760.8,341 341 341 341,
367,R25-264-37_x028160_y009216,R25-264-37,images/R25-264-37_x028160_y009216.png,context/R25-264-37_x028160_y009216.jpg,253.6,760.8,341 341 341 341,
368,R25-264-36_x029184_y006656,R25-264-36,images/R25-264-36_x029184_y006656.png,context/R25-264-36_x029184_y006656.jpg,253.6,760.8,341 341 341 341,
369,R25-264-37_x016384_y020992,R25-264-37,images/R25-264-37_x016384_y020992.png,context/R25-264-37_x016384_y020992.jpg,253.6,760.8,341 341 341 341,
370,R25-264-3_x010752_y014848,R25-264-3,images/R25-264-3_x010752_y014848.png,context/R25-264-3_x010752_y014848.jpg,253.6,760.8,341 341 341 341,
371,R25-264-12_x004096_y022016,R25-264-12,images/R25-264-12_x004096_y022016.png,context/R25-264-12_x004096_y022016.jpg,253.6,760.8,341 341 341 341,
372,R25-264-12_x020480_y015360,R25-264-12,images/R25-264-12_x020480_y015360.png,context/R25-264-12_x020480_y015360.jpg,253.6,760.8,341 341 341 341,
373,R25-264-10_x022528_y016384,R25-264-10,images/R25-264-10_x022528_y016384.png,context/R25-264-10_x022528_y016384.jpg,253.6,760.8,341 341 341 341,
374,R25-264-12_x036352_y015360,R25-264-12,images/R25-264-12_x036352_y015360.png,context/R25-264-12_x036352_y015360.jpg,253.6,760.8,341 341 341 341,
375,R26-122-23_HE_91_x007680_y014848,R26-122-23_HE_91,images/R26-122-23_HE_91_x007680_y014848.png,context/R26-122-23_HE_91_x007680_y014848.jpg,253.6,760.8,341 341 341 341,
376,R25-264-33_x017920_y019456,R25-264-33,images/R25-264-33_x017920_y019456.png,context/R25-264-33_x017920_y019456.jpg,253.6,760.8,341 341 341 341,
377,R25-264-3_x017920_y007168,R25-264-3,images/R25-264-3_x017920_y007168.png,context/R25-264-3_x017920_y007168.jpg,253.6,760.8,341 341 341 341,
378,R26-122-3_HE_72_x012800_y010240,R26-122-3_HE_72,images/R26-122-3_HE_72_x012800_y010240.png,context/R26-122-3_HE_72_x012800_y010240.jpg,253.6,760.8,341 341 341 341,
379,R25-264-30_x032256_y026112,R25-264-30,images/R25-264-30_x032256_y026112.png,context/R25-264-30_x032256_y026112.jpg,253.6,760.8,341 341 341 341,
380,R25-264-35_x011264_y009728,R25-264-35,images/R25-264-35_x011264_y009728.png,context/R25-264-35_x011264_y009728.jpg,253.6,760.8,341 341 341 341,
381,R25-264-11_x006656_y011776,R25-264-11,images/R25-264-11_x006656_y011776.png,context/R25-264-11_x006656_y011776.jpg,253.6,760.8,341 341 341 341,
382,R25-264-33_x014336_y019968,R25-264-33,images/R25-264-33_x014336_y019968.png,context/R25-264-33_x014336_y019968.jpg,253.6,760.8,341 341 341 341,
383,R25-264-1_x023552_y021504,R25-264-1,images/R25-264-1_x023552_y021504.png,context/R25-264-1_x023552_y021504.jpg,253.6,760.8,341 341 341 341,
384,R25-264-32_x022528_y010752,R25-264-32,images/R25-264-32_x022528_y010752.png,context/R25-264-32_x022528_y010752.jpg,253.6,760.8,341 341 341 341,
385,R25-264-36_x008192_y016384,R25-264-36,images/R25-264-36_x008192_y016384.png,context/R25-264-36_x008192_y016384.jpg,253.6,760.8,341 341 341 341,
386,R25-264-10_x004608_y012288,R25-264-10,images/R25-264-10_x004608_y012288.png,context/R25-264-10_x004608_y012288.jpg,253.6,760.8,341 341 341 341,
387,R25-264-31_x014336_y010240,R25-264-31,images/R25-264-31_x014336_y010240.png,context/R25-264-31_x014336_y010240.jpg,253.6,760.8,341 341 341 341,
388,R25-264-12_x032768_y021504,R25-264-12,images/R25-264-12_x032768_y021504.png,context/R25-264-12_x032768_y021504.jpg,253.6,760.8,341 341 341 341,
389,R26-122-38_HE_97_x004096_y016384,R26-122-38_HE_97,images/R26-122-38_HE_97_x004096_y016384.png,context/R26-122-38_HE_97_x004096_y016384.jpg,253.6,760.8,341 341 341 341,
390,R25-264-35_x028160_y019968,R25-264-35,images/R25-264-35_x028160_y019968.png,context/R25-264-35_x028160_y019968.jpg,253.6,760.8,341 341 341 341,
391,R25-264-35_x033280_y015360,R25-264-35,images/R25-264-35_x033280_y015360.png,context/R25-264-35_x033280_y015360.jpg,253.6,760.8,341 341 341 341,
392,R25-264-13_x012288_y011776__r2,R25-264-13,images/R25-264-13_x012288_y011776.png,context/R25-264-13_x012288_y011776.jpg,253.6,760.8,341 341 341 341,R25-264-13_x012288_y011776
393,R25-264-3_x012800_y007680,R25-264-3,images/R25-264-3_x012800_y007680.png,context/R25-264-3_x012800_y007680.jpg,253.6,760.8,341 341 341 341,
394,R25-264-3_x032768_y020992,R25-264-3,images/R25-264-3_x032768_y020992.png,context/R25-264-3_x032768_y020992.jpg,253.6,760.8,341 341 341 341,
395,R25-264-10_x018944_y016384,R25-264-10,images/R25-264-10_x018944_y016384.png,context/R25-264-10_x018944_y016384.jpg,253.6,760.8,341 341 341 341,
396,R25-264-34_x008192_y011776,R25-264-34,images/R25-264-34_x008192_y011776.png,context/R25-264-34_x008192_y011776.jpg,253.6,760.8,341 341 341 341,
397,R25-264-13_x044032_y018944__r2,R25-264-13,images/R25-264-13_x044032_y018944.png,context/R25-264-13_x044032_y018944.jpg,253.6,760.8,341 341 341 341,R25-264-13_x044032_y018944
398,R25-264-34_x018432_y009728,R25-264-34,images/R25-264-34_x018432_y009728.png,context/R25-264-34_x018432_y009728.jpg,253.6,760.8,341 341 341 341,
399,R26-122-12_HE_81_x023040_y008704,R26-122-12_HE_81,images/R26-122-12_HE_81_x023040_y008704.png,context/R26-122-12_HE_81_x023040_y008704.jpg,253.6,760.8,341 341 341 341,
400,R25-264-10_x027136_y016384,R25-264-10,images/R25-264-10_x027136_y016384.png,context/R25-264-10_x027136_y016384.jpg,253.6,760.8,341 341 341 341,
401,R25-264-34_x019456_y011776,R25-264-34,images/R25-264-34_x019456_y011776.png,context/R25-264-34_x019456_y011776.jpg,253.6,760.8,341 341 341 341,
402,R26-122-36_HE_95_x010752_y011776,R26-122-36_HE_95,images/R26-122-36_HE_95_x010752_y011776.png,context/R26-122-36_HE_95_x010752_y011776.jpg,253.6,760.8,341 341 341 341,
403,R25-264-35_x013312_y019968,R25-264-35,images/R25-264-35_x013312_y019968.png,context/R25-264-35_x013312_y019968.jpg,253.6,760.8,341 341 341 341,
404,R25-264-1_x022528_y020480,R25-264-1,images/R25-264-1_x022528_y020480.png,context/R25-264-1_x022528_y020480.jpg,253.6,760.8,341 341 341 341,
405,R25-264-30_x029184_y008192,R25-264-30,images/R25-264-30_x029184_y008192.png,context/R25-264-30_x029184_y008192.jpg,253.6,760.8,341 341 341 341,
406,R25-264-31_x011264_y009728,R25-264-31,images/R25-264-31_x011264_y009728.png,context/R25-264-31_x011264_y009728.jpg,253.6,760.8,341 341 341 341,
407,R25-264-12_x015872_y022016,R25-264-12,images/R25-264-12_x015872_y022016.png,context/R25-264-12_x015872_y022016.jpg,253.6,760.8,341 341 341 341,
408,R25-264-33_x023552_y007680,R25-264-33,images/R25-264-33_x023552_y007680.png,context/R25-264-33_x023552_y007680.jpg,253.6,760.8,341 341 341 341,
409,R25-264-31_x028672_y019968,R25-264-31,images/R25-264-31_x028672_y019968.png,context/R25-264-31_x028672_y019968.jpg,253.6,760.8,341 341 341 341,
410,R25-264-30_x011264_y026624,R25-264-30,images/R25-264-30_x011264_y026624.png,context/R25-264-30_x011264_y026624.jpg,253.6,760.8,341 341 341 341,
411,R25-264-1_x022016_y021504,R25-264-1,images/R25-264-1_x022016_y021504.png,context/R25-264-1_x022016_y021504.jpg,253.6,760.8,341 341 341 341,
412,R25-264-12_x038912_y010752,R25-264-12,images/R25-264-12_x038912_y010752.png,context/R25-264-12_x038912_y010752.jpg,253.6,760.8,341 341 341 341,
413,R25-264-12_x038912_y014336,R25-264-12,images/R25-264-12_x038912_y014336.png,context/R25-264-12_x038912_y014336.jpg,253.6,760.8,341 341 341 341,
414,R26-122-36_HE_95_x022528_y014336,R26-122-36_HE_95,images/R26-122-36_HE_95_x022528_y014336.png,context/R26-122-36_HE_95_x022528_y014336.jpg,253.6,760.8,341 341 341 341,
415,R25-264-13_x024064_y011776,R25-264-13,images/R25-264-13_x024064_y011776.png,context/R25-264-13_x024064_y011776.jpg,253.6,760.8,341 341 341 341,
416,R25-264-1_x019456_y020480,R25-264-1,images/R25-264-1_x019456_y020480.png,context/R25-264-1_x019456_y020480.jpg,253.6,760.8,341 341 341 341,
417,R25-264-37_x024576_y010240,R25-264-37,images/R25-264-37_x024576_y010240.png,context/R25-264-37_x024576_y010240.jpg,253.6,760.8,341 341 341 341,
418,R25-264-12_x008192_y022016,R25-264-12,images/R25-264-12_x008192_y022016.png,context/R25-264-12_x008192_y022016.jpg,253.6,760.8,341 341 341 341,
419,R26-122-31_HE_98_x007168_y019456,R26-122-31_HE_98,images/R26-122-31_HE_98_x007168_y019456.png,context/R26-122-31_HE_98_x007168_y019456.jpg,253.6,760.8,341 341 341 341,
420,R26-122-22_HE_106_x011264_y011264,R26-122-22_HE_106,images/R26-122-22_HE_106_x011264_y011264.png,context/R26-122-22_HE_106_x011264_y011264.jpg,253.6,760.8,341 341 341 341,
421,R26-122-26_HE_107_x023040_y015872,R26-122-26_HE_107,images/R26-122-26_HE_107_x023040_y015872.png,context/R26-122-26_HE_107_x023040_y015872.jpg,253.6,760.8,341 341 341 341,
422,R26-122-2_HE_71_x015360_y013312,R26-122-2_HE_71,images/R26-122-2_HE_71_x015360_y013312.png,context/R26-122-2_HE_71_x015360_y013312.jpg,253.6,760.8,341 341 341 341,
423,R25-264-13_x008704_y011776,R25-264-13,images/R25-264-13_x008704_y011776.png,context/R25-264-13_x008704_y011776.jpg,253.6,760.8,341 341 341 341,
424,R26-122-2_HE_71_x009728_y009728,R26-122-2_HE_71,images/R26-122-2_HE_71_x009728_y009728.png,context/R26-122-2_HE_71_x009728_y009728.jpg,253.6,760.8,341 341 341 341,
425,R25-264-33_x019456_y019968,R25-264-33,images/R25-264-33_x019456_y019968.png,context/R25-264-33_x019456_y019968.jpg,253.6,760.8,341 341 341 341,
426,R26-122-22_HE_106_x014336_y011264,R26-122-22_HE_106,images/R26-122-22_HE_106_x014336_y011264.png,context/R26-122-22_HE_106_x014336_y011264.jpg,253.6,760.8,341 341 341 341,
427,R25-264-35_x008704_y025600,R25-264-35,images/R25-264-35_x008704_y025600.png,context/R25-264-35_x008704_y025600.jpg,253.6,760.8,341 341 341 341,
428,R25-264-37_x018944_y010240,R25-264-37,images/R25-264-37_x018944_y010240.png,context/R25-264-37_x018944_y010240.jpg,253.6,760.8,341 341 341 341,
429,R25-264-32_x008704_y011264,R25-264-32,images/R25-264-32_x008704_y011264.png,context/R25-264-32_x008704_y011264.jpg,253.6,760.8,341 341 341 341,
430,R25-264-30_x016896_y008192,R25-264-30,images/R25-264-30_x016896_y008192.png,context/R25-264-30_x016896_y008192.jpg,253.6,760.8,341 341 341 341,
431,R26-122-22_HE_106_x020992_y018432,R26-122-22_HE_106,images/R26-122-22_HE_106_x020992_y018432.png,context/R26-122-22_HE_106_x020992_y018432.jpg,253.6,760.8,341 341 341 341,
432,R25-264-13_x017920_y023552,R25-264-13,images/R25-264-13_x017920_y023552.png,context/R25-264-13_x017920_y023552.jpg,253.6,760.8,341 341 341 341,
433,R26-122-17_HE_101_x017920_y019968__r2,R26-122-17_HE_101,images/R26-122-17_HE_101_x017920_y019968.png,context/R26-122-17_HE_101_x017920_y019968.jpg,253.6,760.8,341 341 341 341,R26-122-17_HE_101_x017920_y019968
434,R25-264-12_x036352_y014336,R25-264-12,images/R25-264-12_x036352_y014336.png,context/R25-264-12_x036352_y014336.jpg,253.6,760.8,341 341 341 341,
435,R25-264-33_x009216_y015872,R25-264-33,images/R25-264-33_x009216_y015872.png,context/R25-264-33_x009216_y015872.jpg,253.6,760.8,341 341 341 341,
436,R25-264-35_x012800_y008704,R25-264-35,images/R25-264-35_x012800_y008704.png,context/R25-264-35_x012800_y008704.jpg,253.6,760.8,341 341 341 341,
437,R25-264-37_x029696_y007680,R25-264-37,images/R25-264-37_x029696_y007680.png,context/R25-264-37_x029696_y007680.jpg,253.6,760.8,341 341 341 341,
438,R26-122-9_HE_78_x006144_y012800,R26-122-9_HE_78,images/R26-122-9_HE_78_x006144_y012800.png,context/R26-122-9_HE_78_x006144_y012800.jpg,253.6,760.8,341 341 341 341,
439,R25-264-37_x006144_y020480,R25-264-37,images/R25-264-37_x006144_y020480.png,context/R25-264-37_x006144_y020480.jpg,253.6,760.8,341 341 341 341,
440,R26-122-36_HE_95_x023552_y012288,R26-122-36_HE_95,images/R26-122-36_HE_95_x023552_y012288.png,context/R26-122-36_HE_95_x023552_y012288.jpg,253.6,760.8,341 341 341 341,
441,R25-264-35_x026624_y019456,R25-264-35,images/R25-264-35_x026624_y019456.png,context/R25-264-35_x026624_y019456.jpg,253.6,760.8,341 341 341 341,
442,R25-264-33_x025600_y017408,R25-264-33,images/R25-264-33_x025600_y017408.png,context/R25-264-33_x025600_y017408.jpg,253.6,760.8,341 341 341 341,
443,R25-264-33_x028160_y007168,R25-264-33,images/R25-264-33_x028160_y007168.png,context/R25-264-33_x028160_y007168.jpg,253.6,760.8,341 341 341 341,
444,R25-264-34_x032768_y010752,R25-264-34,images/R25-264-34_x032768_y010752.png,context/R25-264-34_x032768_y010752.jpg,253.6,760.8,341 341 341 341,
445,R26-122-10_HE_79_x020992_y010752,R26-122-10_HE_79,images/R26-122-10_HE_79_x020992_y010752.png,context/R26-122-10_HE_79_x020992_y010752.jpg,253.6,760.8,341 341 341 341,
446,R25-264-35_x038912_y015360,R25-264-35,images/R25-264-35_x038912_y015360.png,context/R25-264-35_x038912_y015360.jpg,253.6,760.8,341 341 341 341,
447,R25-264-35_x025088_y008704,R25-264-35,images/R25-264-35_x025088_y008704.png,context/R25-264-35_x025088_y008704.jpg,253.6,760.8,341 341 341 341,
448,R26-122-10_HE_79_x026624_y009216,R26-122-10_HE_79,images/R26-122-10_HE_79_x026624_y009216.png,context/R26-122-10_HE_79_x026624_y009216.jpg,253.6,760.8,341 341 341 341,
449,R25-264-13_x032256_y018944,R25-264-13,images/R25-264-13_x032256_y018944.png,context/R25-264-13_x032256_y018944.jpg,253.6,760.8,341 341 341 341,
450,R25-264-34_x012800_y011776,R25-264-34,images/R25-264-34_x012800_y011776.png,context/R25-264-34_x012800_y011776.jpg,253.6,760.8,341 341 341 341,
451,R25-264-12_x022016_y014336,R25-264-12,images/R25-264-12_x022016_y014336.png,context/R25-264-12_x022016_y014336.jpg,253.6,760.8,341 341 341 341,
452,R25-264-30_x033280_y019968__r2,R25-264-30,images/R25-264-30_x033280_y019968.png,context/R25-264-30_x033280_y019968.jpg,253.6,760.8,341 341 341 341,R25-264-30_x033280_y019968
453,R25-264-32_x038912_y019456,R25-264-32,images/R25-264-32_x038912_y019456.png,context/R25-264-32_x038912_y019456.jpg,253.6,760.8,341 341 341 341,
454,R25-264-13_x048128_y018432,R25-264-13,images/R25-264-13_x048128_y018432.png,context/R25-264-13_x048128_y018432.jpg,253.6,760.8,341 341 341 341,
455,R25-264-3_x011776_y007168,R25-264-3,images/R25-264-3_x011776_y007168.png,context/R25-264-3_x011776_y007168.jpg,253.6,760.8,341 341 341 341,
456,R25-264-37_x027136_y007680,R25-264-37,images/R25-264-37_x027136_y007680.png,context/R25-264-37_x027136_y007680.jpg,253.6,760.8,341 341 341 341,
457,R25-264-36_x015360_y021504,R25-264-36,images/R25-264-36_x015360_y021504.png,context/R25-264-36_x015360_y021504.jpg,253.6,760.8,341 341 341 341,
458,R26-122-22_HE_106_x023040_y018432,R26-122-22_HE_106,images/R26-122-22_HE_106_x023040_y018432.png,context/R26-122-22_HE_106_x023040_y018432.jpg,253.6,760.8,341 341 341 341,
459,R25-264-11_x032256_y026112,R25-264-11,images/R25-264-11_x032256_y026112.png,context/R25-264-11_x032256_y026112.jpg,253.6,760.8,341 341 341 341,
460,R25-264-32_x017920_y011264,R25-264-32,images/R25-264-32_x017920_y011264.png,context/R25-264-32_x017920_y011264.jpg,253.6,760.8,341 341 341 341,
461,R26-122-19_HE_103_x006656_y019456__r2,R26-122-19_HE_103,images/R26-122-19_HE_103_x006656_y019456.png,context/R26-122-19_HE_103_x006656_y019456.jpg,253.6,760.8,341 341 341 341,R26-122-19_HE_103_x006656_y019456
462,R25-264-3_x024064_y027648,R25-264-3,images/R25-264-3_x024064_y027648.png,context/R25-264-3_x024064_y027648.jpg,253.6,760.8,341 341 341 341,
463,R25-264-12_x030720_y010752,R25-264-12,images/R25-264-12_x030720_y010752.png,context/R25-264-12_x030720_y010752.jpg,253.6,760.8,341 341 341 341,
464,R25-264-37_x024576_y020480,R25-264-37,images/R25-264-37_x024576_y020480.png,context/R25-264-37_x024576_y020480.jpg,253.6,760.8,341 341 341 341,
465,R25-264-3_x021504_y007680,R25-264-3,images/R25-264-3_x021504_y007680.png,context/R25-264-3_x021504_y007680.jpg,253.6,760.8,341 341 341 341,
466,R25-264-35_x013824_y025600,R25-264-35,images/R25-264-35_x013824_y025600.png,context/R25-264-35_x013824_y025600.jpg,253.6,760.8,341 341 341 341,
467,R26-122-19_HE_103_x013824_y019456__r2,R26-122-19_HE_103,images/R26-122-19_HE_103_x013824_y019456.png,context/R26-122-19_HE_103_x013824_y019456.jpg,253.6,760.8,341 341 341 341,R26-122-19_HE_103_x013824_y019456
468,R25-264-33_x020480_y019968,R25-264-33,images/R25-264-33_x020480_y019968.png,context/R25-264-33_x020480_y019968.jpg,253.6,760.8,341 341 341 341,
469,R25-264-36_x024064_y012288,R25-264-36,images/R25-264-36_x024064_y012288.png,context/R25-264-36_x024064_y012288.jpg,253.6,760.8,341 341 341 341,
470,R26-122-10_HE_79_x019968_y009216,R26-122-10_HE_79,images/R26-122-10_HE_79_x019968_y009216.png,context/R26-122-10_HE_79_x019968_y009216.jpg,253.6,760.8,341 341 341 341,
471,R25-264-37_x011776_y020992,R25-264-37,images/R25-264-37_x011776_y020992.png,context/R25-264-37_x011776_y020992.jpg,253.6,760.8,341 341 341 341,
472,R25-264-11_x018944_y012288,R25-264-11,images/R25-264-11_x018944_y012288.png,context/R25-264-11_x018944_y012288.jpg,253.6,760.8,341 341 341 341,
473,R25-264-36_x029696_y016384,R25-264-36,images/R25-264-36_x029696_y016384.png,context/R25-264-36_x029696_y016384.jpg,253.6,760.8,341 341 341 341,
474,R25-264-31_x014336_y016384,R25-264-31,images/R25-264-31_x014336_y016384.png,context/R25-264-31_x014336_y016384.jpg,253.6,760.8,341 341 341 341,
475,R26-122-22_HE_106_x007680_y017920,R26-122-22_HE_106,images/R26-122-22_HE_106_x007680_y017920.png,context/R26-122-22_HE_106_x007680_y017920.jpg,253.6,760.8,341 341 341 341,
476,R26-122-23_HE_91_x011776_y015360,R26-122-23_HE_91,images/R26-122-23_HE_91_x011776_y015360.png,context/R26-122-23_HE_91_x011776_y015360.jpg,253.6,760.8,341 341 341 341,
477,R25-264-30_x006144_y014336,R25-264-30,images/R25-264-30_x006144_y014336.png,context/R25-264-30_x006144_y014336.jpg,253.6,760.8,341 341 341 341,
478,R25-264-11_x009728_y026624,R25-264-11,images/R25-264-11_x009728_y026624.png,context/R25-264-11_x009728_y026624.jpg,253.6,760.8,341 341 341 341,
479,R25-264-11_x023040_y026624,R25-264-11,images/R25-264-11_x023040_y026624.png,context/R25-264-11_x023040_y026624.jpg,253.6,760.8,341 341 341 341,
480,R25-264-10_x013312_y006656,R25-264-10,images/R25-264-10_x013312_y006656.png,context/R25-264-10_x013312_y006656.jpg,253.6,760.8,341 341 341 341,
481,R25-264-11_x007680_y010240,R25-264-11,images/R25-264-11_x007680_y010240.png,context/R25-264-11_x007680_y010240.jpg,253.6,760.8,341 341 341 341,
482,R25-264-12_x007168_y015360,R25-264-12,images/R25-264-12_x007168_y015360.png,context/R25-264-12_x007168_y015360.jpg,253.6,760.8,341 341 341 341,
483,R26-122-26_HE_107_x007168_y016896,R26-122-26_HE_107,images/R26-122-26_HE_107_x007168_y016896.png,context/R26-122-26_HE_107_x007168_y016896.jpg,253.6,760.8,341 341 341 341,
484,R25-264-33_x026624_y007168,R25-264-33,images/R25-264-33_x026624_y007168.png,context/R25-264-33_x026624_y007168.jpg,253.6,760.8,341 341 341 341,
485,R25-264-3_x008192_y020992,R25-264-3,images/R25-264-3_x008192_y020992.png,context/R25-264-3_x008192_y020992.jpg,253.6,760.8,341 341 341 341,
486,R25-264-12_x028672_y015360,R25-264-12,images/R25-264-12_x028672_y015360.png,context/R25-264-12_x028672_y015360.jpg,253.6,760.8,341 341 341 341,
487,R25-264-32_x014336_y011264,R25-264-32,images/R25-264-32_x014336_y011264.png,context/R25-264-32_x014336_y011264.jpg,253.6,760.8,341 341 341 341,
488,R25-264-13_x036352_y018944,R25-264-13,images/R25-264-13_x036352_y018944.png,context/R25-264-13_x036352_y018944.jpg,253.6,760.8,341 341 341 341,
489,R25-264-10_x030720_y015872,R25-264-10,images/R25-264-10_x030720_y015872.png,context/R25-264-10_x030720_y015872.jpg,253.6,760.8,341 341 341 341,
490,R25-264-13_x009216_y018944,R25-264-13,images/R25-264-13_x009216_y018944.png,context/R25-264-13_x009216_y018944.jpg,253.6,760.8,341 341 341 341,
491,R26-122-3_HE_72_x017408_y010240,R26-122-3_HE_72,images/R26-122-3_HE_72_x017408_y010240.png,context/R26-122-3_HE_72_x017408_y010240.jpg,253.6,760.8,341 341 341 341,
492,R26-122-26_HE_107_x019456_y011264,R26-122-26_HE_107,images/R26-122-26_HE_107_x019456_y011264.png,context/R26-122-26_HE_107_x019456_y011264.jpg,253.6,760.8,341 341 341 341,
493,R25-264-36_x012800_y021504,R25-264-36,images/R25-264-36_x012800_y021504.png,context/R25-264-36_x012800_y021504.jpg,253.6,760.8,341 341 341 341,
494,R26-122-22_HE_106_x012288_y010752,R26-122-22_HE_106,images/R26-122-22_HE_106_x012288_y010752.png,context/R26-122-22_HE_106_x012288_y010752.jpg,253.6,760.8,341 341 341 341,
495,R25-264-30_x024064_y019968,R25-264-30,images/R25-264-30_x024064_y019968.png,context/R25-264-30_x024064_y019968.jpg,253.6,760.8,341 341 341 341,
496,R25-264-32_x038400_y022016,R25-264-32,images/R25-264-32_x038400_y022016.png,context/R25-264-32_x038400_y022016.jpg,253.6,760.8,341 341 341 341,
497,R26-122-17_HE_101_x020992_y019968,R26-122-17_HE_101,images/R26-122-17_HE_101_x020992_y019968.png,context/R26-122-17_HE_101_x020992_y019968.jpg,253.6,760.8,341 341 341 341,
498,R26-122-10_HE_79_x019968_y011264,R26-122-10_HE_79,images/R26-122-10_HE_79_x019968_y011264.png,context/R26-122-10_HE_79_x019968_y011264.jpg,253.6,760.8,341 341 341 341,
499,R26-122-15_HE_85_x009728_y014336,R26-122-15_HE_85,images/R26-122-15_HE_85_x009728_y014336.png,context/R26-122-15_HE_85_x009728_y014336.jpg,253.6,760.8,341 341 341 341,
500,R26-122-10_HE_79_x023040_y011264,R26-122-10_HE_79,images/R26-122-10_HE_79_x023040_y011264.png,context/R26-122-10_HE_79_x023040_y011264.jpg,253.6,760.8,341 341 341 341,
501,R25-264-35_x003072_y020480,R25-264-35,images/R25-264-35_x003072_y020480.png,context/R25-264-35_x003072_y020480.jpg,253.6,760.8,341 341 341 341,
502,R25-264-10_x008704_y022528,R25-264-10,images/R25-264-10_x008704_y022528.png,context/R25-264-10_x008704_y022528.jpg,253.6,760.8,341 341 341 341,
503,R25-264-34_x022528_y011776,R25-264-34,images/R25-264-34_x022528_y011776.png,context/R25-264-34_x022528_y011776.jpg,253.6,760.8,341 341 341 341,
504,R25-264-33_x020992_y017920,R25-264-33,images/R25-264-33_x020992_y017920.png,context/R25-264-33_x020992_y017920.jpg,253.6,760.8,341 341 341 341,
505,R25-264-33_x022528_y018432,R25-264-33,images/R25-264-33_x022528_y018432.png,context/R25-264-33_x022528_y018432.jpg,253.6,760.8,341 341 341 341,
506,R25-264-33_x031744_y015360,R25-264-33,images/R25-264-33_x031744_y015360.png,context/R25-264-33_x031744_y015360.jpg,253.6,760.8,341 341 341 341,
507,R25-264-31_x029696_y016384,R25-264-31,images/R25-264-31_x029696_y016384.png,context/R25-264-31_x029696_y016384.jpg,253.6,760.8,341 341 341 341,
508,R26-122-1_HE_70_x018944_y014848,R26-122-1_HE_70,images/R26-122-1_HE_70_x018944_y014848.png,context/R26-122-1_HE_70_x018944_y014848.jpg,253.6,760.8,341 341 341 341,
509,R25-264-30_x008192_y008704,R25-264-30,images/R25-264-30_x008192_y008704.png,context/R25-264-30_x008192_y008704.jpg,253.6,760.8,341 341 341 341,
510,R25-264-33_x030208_y017920,R25-264-33,images/R25-264-33_x030208_y017920.png,context/R25-264-33_x030208_y017920.jpg,253.6,760.8,341 341 341 341,
511,R25-264-10_x017408_y011776,R25-264-10,images/R25-264-10_x017408_y011776.png,context/R25-264-10_x017408_y011776.jpg,253.6,760.8,341 341 341 341,
512,R25-264-35_x016384_y019968,R25-264-35,images/R25-264-35_x016384_y019968.png,context/R25-264-35_x016384_y019968.jpg,253.6,760.8,341 341 341 341,
513,R25-264-37_x020992_y010240,R25-264-37,images/R25-264-37_x020992_y010240.png,context/R25-264-37_x020992_y010240.jpg,253.6,760.8,341 341 341 341,
514,R25-264-13_x039936_y011264,R25-264-13,images/R25-264-13_x039936_y011264.png,context/R25-264-13_x039936_y011264.jpg,253.6,760.8,341 341 341 341,
515,R25-264-10_x033792_y015872,R25-264-10,images/R25-264-10_x033792_y015872.png,context/R25-264-10_x033792_y015872.jpg,253.6,760.8,341 341 341 341,
516,R25-264-30_x035840_y026112,R25-264-30,images/R25-264-30_x035840_y026112.png,context/R25-264-30_x035840_y026112.jpg,253.6,760.8,341 341 341 341,
517,R25-264-10_x026112_y016384,R25-264-10,images/R25-264-10_x026112_y016384.png,context/R25-264-10_x026112_y016384.jpg,253.6,760.8,341 341 341 341,
518,R26-122-3_HE_72_x012800_y016384,R26-122-3_HE_72,images/R26-122-3_HE_72_x012800_y016384.png,context/R26-122-3_HE_72_x012800_y016384.jpg,253.6,760.8,341 341 341 341,
519,R25-264-34_x009728_y011776,R25-264-34,images/R25-264-34_x009728_y011776.png,context/R25-264-34_x009728_y011776.jpg,253.6,760.8,341 341 341 341,
520,R25-264-36_x035328_y012288,R25-264-36,images/R25-264-36_x035328_y012288.png,context/R25-264-36_x035328_y012288.jpg,253.6,760.8,341 341 341 341,
521,R25-264-32_x037888_y019968,R25-264-32,images/R25-264-32_x037888_y019968.png,context/R25-264-32_x037888_y019968.jpg,253.6,760.8,341 341 341 341,
522,R26-122-12_HE_81_x022016_y009216,R26-122-12_HE_81,images/R26-122-12_HE_81_x022016_y009216.png,context/R26-122-12_HE_81_x022016_y009216.jpg,253.6,760.8,341 341 341 341,
523,R25-264-1_x010240_y022016,R25-264-1,images/R25-264-1_x010240_y022016.png,context/R25-264-1_x010240_y022016.jpg,253.6,760.8,341 341 341 341,
524,R25-264-11_x024576_y011264,R25-264-11,images/R25-264-11_x024576_y011264.png,context/R25-264-11_x024576_y011264.jpg,253.6,760.8,341 341 341 341,
525,R26-122-15_HE_85_x025600_y014336,R26-122-15_HE_85,images/R26-122-15_HE_85_x025600_y014336.png,context/R26-122-15_HE_85_x025600_y014336.jpg,253.6,760.8,341 341 341 341,
526,R25-264-32_x031232_y019456,R25-264-32,images/R25-264-32_x031232_y019456.png,context/R25-264-32_x031232_y019456.jpg,253.6,760.8,341 341 341 341,
527,R25-264-3_x024064_y014336,R25-264-3,images/R25-264-3_x024064_y014336.png,context/R25-264-3_x024064_y014336.jpg,253.6,760.8,341 341 341 341,
528,R26-122-36_HE_95_x017920_y014336,R26-122-36_HE_95,images/R26-122-36_HE_95_x017920_y014336.png,context/R26-122-36_HE_95_x017920_y014336.jpg,253.6,760.8,341 341 341 341,
529,R25-264-35_x004096_y019968,R25-264-35,images/R25-264-35_x004096_y019968.png,context/R25-264-35_x004096_y019968.jpg,253.6,760.8,341 341 341 341,
530,R25-264-31_x026112_y009728,R25-264-31,images/R25-264-31_x026112_y009728.png,context/R25-264-31_x026112_y009728.jpg,253.6,760.8,341 341 341 341,
531,R25-264-31_x013312_y009728,R25-264-31,images/R25-264-31_x013312_y009728.png,context/R25-264-31_x013312_y009728.jpg,253.6,760.8,341 341 341 341,
532,R26-122-3_HE_72_x006656_y009728,R26-122-3_HE_72,images/R26-122-3_HE_72_x006656_y009728.png,context/R26-122-3_HE_72_x006656_y009728.jpg,253.6,760.8,341 341 341 341,
533,R26-122-9_HE_78_x015872_y018944,R26-122-9_HE_78,images/R26-122-9_HE_78_x015872_y018944.png,context/R26-122-9_HE_78_x015872_y018944.jpg,253.6,760.8,341 341 341 341,
534,R25-264-31_x018944_y019456,R25-264-31,images/R25-264-31_x018944_y019456.png,context/R25-264-31_x018944_y019456.jpg,253.6,760.8,341 341 341 341,
535,R25-264-12_x035328_y010752,R25-264-12,images/R25-264-12_x035328_y010752.png,context/R25-264-12_x035328_y010752.jpg,253.6,760.8,341 341 341 341,
536,R25-264-34_x028672_y018432,R25-264-34,images/R25-264-34_x028672_y018432.png,context/R25-264-34_x028672_y018432.jpg,253.6,760.8,341 341 341 341,
537,R25-264-33_x030208_y007680,R25-264-33,images/R25-264-33_x030208_y007680.png,context/R25-264-33_x030208_y007680.jpg,253.6,760.8,341 341 341 341,
538,R25-264-11_x037376_y011264,R25-264-11,images/R25-264-11_x037376_y011264.png,context/R25-264-11_x037376_y011264.jpg,253.6,760.8,341 341 341 341,
539,R25-264-10_x014848_y016896,R25-264-10,images/R25-264-10_x014848_y016896.png,context/R25-264-10_x014848_y016896.jpg,253.6,760.8,341 341 341 341,
540,R25-264-35_x008192_y015360,R25-264-35,images/R25-264-35_x008192_y015360.png,context/R25-264-35_x008192_y015360.jpg,253.6,760.8,341 341 341 341,
541,R25-264-13_x040960_y023040,R25-264-13,images/R25-264-13_x040960_y023040.png,context/R25-264-13_x040960_y023040.jpg,253.6,760.8,341 341 341 341,
542,R25-264-10_x019968_y011776,R25-264-10,images/R25-264-10_x019968_y011776.png,context/R25-264-10_x019968_y011776.jpg,253.6,760.8,341 341 341 341,
543,R25-264-34_x033792_y010752,R25-264-34,images/R25-264-34_x033792_y010752.png,context/R25-264-34_x033792_y010752.jpg,253.6,760.8,341 341 341 341,
544,R25-264-3_x038912_y020992,R25-264-3,images/R25-264-3_x038912_y020992.png,context/R25-264-3_x038912_y020992.jpg,253.6,760.8,341 341 341 341,
545,R25-264-30_x008192_y014336,R25-264-30,images/R25-264-30_x008192_y014336.png,context/R25-264-30_x008192_y014336.jpg,253.6,760.8,341 341 341 341,
546,R25-264-11_x010240_y012800,R25-264-11,images/R25-264-11_x010240_y012800.png,context/R25-264-11_x010240_y012800.jpg,253.6,760.8,341 341 341 341,
547,R25-264-13_x022528_y011264,R25-264-13,images/R25-264-13_x022528_y011264.png,context/R25-264-13_x022528_y011264.jpg,253.6,760.8,341 341 341 341,
548,R26-122-10_HE_79_x021504_y008704,R26-122-10_HE_79,images/R26-122-10_HE_79_x021504_y008704.png,context/R26-122-10_HE_79_x021504_y008704.jpg,253.6,760.8,341 341 341 341,
549,R25-264-3_x025088_y027648,R25-264-3,images/R25-264-3_x025088_y027648.png,context/R25-264-3_x025088_y027648.jpg,253.6,760.8,341 341 341 341,
550,R25-264-34_x010752_y011776,R25-264-34,images/R25-264-34_x010752_y011776.png,context/R25-264-34_x010752_y011776.jpg,253.6,760.8,341 341 341 341,
551,R25-264-32_x014336_y022528,R25-264-32,images/R25-264-32_x014336_y022528.png,context/R25-264-32_x014336_y022528.jpg,253.6,760.8,341 341 341 341,
552,R25-264-3_x024576_y020992,R25-264-3,images/R25-264-3_x024576_y020992.png,context/R25-264-3_x024576_y020992.jpg,253.6,760.8,341 341 341 341,
553,R25-264-34_x020480_y009728,R25-264-34,images/R25-264-34_x020480_y009728.png,context/R25-264-34_x020480_y009728.jpg,253.6,760.8,341 341 341 341,
554,R26-122-31_HE_98_x027136_y010240,R26-122-31_HE_98,images/R26-122-31_HE_98_x027136_y010240.png,context/R26-122-31_HE_98_x027136_y010240.jpg,253.6,760.8,341 341 341 341,
555,R25-264-32_x016896_y019968,R25-264-32,images/R25-264-32_x016896_y019968.png,context/R25-264-32_x016896_y019968.jpg,253.6,760.8,341 341 341 341,
556,R25-264-11_x006656_y010752,R25-264-11,images/R25-264-11_x006656_y010752.png,context/R25-264-11_x006656_y010752.jpg,253.6,760.8,341 341 341 341,
557,R26-122-19_HE_103_x015360_y019968,R26-122-19_HE_103,images/R26-122-19_HE_103_x015360_y019968.png,context/R26-122-19_HE_103_x015360_y019968.jpg,253.6,760.8,341 341 341 341,
558,R26-122-17_HE_101_x014848_y018944,R26-122-17_HE_101,images/R26-122-17_HE_101_x014848_y018944.png,context/R26-122-17_HE_101_x014848_y018944.jpg,253.6,760.8,341 341 341 341,
559,R25-264-10_x035840_y011264,R25-264-10,images/R25-264-10_x035840_y011264.png,context/R25-264-10_x035840_y011264.jpg,253.6,760.8,341 341 341 341,
560,R25-264-12_x008192_y022016__r2,R25-264-12,images/R25-264-12_x008192_y022016.png,context/R25-264-12_x008192_y022016.jpg,253.6,760.8,341 341 341 341,R25-264-12_x008192_y022016
561,R25-264-35_x025088_y009728,R25-264-35,images/R25-264-35_x025088_y009728.png,context/R25-264-35_x025088_y009728.jpg,253.6,760.8,341 341 341 341,
562,R26-122-29_HE_82_x019456_y016896,R26-122-29_HE_82,images/R26-122-29_HE_82_x019456_y016896.png,context/R26-122-29_HE_82_x019456_y016896.jpg,253.6,760.8,341 341 341 341,
563,R25-264-13_x022528_y018944,R25-264-13,images/R25-264-13_x022528_y018944.png,context/R25-264-13_x022528_y018944.jpg,253.6,760.8,341 341 341 341,
564,R25-264-1_x024576_y022528,R25-264-1,images/R25-264-1_x024576_y022528.png,context/R25-264-1_x024576_y022528.jpg,253.6,760.8,341 341 341 341,
565,R25-264-30_x006656_y019968,R25-264-30,images/R25-264-30_x006656_y019968.png,context/R25-264-30_x006656_y019968.jpg,253.6,760.8,341 341 341 341,
566,R25-264-30_x047104_y013824,R25-264-30,images/R25-264-30_x047104_y013824.png,context/R25-264-30_x047104_y013824.jpg,253.6,760.8,341 341 341 341,
567,R25-264-34_x016384_y009728,R25-264-34,images/R25-264-34_x016384_y009728.png,context/R25-264-34_x016384_y009728.jpg,253.6,760.8,341 341 341 341,
568,R25-264-10_x034304_y006656,R25-264-10,images/R25-264-10_x034304_y006656.png,context/R25-264-10_x034304_y006656.jpg,253.6,760.8,341 341 341 341,
569,R25-264-32_x006656_y022528,R25-264-32,images/R25-264-32_x006656_y022528.png,context/R25-264-32_x006656_y022528.jpg,253.6,760.8,341 341 341 341,
570,R26-122-12_HE_81_x011264_y008704,R26-122-12_HE_81,images/R26-122-12_HE_81_x011264_y008704.png,context/R26-122-12_HE_81_x011264_y008704.jpg,253.6,760.8,341 341 341 341,
571,R25-264-37_x036352_y009728,R25-264-37,images/R25-264-37_x036352_y009728.png,context/R25-264-37_x036352_y009728.jpg,253.6,760.8,341 341 341 341,
572,R25-264-34_x009728_y010752,R25-264-34,images/R25-264-34_x009728_y010752.png,context/R25-264-34_x009728_y010752.jpg,253.6,760.8,341 341 341 341,
573,R25-264-13_x006144_y011776,R25-264-13,images/R25-264-13_x006144_y011776.png,context/R25-264-13_x006144_y011776.jpg,253.6,760.8,341 341 341 341,
574,R25-264-35_x012800_y008704__r2,R25-264-35,images/R25-264-35_x012800_y008704.png,context/R25-264-35_x012800_y008704.jpg,253.6,760.8,341 341 341 341,R25-264-35_x012800_y008704
575,R25-264-11_x011776_y026624,R25-264-11,images/R25-264-11_x011776_y026624.png,context/R25-264-11_x011776_y026624.jpg,253.6,760.8,341 341 341 341,
576,R25-264-33_x013312_y017920,R25-264-33,images/R25-264-33_x013312_y017920.png,context/R25-264-33_x013312_y017920.jpg,253.6,760.8,341 341 341 341,
577,R25-264-3_x016384_y014336,R25-264-3,images/R25-264-3_x016384_y014336.png,context/R25-264-3_x016384_y014336.jpg,253.6,760.8,341 341 341 341,
578,R26-122-36_HE_95_x005632_y012288,R26-122-36_HE_95,images/R26-122-36_HE_95_x005632_y012288.png,context/R26-122-36_HE_95_x005632_y012288.jpg,253.6,760.8,341 341 341 341,
579,R25-264-13_x020992_y023552,R25-264-13,images/R25-264-13_x020992_y023552.png,context/R25-264-13_x020992_y023552.jpg,253.6,760.8,341 341 341 341,
580,R25-264-37_x032768_y007168,R25-264-37,images/R25-264-37_x032768_y007168.png,context/R25-264-37_x032768_y007168.jpg,253.6,760.8,341 341 341 341,
581,R25-264-33_x016896_y015360,R25-264-33,images/R25-264-33_x016896_y015360.png,context/R25-264-33_x016896_y015360.jpg,253.6,760.8,341 341 341 341,
582,R26-122-31_HE_98_x015360_y018944,R26-122-31_HE_98,images/R26-122-31_HE_98_x015360_y018944.png,context/R26-122-31_HE_98_x015360_y018944.jpg,253.6,760.8,341 341 341 341,
583,R25-264-37_x012800_y020480,R25-264-37,images/R25-264-37_x012800_y020480.png,context/R25-264-37_x012800_y020480.jpg,253.6,760.8,341 341 341 341,
584,R25-264-33_x013312_y018944,R25-264-33,images/R25-264-33_x013312_y018944.png,context/R25-264-33_x013312_y018944.jpg,253.6,760.8,341 341 341 341,
585,R26-122-12_HE_81_x016896_y009216,R26-122-12_HE_81,images/R26-122-12_HE_81_x016896_y009216.png,context/R26-122-12_HE_81_x016896_y009216.jpg,253.6,760.8,341 341 341 341,
586,R25-264-13_x033280_y023040,R25-264-13,images/R25-264-13_x033280_y023040.png,context/R25-264-13_x033280_y023040.jpg,253.6,760.8,341 341 341 341,
587,R26-122-29_HE_82_x021504_y016896,R26-122-29_HE_82,images/R26-122-29_HE_82_x021504_y016896.png,context/R26-122-29_HE_82_x021504_y016896.jpg,253.6,760.8,341 341 341 341,
588,R26-122-29_HE_82_x004608_y010752,R26-122-29_HE_82,images/R26-122-29_HE_82_x004608_y010752.png,context/R26-122-29_HE_82_x004608_y010752.jpg,253.6,760.8,341 341 341 341,
589,R26-122-17_HE_101_x008704_y016896__r2,R26-122-17_HE_101,images/R26-122-17_HE_101_x008704_y016896.png,context/R26-122-17_HE_101_x008704_y016896.jpg,253.6,760.8,341 341 341 341,R26-122-17_HE_101_x008704_y016896
590,R25-264-31_x010752_y016896,R25-264-31,images/R25-264-31_x010752_y016896.png,context/R25-264-31_x010752_y016896.jpg,253.6,760.8,341 341 341 341,
591,R25-264-13_x005120_y023552,R25-264-13,images/R25-264-13_x005120_y023552.png,context/R25-264-13_x005120_y023552.jpg,253.6,760.8,341 341 341 341,
592,R25-264-11_x009728_y011264__r2,R25-264-11,images/R25-264-11_x009728_y011264.png,context/R25-264-11_x009728_y011264.jpg,253.6,760.8,341 341 341 341,R25-264-11_x009728_y011264
593,R25-264-1_x023552_y024064,R25-264-1,images/R25-264-1_x023552_y024064.png,context/R25-264-1_x023552_y024064.jpg,253.6,760.8,341 341 341 341,
594,R25-264-30_x020480_y008192,R25-264-30,images/R25-264-30_x020480_y008192.png,context/R25-264-30_x020480_y008192.jpg,253.6,760.8,341 341 341 341,
595,R25-264-12_x024064_y010752,R25-264-12,images/R25-264-12_x024064_y010752.png,context/R25-264-12_x024064_y010752.jpg,253.6,760.8,341 341 341 341,
596,R25-264-30_x017408_y014336,R25-264-30,images/R25-264-30_x017408_y014336.png,context/R25-264-30_x017408_y014336.jpg,253.6,760.8,341 341 341 341,
597,R25-264-35_x015872_y009728,R25-264-35,images/R25-264-35_x015872_y009728.png,context/R25-264-35_x015872_y009728.jpg,253.6,760.8,341 341 341 341,
598,R25-264-13_x029184_y018944,R25-264-13,images/R25-264-13_x029184_y018944.png,context/R25-264-13_x029184_y018944.jpg,253.6,760.8,341 341 341 341,
599,R25-264-3_x039936_y027648,R25-264-3,images/R25-264-3_x039936_y027648.png,context/R25-264-3_x039936_y027648.jpg,253.6,760.8,341 341 341 341,
600,R25-264-3_x033792_y014336,R25-264-3,images/R25-264-3_x033792_y014336.png,context/R25-264-3_x033792_y014336.jpg,253.6,760.8,341 341 341 341,
601,R25-264-30_x044032_y007680,R25-264-30,images/R25-264-30_x044032_y007680.png,context/R25-264-30_x044032_y007680.jpg,253.6,760.8,341 341 341 341,
602,R25-264-32_x032256_y019968,R25-264-32,images/R25-264-32_x032256_y019968.png,context/R25-264-32_x032256_y019968.jpg,253.6,760.8,341 341 341 341,
603,R25-264-32_x018944_y022528,R25-264-32,images/R25-264-32_x018944_y022528.png,context/R25-264-32_x018944_y022528.jpg,253.6,760.8,341 341 341 341,
604,R25-264-33_x018944_y007680,R25-264-33,images/R25-264-33_x018944_y007680.png,context/R25-264-33_x018944_y007680.jpg,253.6,760.8,341 341 341 341,
605,R25-264-33_x011264_y019968,R25-264-33,images/R25-264-33_x011264_y019968.png,context/R25-264-33_x011264_y019968.jpg,253.6,760.8,341 341 341 341,
606,R25-264-10_x024064_y011264,R25-264-10,images/R25-264-10_x024064_y011264.png,context/R25-264-10_x024064_y011264.jpg,253.6,760.8,341 341 341 341,
607,R25-264-11_x036352_y026624,R25-264-11,images/R25-264-11_x036352_y026624.png,context/R25-264-11_x036352_y026624.jpg,253.6,760.8,341 341 341 341,
608,R25-264-37_x028160_y007680,R25-264-37,images/R25-264-37_x028160_y007680.png,context/R25-264-37_x028160_y007680.jpg,253.6,760.8,341 341 341 341,
609,R26-122-19_HE_103_x004608_y013312,R26-122-19_HE_103,images/R26-122-19_HE_103_x004608_y013312.png,context/R26-122-19_HE_103_x004608_y013312.jpg,253.6,760.8,341 341 341 341,
610,R25-264-12_x016384_y011264,R25-264-12,images/R25-264-12_x016384_y011264.png,context/R25-264-12_x016384_y011264.jpg,253.6,760.8,341 341 341 341,
611,R25-264-1_x024576_y020992,R25-264-1,images/R25-264-1_x024576_y020992.png,context/R25-264-1_x024576_y020992.jpg,253.6,760.8,341 341 341 341,
612,R25-264-37_x019968_y020480,R25-264-37,images/R25-264-37_x019968_y020480.png,context/R25-264-37_x019968_y020480.jpg,253.6,760.8,341 341 341 341,
613,R25-264-13_x015360_y019456__r2,R25-264-13,images/R25-264-13_x015360_y019456.png,context/R25-264-13_x015360_y019456.jpg,253.6,760.8,341 341 341 341,R25-264-13_x015360_y019456
614,R25-264-37_x029696_y009216,R25-264-37,images/R25-264-37_x029696_y009216.png,context/R25-264-37_x029696_y009216.jpg,253.6,760.8,341 341 341 341,
615,R25-264-37_x030720_y009216,R25-264-37,images/R25-264-37_x030720_y009216.png,context/R25-264-37_x030720_y009216.jpg,253.6,760.8,341 341 341 341,
616,R25-264-13_x015872_y023040__r2,R25-264-13,images/R25-264-13_x015872_y023040.png,context/R25-264-13_x015872_y023040.jpg,253.6,760.8,341 341 341 341,R25-264-13_x015872_y023040
617,R25-264-33_x019968_y017408,R25-264-33,images/R25-264-33_x019968_y017408.png,context/R25-264-33_x019968_y017408.jpg,253.6,760.8,341 341 341 341,
618,R25-264-31_x007168_y016384,R25-264-31,images/R25-264-31_x007168_y016384.png,context/R25-264-31_x007168_y016384.jpg,253.6,760.8,341 341 341 341,
619,R25-264-11_x014336_y012288,R25-264-11,images/R25-264-11_x014336_y012288.png,context/R25-264-11_x014336_y012288.jpg,253.6,760.8,341 341 341 341,
620,R25-264-13_x044544_y023040,R25-264-13,images/R25-264-13_x044544_y023040.png,context/R25-264-13_x044544_y023040.jpg,253.6,760.8,341 341 341 341,
621,R25-264-13_x022016_y023552,R25-264-13,images/R25-264-13_x022016_y023552.png,context/R25-264-13_x022016_y023552.jpg,253.6,760.8,341 341 341 341,
622,R26-122-29_HE_82_x027136_y016384,R26-122-29_HE_82,images/R26-122-29_HE_82_x027136_y016384.png,context/R26-122-29_HE_82_x027136_y016384.jpg,253.6,760.8,341 341 341 341,
623,R25-264-30_x026112_y008192,R25-264-30,images/R25-264-30_x026112_y008192.png,context/R25-264-30_x026112_y008192.jpg,253.6,760.8,341 341 341 341,
624,R25-264-11_x039936_y011264,R25-264-11,images/R25-264-11_x039936_y011264.png,context/R25-264-11_x039936_y011264.jpg,253.6,760.8,341 341 341 341,
625,R25-264-37_x009728_y020992__r2,R25-264-37,images/R25-264-37_x009728_y020992.png,context/R25-264-37_x009728_y020992.jpg,253.6,760.8,341 341 341 341,R25-264-37_x009728_y020992
626,R25-264-1_x031232_y020992,R25-264-1,images/R25-264-1_x031232_y020992.png,context/R25-264-1_x031232_y020992.jpg,253.6,760.8,341 341 341 341,
627,R25-264-3_x040960_y020992,R25-264-3,images/R25-264-3_x040960_y020992.png,context/R25-264-3_x040960_y020992.jpg,253.6,760.8,341 341 341 341,
628,R25-264-36_x009216_y012288,R25-264-36,images/R25-264-36_x009216_y012288.png,context/R25-264-36_x009216_y012288.jpg,253.6,760.8,341 341 341 341,
629,R25-264-1_x005632_y024064,R25-264-1,images/R25-264-1_x005632_y024064.png,context/R25-264-1_x005632_y024064.jpg,253.6,760.8,341 341 341 341,
630,R25-264-33_x019456_y019968__r2,R25-264-33,images/R25-264-33_x019456_y019968.png,context/R25-264-33_x019456_y019968.jpg,253.6,760.8,341 341 341 341,R25-264-33_x019456_y019968
631,R25-264-34_x037376_y018432,R25-264-34,images/R25-264-34_x037376_y018432.png,context/R25-264-34_x037376_y018432.jpg,253.6,760.8,341 341 341 341,
632,R25-264-10_x031232_y011776,R25-264-10,images/R25-264-10_x031232_y011776.png,context/R25-264-10_x031232_y011776.jpg,253.6,760.8,341 341 341 341,
633,R25-264-32_x043008_y022016,R25-264-32,images/R25-264-32_x043008_y022016.png,context/R25-264-32_x043008_y022016.jpg,253.6,760.8,341 341 341 341,
634,R26-122-1_HE_70_x026112_y009216,R26-122-1_HE_70,images/R26-122-1_HE_70_x026112_y009216.png,context/R26-122-1_HE_70_x026112_y009216.jpg,253.6,760.8,341 341 341 341,
635,R25-264-37_x017920_y007680,R25-264-37,images/R25-264-37_x017920_y007680.png,context/R25-264-37_x017920_y007680.jpg,253.6,760.8,341 341 341 341,
636,R25-264-35_x007168_y026112,R25-264-35,images/R25-264-35_x007168_y026112.png,context/R25-264-35_x007168_y026112.jpg,253.6,760.8,341 341 341 341,
637,R25-264-12_x025600_y015360,R25-264-12,images/R25-264-12_x025600_y015360.png,context/R25-264-12_x025600_y015360.jpg,253.6,760.8,341 341 341 341,
638,R25-264-11_x007680_y011776,R25-264-11,images/R25-264-11_x007680_y011776.png,context/R25-264-11_x007680_y011776.jpg,253.6,760.8,341 341 341 341,
639,R25-264-34_x011264_y010752,R25-264-34,images/R25-264-34_x011264_y010752.png,context/R25-264-34_x011264_y010752.jpg,253.6,760.8,341 341 341 341,
640,R25-264-11_x018432_y011264,R25-264-11,images/R25-264-11_x018432_y011264.png,context/R25-264-11_x018432_y011264.jpg,253.6,760.8,341 341 341 341,
641,R26-122-26_HE_107_x010240_y017408,R26-122-26_HE_107,images/R26-122-26_HE_107_x010240_y017408.png,context/R26-122-26_HE_107_x010240_y017408.jpg,253.6,760.8,341 341 341 341,
642,R25-264-10_x026624_y011264,R25-264-10,images/R25-264-10_x026624_y011264.png,context/R25-264-10_x026624_y011264.jpg,253.6,760.8,341 341 341 341,
643,R26-122-12_HE_81_x009728_y016384,R26-122-12_HE_81,images/R26-122-12_HE_81_x009728_y016384.png,context/R26-122-12_HE_81_x009728_y016384.jpg,253.6,760.8,341 341 341 341,
644,R25-264-10_x029184_y016384,R25-264-10,images/R25-264-10_x029184_y016384.png,context/R25-264-10_x029184_y016384.jpg,253.6,760.8,341 341 341 341,
645,R26-122-38_HE_97_x017408_y015360,R26-122-38_HE_97,images/R26-122-38_HE_97_x017408_y015360.png,context/R26-122-38_HE_97_x017408_y015360.jpg,253.6,760.8,341 341 341 341,
646,R25-264-10_x032768_y015872,R25-264-10,images/R25-264-10_x032768_y015872.png,context/R25-264-10_x032768_y015872.jpg,253.6,760.8,341 341 341 341,
647,R26-122-1_HE_70_x009216_y018944,R26-122-1_HE_70,images/R26-122-1_HE_70_x009216_y018944.png,context/R26-122-1_HE_70_x009216_y018944.jpg,253.6,760.8,341 341 341 341,
648,R25-264-36_x008192_y007168,R25-264-36,images/R25-264-36_x008192_y007168.png,context/R25-264-36_x008192_y007168.jpg,253.6,760.8,341 341 341 341,
649,R25-264-30_x028160_y014336,R25-264-30,images/R25-264-30_x028160_y014336.png,context/R25-264-30_x028160_y014336.jpg,253.6,760.8,341 341 341 341,
650,R25-264-1_x016896_y023040,R25-264-1,images/R25-264-1_x016896_y023040.png,context/R25-264-1_x016896_y023040.jpg,253.6,760.8,341 341 341 341,
651,R25-264-30_x043520_y013824,R25-264-30,images/R25-264-30_x043520_y013824.png,context/R25-264-30_x043520_y013824.jpg,253.6,760.8,341 341 341 341,
652,R26-122-1_HE_70_x015360_y013312,R26-122-1_HE_70,images/R26-122-1_HE_70_x015360_y013312.png,context/R26-122-1_HE_70_x015360_y013312.jpg,253.6,760.8,341 341 341 341,
653,R25-264-1_x019968_y023040,R25-264-1,images/R25-264-1_x019968_y023040.png,context/R25-264-1_x019968_y023040.jpg,253.6,760.8,341 341 341 341,
654,R25-264-34_x035840_y010752,R25-264-34,images/R25-264-34_x035840_y010752.png,context/R25-264-34_x035840_y010752.jpg,253.6,760.8,341 341 341 341,
655,R26-122-34_HE_93_x006144_y013312,R26-122-34_HE_93,images/R26-122-34_HE_93_x006144_y013312.png,context/R26-122-34_HE_93_x006144_y013312.jpg,253.6,760.8,341 341 341 341,
656,R25-264-13_x039936_y018432__r2,R25-264-13,images/R25-264-13_x039936_y018432.png,context/R25-264-13_x039936_y018432.jpg,253.6,760.8,341 341 341 341,R25-264-13_x039936_y018432
657,R25-264-11_x031232_y012288,R25-264-11,images/R25-264-11_x031232_y012288.png,context/R25-264-11_x031232_y012288.jpg,253.6,760.8,341 341 341 341,
658,R25-264-34_x032256_y018944,R25-264-34,images/R25-264-34_x032256_y018944.png,context/R25-264-34_x032256_y018944.jpg,253.6,760.8,341 341 341 341,
659,R25-264-30_x030720_y019968,R25-264-30,images/R25-264-30_x030720_y019968.png,context/R25-264-30_x030720_y019968.jpg,253.6,760.8,341 341 341 341,
660,R26-122-6_HE_75_x018944_y018432,R26-122-6_HE_75,images/R26-122-6_HE_75_x018944_y018432.png,context/R26-122-6_HE_75_x018944_y018432.jpg,253.6,760.8,341 341 341 341,
661,R25-264-13_x016896_y023552,R25-264-13,images/R25-264-13_x016896_y023552.png,context/R25-264-13_x016896_y023552.jpg,253.6,760.8,341 341 341 341,
662,R25-264-10_x007680_y022528,R25-264-10,images/R25-264-10_x007680_y022528.png,context/R25-264-10_x007680_y022528.jpg,253.6,760.8,341 341 341 341,
663,R26-122-6_HE_75_x026112_y018944,R26-122-6_HE_75,images/R26-122-6_HE_75_x026112_y018944.png,context/R26-122-6_HE_75_x026112_y018944.jpg,253.6,760.8,341 341 341 341,
664,R25-264-32_x041984_y022016,R25-264-32,images/R25-264-32_x041984_y022016.png,context/R25-264-32_x041984_y022016.jpg,253.6,760.8,341 341 341 341,
665,R25-264-3_x045568_y006656,R25-264-3,images/R25-264-3_x045568_y006656.png,context/R25-264-3_x045568_y006656.jpg,253.6,760.8,341 341 341 341,
666,R25-264-11_x027648_y026112,R25-264-11,images/R25-264-11_x027648_y026112.png,context/R25-264-11_x027648_y026112.jpg,253.6,760.8,341 341 341 341,
667,R25-264-10_x004608_y016896,R25-264-10,images/R25-264-10_x004608_y016896.png,context/R25-264-10_x004608_y016896.jpg,253.6,760.8,341 341 341 341,
668,R26-122-15_HE_85_x022016_y009216,R26-122-15_HE_85,images/R26-122-15_HE_85_x022016_y009216.png,context/R26-122-15_HE_85_x022016_y009216.jpg,253.6,760.8,341 341 341 341,
669,R26-122-9_HE_78_x011776_y011776,R26-122-9_HE_78,images/R26-122-9_HE_78_x011776_y011776.png,context/R26-122-9_HE_78_x011776_y011776.jpg,253.6,760.8,341 341 341 341,
670,R25-264-36_x011776_y020992,R25-264-36,images/R25-264-36_x011776_y020992.png,context/R25-264-36_x011776_y020992.jpg,253.6,760.8,341 341 341 341,
671,R25-264-10_x026112_y021504,R25-264-10,images/R25-264-10_x026112_y021504.png,context/R25-264-10_x026112_y021504.jpg,253.6,760.8,341 341 341 341,
672,R25-264-1_x030720_y023552,R25-264-1,images/R25-264-1_x030720_y023552.png,context/R25-264-1_x030720_y023552.jpg,253.6,760.8,341 341 341 341,
673,R26-122-1_HE_70_x022016_y006144,R26-122-1_HE_70,images/R26-122-1_HE_70_x022016_y006144.png,context/R26-122-1_HE_70_x022016_y006144.jpg,253.6,760.8,341 341 341 341,
674,R25-264-3_x017408_y027648,R25-264-3,images/R25-264-3_x017408_y027648.png,context/R25-264-3_x017408_y027648.jpg,253.6,760.8,341 341 341 341,
675,R25-264-1_x011264_y023040,R25-264-1,images/R25-264-1_x011264_y023040.png,context/R25-264-1_x011264_y023040.jpg,253.6,760.8,341 341 341 341,
676,R25-264-13_x032256_y011264,R25-264-13,images/R25-264-13_x032256_y011264.png,context/R25-264-13_x032256_y011264.jpg,253.6,760.8,341 341 341 341,
677,R25-264-11_x025600_y026624,R25-264-11,images/R25-264-11_x025600_y026624.png,context/R25-264-11_x025600_y026624.jpg,253.6,760.8,341 341 341 341,
678,R25-264-36_x024064_y007168,R25-264-36,images/R25-264-36_x024064_y007168.png,context/R25-264-36_x024064_y007168.jpg,253.6,760.8,341 341 341 341,
679,R25-264-31_x023040_y019968,R25-264-31,images/R25-264-31_x023040_y019968.png,context/R25-264-31_x023040_y019968.jpg,253.6,760.8,341 341 341 341,
680,R25-264-30_x041472_y026112,R25-264-30,images/R25-264-30_x041472_y026112.png,context/R25-264-30_x041472_y026112.jpg,253.6,760.8,341 341 341 341,
681,R25-264-13_x030208_y018432,R25-264-13,images/R25-264-13_x030208_y018432.png,context/R25-264-13_x030208_y018432.jpg,253.6,760.8,341 341 341 341,
682,R25-264-37_x010752_y020480,R25-264-37,images/R25-264-37_x010752_y020480.png,context/R25-264-37_x010752_y020480.jpg,253.6,760.8,341 341 341 341,
683,R25-264-3_x023552_y020992,R25-264-3,images/R25-264-3_x023552_y020992.png,context/R25-264-3_x023552_y020992.jpg,253.6,760.8,341 341 341 341,
684,R26-122-2_HE_71_x003584_y012800,R26-122-2_HE_71,images/R26-122-2_HE_71_x003584_y012800.png,context/R26-122-2_HE_71_x003584_y012800.jpg,253.6,760.8,341 341 341 341,
685,R25-264-36_x033280_y011776,R25-264-36,images/R25-264-36_x033280_y011776.png,context/R25-264-36_x033280_y011776.jpg,253.6,760.8,341 341 341 341,
686,R26-122-12_HE_81_x021504_y008192,R26-122-12_HE_81,images/R26-122-12_HE_81_x021504_y008192.png,context/R26-122-12_HE_81_x021504_y008192.jpg,253.6,760.8,341 341 341 341,
687,R25-264-35_x004608_y026112,R25-264-35,images/R25-264-35_x004608_y026112.png,context/R25-264-35_x004608_y026112.jpg,253.6,760.8,341 341 341 341,
688,R25-264-10_x010240_y022016__r2,R25-264-10,images/R25-264-10_x010240_y022016.png,context/R25-264-10_x010240_y022016.jpg,253.6,760.8,341 341 341 341,R25-264-10_x010240_y022016
689,R25-264-31_x030720_y016384,R25-264-31,images/R25-264-31_x030720_y016384.png,context/R25-264-31_x030720_y016384.jpg,253.6,760.8,341 341 341 341,
690,R26-122-29_HE_82_x014336_y011264,R26-122-29_HE_82,images/R26-122-29_HE_82_x014336_y011264.png,context/R26-122-29_HE_82_x014336_y011264.jpg,253.6,760.8,341 341 341 341,
691,R25-264-12_x015360_y014848,R25-264-12,images/R25-264-12_x015360_y014848.png,context/R25-264-12_x015360_y014848.jpg,253.6,760.8,341 341 341 341,
692,R25-264-13_x035840_y023040,R25-264-13,images/R25-264-13_x035840_y023040.png,context/R25-264-13_x035840_y023040.jpg,253.6,760.8,341 341 341 341,
693,R25-264-37_x018944_y010240__r2,R25-264-37,images/R25-264-37_x018944_y010240.png,context/R25-264-37_x018944_y010240.jpg,253.6,760.8,341 341 341 341,R25-264-37_x018944_y010240
694,R25-264-37_x031232_y020480,R25-264-37,images/R25-264-37_x031232_y020480.png,context/R25-264-37_x031232_y020480.jpg,253.6,760.8,341 341 341 341,
695,R26-122-15_HE_85_x017920_y014336,R26-122-15_HE_85,images/R26-122-15_HE_85_x017920_y014336.png,context/R26-122-15_HE_85_x017920_y014336.jpg,253.6,760.8,341 341 341 341,
696,R25-264-37_x026112_y007680,R25-264-37,images/R25-264-37_x026112_y007680.png,context/R25-264-37_x026112_y007680.jpg,253.6,760.8,341 341 341 341,
697,R25-264-31_x016896_y016384,R25-264-31,images/R25-264-31_x016896_y016384.png,context/R25-264-31_x016896_y016384.jpg,253.6,760.8,341 341 341 341,
698,R25-264-12_x034304_y010752,R25-264-12,images/R25-264-12_x034304_y010752.png,context/R25-264-12_x034304_y010752.jpg,253.6,760.8,341 341 341 341,
699,R25-264-3_x034816_y020992,R25-264-3,images/R25-264-3_x034816_y020992.png,context/R25-264-3_x034816_y020992.jpg,253.6,760.8,341 341 341 341,
700,R25-264-13_x041472_y018944,R25-264-13,images/R25-264-13_x041472_y018944.png,context/R25-264-13_x041472_y018944.jpg,253.6,760.8,341 341 341 341,
701,R25-264-12_x038912_y021504,R25-264-12,images/R25-264-12_x038912_y021504.png,context/R25-264-12_x038912_y021504.jpg,253.6,760.8,341 341 341 341,
702,R25-264-1_x016896_y021504,R25-264-1,images/R25-264-1_x016896_y021504.png,context/R25-264-1_x016896_y021504.jpg,253.6,760.8,341 341 341 341,
703,R25-264-37_x024064_y008704,R25-264-37,images/R25-264-37_x024064_y008704.png,context/R25-264-37_x024064_y008704.jpg,253.6,760.8,341 341 341 341,
704,R26-122-3_HE_72_x011264_y015872,R26-122-3_HE_72,images/R26-122-3_HE_72_x011264_y015872.png,context/R26-122-3_HE_72_x011264_y015872.jpg,253.6,760.8,341 341 341 341,
705,R26-122-31_HE_98_x023040_y009728,R26-122-31_HE_98,images/R26-122-31_HE_98_x023040_y009728.png,context/R26-122-31_HE_98_x023040_y009728.jpg,253.6,760.8,341 341 341 341,
706,R26-122-2_HE_71_x017408_y012800,R26-122-2_HE_71,images/R26-122-2_HE_71_x017408_y012800.png,context/R26-122-2_HE_71_x017408_y012800.jpg,253.6,760.8,341 341 341 341,
707,R25-264-36_x008192_y016384__r2,R25-264-36,images/R25-264-36_x008192_y016384.png,context/R25-264-36_x008192_y016384.jpg,253.6,760.8,341 341 341 341,R25-264-36_x008192_y016384
708,R25-264-35_x020480_y009728,R25-264-35,images/R25-264-35_x020480_y009728.png,context/R25-264-35_x020480_y009728.jpg,253.6,760.8,341 341 341 341,
709,R25-264-12_x025088_y022016,R25-264-12,images/R25-264-12_x025088_y022016.png,context/R25-264-12_x025088_y022016.jpg,253.6,760.8,341 341 341 341,
710,R25-264-33_x025600_y015360,R25-264-33,images/R25-264-33_x025600_y015360.png,context/R25-264-33_x025600_y015360.jpg,253.6,760.8,341 341 341 341,
711,R25-264-3_x010752_y014848__r2,R25-264-3,images/R25-264-3_x010752_y014848.png,context/R25-264-3_x010752_y014848.jpg,253.6,760.8,341 341 341 341,R25-264-3_x010752_y014848
712,R25-264-36_x007168_y007168,R25-264-36,images/R25-264-36_x007168_y007168.png,context/R25-264-36_x007168_y007168.jpg,253.6,760.8,341 341 341 341,
713,R25-264-33_x011776_y018432,R25-264-33,images/R25-264-33_x011776_y018432.png,context/R25-264-33_x011776_y018432.jpg,253.6,760.8,341 341 341 341,
714,R26-122-1_HE_70_x018944_y014848__r2,R26-122-1_HE_70,images/R26-122-1_HE_70_x018944_y014848.png,context/R26-122-1_HE_70_x018944_y014848.jpg,253.6,760.8,341 341 341 341,R26-122-1_HE_70_x018944_y014848
715,R26-122-26_HE_107_x014336_y011264,R26-122-26_HE_107,images/R26-122-26_HE_107_x014336_y011264.png,context/R26-122-26_HE_107_x014336_y011264.jpg,253.6,760.8,341 341 341 341,
716,R25-264-12_x040960_y022016,R25-264-12,images/R25-264-12_x040960_y022016.png,context/R25-264-12_x040960_y022016.jpg,253.6,760.8,341 341 341 341,
717,R26-122-6_HE_75_x007680_y011264,R26-122-6_HE_75,images/R26-122-6_HE_75_x007680_y011264.png,context/R26-122-6_HE_75_x007680_y011264.jpg,253.6,760.8,341 341 341 341,
718,R26-122-1_HE_70_x010752_y013824,R26-122-1_HE_70,images/R26-122-1_HE_70_x010752_y013824.png,context/R26-122-1_HE_70_x010752_y013824.jpg,253.6,760.8,341 341 341 341,
719,R26-122-9_HE_78_x006144_y011264,R26-122-9_HE_78,images/R26-122-9_HE_78_x006144_y011264.png,context/R26-122-9_HE_78_x006144_y011264.jpg,253.6,760.8,341 341 341 341,
720,R25-264-3_x019968_y020992,R25-264-3,images/R25-264-3_x019968_y020992.png,context/R25-264-3_x019968_y020992.jpg,253.6,760.8,341 341 341 341,
721,R25-264-1_x017920_y023040,R25-264-1,images/R25-264-1_x017920_y023040.png,context/R25-264-1_x017920_y023040.jpg,253.6,760.8,341 341 341 341,
722,R25-264-31_x027136_y009728,R25-264-31,images/R25-264-31_x027136_y009728.png,context/R25-264-31_x027136_y009728.jpg,253.6,760.8,341 341 341 341,
723,R25-264-1_x026112_y023040,R25-264-1,images/R25-264-1_x026112_y023040.png,context/R25-264-1_x026112_y023040.jpg,253.6,760.8,341 341 341 341,
724,R25-264-11_x016384_y027136,R25-264-11,images/R25-264-11_x016384_y027136.png,context/R25-264-11_x016384_y027136.jpg,253.6,760.8,341 341 341 341,
725,R26-122-12_HE_81_x005632_y016384,R26-122-12_HE_81,images/R26-122-12_HE_81_x005632_y016384.png,context/R26-122-12_HE_81_x005632_y016384.jpg,253.6,760.8,341 341 341 341,
726,R25-264-11_x017920_y012288,R25-264-11,images/R25-264-11_x017920_y012288.png,context/R25-264-11_x017920_y012288.jpg,253.6,760.8,341 341 341 341,
727,R26-122-2_HE_71_x007168_y010240__r2,R26-122-2_HE_71,images/R26-122-2_HE_71_x007168_y010240.png,context/R26-122-2_HE_71_x007168_y010240.jpg,253.6,760.8,341 341 341 341,R26-122-2_HE_71_x007168_y010240
728,R25-264-36_x007168_y016384,R25-264-36,images/R25-264-36_x007168_y016384.png,context/R25-264-36_x007168_y016384.jpg,253.6,760.8,341 341 341 341,
729,R25-264-36_x031232_y007168,R25-264-36,images/R25-264-36_x031232_y007168.png,context/R25-264-36_x031232_y007168.jpg,253.6,760.8,341 341 341 341,
730,R25-264-31_x027648_y015360,R25-264-31,images/R25-264-31_x027648_y015360.png,context/R25-264-31_x027648_y015360.jpg,253.6,760.8,341 341 341 341,
731,R25-264-1_x006656_y020992,R25-264-1,images/R25-264-1_x006656_y020992.png,context/R25-264-1_x006656_y020992.jpg,253.6,760.8,341 341 341 341,
732,R26-122-34_HE_93_x005120_y008704,R26-122-34_HE_93,images/R26-122-34_HE_93_x005120_y008704.png,context/R26-122-34_HE_93_x005120_y008704.jpg,253.6,760.8,341 341 341 341,
733,R26-122-3_HE_72_x011264_y010240,R26-122-3_HE_72,images/R26-122-3_HE_72_x011264_y010240.png,context/R26-122-3_HE_72_x011264_y010240.jpg,253.6,760.8,341 341 341 341,
734,R25-264-36_x012288_y012288,R25-264-36,images/R25-264-36_x012288_y012288.png,context/R25-264-36_x012288_y012288.jpg,253.6,760.8,341 341 341 341,
735,R25-264-37_x025600_y009216,R25-264-37,images/R25-264-37_x025600_y009216.png,context/R25-264-37_x025600_y009216.jpg,253.6,760.8,341 341 341 341,
736,R25-264-33_x012288_y019968,R25-264-33,images/R25-264-33_x012288_y019968.png,context/R25-264-33_x012288_y019968.jpg,253.6,760.8,341 341 341 341,
737,R25-264-3_x030208_y027648,R25-264-3,images/R25-264-3_x030208_y027648.png,context/R25-264-3_x030208_y027648.jpg,253.6,760.8,341 341 341 341,
738,R25-264-37_x024064_y007680,R25-264-37,images/R25-264-37_x024064_y007680.png,context/R25-264-37_x024064_y007680.jpg,253.6,760.8,341 341 341 341,
739,R26-122-6_HE_75_x022016_y018432,R26-122-6_HE_75,images/R26-122-6_HE_75_x022016_y018432.png,context/R26-122-6_HE_75_x022016_y018432.jpg,253.6,760.8,341 341 341 341,
740,R25-264-36_x022528_y007168,R25-264-36,images/R25-264-36_x022528_y007168.png,context/R25-264-36_x022528_y007168.jpg,253.6,760.8,341 341 341 341,
741,R25-264-13_x026624_y023040,R25-264-13,images/R25-264-13_x026624_y023040.png,context/R25-264-13_x026624_y023040.jpg,253.6,760.8,341 341 341 341,
742,R25-264-13_x027648_y023040,R25-264-13,images/R25-264-13_x027648_y023040.png,context/R25-264-13_x027648_y023040.jpg,253.6,760.8,341 341 341 341,
743,R26-122-15_HE_85_x011264_y014336,R26-122-15_HE_85,images/R26-122-15_HE_85_x011264_y014336.png,context/R26-122-15_HE_85_x011264_y014336.jpg,253.6,760.8,341 341 341 341,
744,R25-264-35_x007168_y015360,R25-264-35,images/R25-264-35_x007168_y015360.png,context/R25-264-35_x007168_y015360.jpg,253.6,760.8,341 341 341 341,
745,R25-264-36_x036864_y015872,R25-264-36,images/R25-264-36_x036864_y015872.png,context/R25-264-36_x036864_y015872.jpg,253.6,760.8,341 341 341 341,
746,R25-264-1_x007680_y024064,R25-264-1,images/R25-264-1_x007680_y024064.png,context/R25-264-1_x007680_y024064.jpg,253.6,760.8,341 341 341 341,
747,R26-122-6_HE_75_x012800_y010240,R26-122-6_HE_75,images/R26-122-6_HE_75_x012800_y010240.png,context/R26-122-6_HE_75_x012800_y010240.jpg,253.6,760.8,341 341 341 341,
748,R26-122-12_HE_81_x012288_y016896__r2,R26-122-12_HE_81,images/R26-122-12_HE_81_x012288_y016896.png,context/R26-122-12_HE_81_x012288_y016896.jpg,253.6,760.8,341 341 341 341,R26-122-12_HE_81_x012288_y016896
749,R25-264-3_x033792_y020992,R25-264-3,images/R25-264-3_x033792_y020992.png,context/R25-264-3_x033792_y020992.jpg,253.6,760.8,341 341 341 341,
750,R26-122-6_HE_75_x003584_y011264,R26-122-6_HE_75,images/R26-122-6_HE_75_x003584_y011264.png,context/R26-122-6_HE_75_x003584_y011264.jpg,253.6,760.8,341 341 341 341,
751,R25-264-13_x038400_y023040,R25-264-13,images/R25-264-13_x038400_y023040.png,context/R25-264-13_x038400_y023040.jpg,253.6,760.8,341 341 341 341,
752,R25-264-12_x015360_y011264,R25-264-12,images/R25-264-12_x015360_y011264.png,context/R25-264-12_x015360_y011264.jpg,253.6,760.8,341 341 341 341,
753,R25-264-33_x008192_y015360,R25-264-33,images/R25-264-33_x008192_y015360.png,context/R25-264-33_x008192_y015360.jpg,253.6,760.8,341 341 341 341,
754,R25-264-34_x026112_y018432,R25-264-34,images/R25-264-34_x026112_y018432.png,context/R25-264-34_x026112_y018432.jpg,253.6,760.8,341 341 341 341,
755,R26-122-34_HE_93_x010752_y007680,R26-122-34_HE_93,images/R26-122-34_HE_93_x010752_y007680.png,context/R26-122-34_HE_93_x010752_y007680.jpg,253.6,760.8,341 341 341 341,
756,R25-264-3_x028672_y014336,R25-264-3,images/R25-264-3_x028672_y014336.png,context/R25-264-3_x028672_y014336.jpg,253.6,760.8,341 341 341 341,
757,R25-264-37_x018944_y008192,R25-264-37,images/R25-264-37_x018944_y008192.png,context/R25-264-37_x018944_y008192.jpg,253.6,760.8,341 341 341 341,
758,R25-264-11_x028672_y026112,R25-264-11,images/R25-264-11_x028672_y026112.png,context/R25-264-11_x028672_y026112.jpg,253.6,760.8,341 341 341 341,
759,R25-264-31_x021504_y010240,R25-264-31,images/R25-264-31_x021504_y010240.png,context/R25-264-31_x021504_y010240.jpg,253.6,760.8,341 341 341 341,
760,R26-122-10_HE_79_x016384_y008704,R26-122-10_HE_79,images/R26-122-10_HE_79_x016384_y008704.png,context/R26-122-10_HE_79_x016384_y008704.jpg,253.6,760.8,341 341 341 341,
761,R25-264-31_x015872_y016896,R25-264-31,images/R25-264-31_x015872_y016896.png,context/R25-264-31_x015872_y016896.jpg,253.6,760.8,341 341 341 341,
762,R25-264-10_x028160_y011264,R25-264-10,images/R25-264-10_x028160_y011264.png,context/R25-264-10_x028160_y011264.jpg,253.6,760.8,341 341 341 341,
763,R25-264-32_x010752_y022528,R25-264-32,images/R25-264-32_x010752_y022528.png,context/R25-264-32_x010752_y022528.jpg,253.6,760.8,341 341 341 341,
764,R25-264-34_x008704_y009728,R25-264-34,images/R25-264-34_x008704_y009728.png,context/R25-264-34_x008704_y009728.jpg,253.6,760.8,341 341 341 341,
765,R25-264-12_x031744_y015360__r2,R25-264-12,images/R25-264-12_x031744_y015360.png,context/R25-264-12_x031744_y015360.jpg,253.6,760.8,341 341 341 341,R25-264-12_x031744_y015360
766,R25-264-3_x015872_y007680,R25-264-3,images/R25-264-3_x015872_y007680.png,context/R25-264-3_x015872_y007680.jpg,253.6,760.8,341 341 341 341,
767,R25-264-13_x030208_y023040,R25-264-13,images/R25-264-13_x030208_y023040.png,context/R25-264-13_x030208_y023040.jpg,253.6,760.8,341 341 341 341,
768,R25-264-3_x030208_y014336,R25-264-3,images/R25-264-3_x030208_y014336.png,context/R25-264-3_x030208_y014336.jpg,253.6,760.8,341 341 341 341,
769,R25-264-1_x007680_y021504,R25-264-1,images/R25-264-1_x007680_y021504.png,context/R25-264-1_x007680_y021504.jpg,253.6,760.8,341 341 341 341,
770,R25-264-30_x012288_y026624,R25-264-30,images/R25-264-30_x012288_y026624.png,context/R25-264-30_x012288_y026624.jpg,253.6,760.8,341 341 341 341,
771,R25-264-10_x017920_y021504,R25-264-10,images/R25-264-10_x017920_y021504.png,context/R25-264-10_x017920_y021504.jpg,253.6,760.8,341 341 341 341,
772,R25-264-35_x007680_y019968,R25-264-35,images/R25-264-35_x007680_y019968.png,context/R25-264-35_x007680_y019968.jpg,253.6,760.8,341 341 341 341,
773,R25-264-10_x026112_y016384__r2,R25-264-10,images/R25-264-10_x026112_y016384.png,context/R25-264-10_x026112_y016384.jpg,253.6,760.8,341 341 341 341,R25-264-10_x026112_y016384
774,R25-264-33_x008192_y007680,R25-264-33,images/R25-264-33_x008192_y007680.png,context/R25-264-33_x008192_y007680.jpg,253.6,760.8,341 341 341 341,
775,R25-264-33_x007168_y007680,R25-264-33,images/R25-264-33_x007168_y007680.png,context/R25-264-33_x007168_y007680.jpg,253.6,760.8,341 341 341 341,
776,R26-122-1_HE_70_x022528_y018944,R26-122-1_HE_70,images/R26-122-1_HE_70_x022528_y018944.png,context/R26-122-1_HE_70_x022528_y018944.jpg,253.6,760.8,341 341 341 341,
777,R25-264-34_x020992_y018944,R25-264-34,images/R25-264-34_x020992_y018944.png,context/R25-264-34_x020992_y018944.jpg,253.6,760.8,341 341 341 341,
778,R25-264-3_x032768_y027648,R25-264-3,images/R25-264-3_x032768_y027648.png,context/R25-264-3_x032768_y027648.jpg,253.6,760.8,341 341 341 341,
779,R26-122-17_HE_101_x026112_y017408,R26-122-17_HE_101,images/R26-122-17_HE_101_x026112_y017408.png,context/R26-122-17_HE_101_x026112_y017408.jpg,253.6,760.8,341 341 341 341,
780,R25-264-3_x016896_y007168,R25-264-3,images/R25-264-3_x016896_y007168.png,context/R25-264-3_x016896_y007168.jpg,253.6,760.8,341 341 341 341,
781,R26-122-23_HE_91_x010240_y015360,R26-122-23_HE_91,images/R26-122-23_HE_91_x010240_y015360.png,context/R26-122-23_HE_91_x010240_y015360.jpg,253.6,760.8,341 341 341 341,
782,R25-264-33_x010240_y018432,R25-264-33,images/R25-264-33_x010240_y018432.png,context/R25-264-33_x010240_y018432.jpg,253.6,760.8,341 341 341 341,
783,R25-264-31_x032256_y019968,R25-264-31,images/R25-264-31_x032256_y019968.png,context/R25-264-31_x032256_y019968.jpg,253.6,760.8,341 341 341 341,
784,R25-264-36_x030208_y006656,R25-264-36,images/R25-264-36_x030208_y006656.png,context/R25-264-36_x030208_y006656.jpg,253.6,760.8,341 341 341 341,
785,R26-122-34_HE_93_x006144_y013312__r2,R26-122-34_HE_93,images/R26-122-34_HE_93_x006144_y013312.png,context/R26-122-34_HE_93_x006144_y013312.jpg,253.6,760.8,341 341 341 341,R26-122-34_HE_93_x006144_y013312
786,R25-264-37_x015872_y010240,R25-264-37,images/R25-264-37_x015872_y010240.png,context/R25-264-37_x015872_y010240.jpg,253.6,760.8,341 341 341 341,
787,R25-264-30_x018432_y008192,R25-264-30,images/R25-264-30_x018432_y008192.png,context/R25-264-30_x018432_y008192.jpg,253.6,760.8,341 341 341 341,
788,R26-122-9_HE_78_x012800_y019968,R26-122-9_HE_78,images/R26-122-9_HE_78_x012800_y019968.png,context/R26-122-9_HE_78_x012800_y019968.jpg,253.6,760.8,341 341 341 341,
789,R25-264-1_x021504_y023040,R25-264-1,images/R25-264-1_x021504_y023040.png,context/R25-264-1_x021504_y023040.jpg,253.6,760.8,341 341 341 341,
790,R25-264-31_x012288_y016896,R25-264-31,images/R25-264-31_x012288_y016896.png,context/R25-264-31_x012288_y016896.jpg,253.6,760.8,341 341 341 341,
791,R25-264-36_x013824_y012288,R25-264-36,images/R25-264-36_x013824_y012288.png,context/R25-264-36_x013824_y012288.jpg,253.6,760.8,341 341 341 341,
792,R25-264-3_x013312_y028160,R25-264-3,images/R25-264-3_x013312_y028160.png,context/R25-264-3_x013312_y028160.jpg,253.6,760.8,341 341 341 341,
793,R25-264-36_x022016_y016384,R25-264-36,images/R25-264-36_x022016_y016384.png,context/R25-264-36_x022016_y016384.jpg,253.6,760.8,341 341 341 341,
794,R26-122-10_HE_79_x006656_y010240,R26-122-10_HE_79,images/R26-122-10_HE_79_x006656_y010240.png,context/R26-122-10_HE_79_x006656_y010240.jpg,253.6,760.8,341 341 341 341,
795,R25-264-33_x015872_y019456,R25-264-33,images/R25-264-33_x015872_y019456.png,context/R25-264-33_x015872_y019456.jpg,253.6,760.8,341 341 341 341,
796,R26-122-6_HE_75_x018432_y009728,R26-122-6_HE_75,images/R26-122-6_HE_75_x018432_y009728.png,context/R26-122-6_HE_75_x018432_y009728.jpg,253.6,760.8,341 341 341 341,
797,R25-264-35_x035328_y019456,R25-264-35,images/R25-264-35_x035328_y019456.png,context/R25-264-35_x035328_y019456.jpg,253.6,760.8,341 341 341 341,
798,R26-122-23_HE_91_x024576_y014336,R26-122-23_HE_91,images/R26-122-23_HE_91_x024576_y014336.png,context/R26-122-23_HE_91_x024576_y014336.jpg,253.6,760.8,341 341 341 341,
799,R25-264-36_x022528_y020992,R25-264-36,images/R25-264-36_x022528_y020992.png,context/R25-264-36_x022528_y020992.jpg,253.6,760.8,341 341 341 341,
800,R25-264-3_x048128_y014336,R25-264-3,images/R25-264-3_x048128_y014336.png,context/R25-264-3_x048128_y014336.jpg,253.6,760.8,341 341 341 341,
801,R25-264-11_x030208_y011776,R25-264-11,images/R25-264-11_x030208_y011776.png,context/R25-264-11_x030208_y011776.jpg,253.6,760.8,341 341 341 341,
802,R25-264-32_x026112_y019456,R25-264-32,images/R25-264-32_x026112_y019456.png,context/R25-264-32_x026112_y019456.jpg,253.6,760.8,341 341 341 341,
803,R25-264-1_x023552_y022528,R25-264-1,images/R25-264-1_x023552_y022528.png,context/R25-264-1_x023552_y022528.jpg,253.6,760.8,341 341 341 341,
804,R26-122-9_HE_78_x010752_y019456,R26-122-9_HE_78,images/R26-122-9_HE_78_x010752_y019456.png,context/R26-122-9_HE_78_x010752_y019456.jpg,253.6,760.8,341 341 341 341,
805,R25-264-10_x022528_y021504,R25-264-10,images/R25-264-10_x022528_y021504.png,context/R25-264-10_x022528_y021504.jpg,253.6,760.8,341 341 341 341,
806,R25-264-34_x014848_y010240,R25-264-34,images/R25-264-34_x014848_y010240.png,context/R25-264-34_x014848_y010240.jpg,253.6,760.8,341 341 341 341,
807,R25-264-32_x044032_y022016,R25-264-32,images/R25-264-32_x044032_y022016.png,context/R25-264-32_x044032_y022016.jpg,253.6,760.8,341 341 341 341,
808,R26-122-29_HE_82_x006144_y017408,R26-122-29_HE_82,images/R26-122-29_HE_82_x006144_y017408.png,context/R26-122-29_HE_82_x006144_y017408.jpg,253.6,760.8,341 341 341 341,
809,R26-122-19_HE_103_x021504_y013312,R26-122-19_HE_103,images/R26-122-19_HE_103_x021504_y013312.png,context/R26-122-19_HE_103_x021504_y013312.jpg,253.6,760.8,341 341 341 341,
810,R25-264-30_x012288_y008192,R25-264-30,images/R25-264-30_x012288_y008192.png,context/R25-264-30_x012288_y008192.jpg,253.6,760.8,341 341 341 341,
811,R26-122-23_HE_91_x016896_y015360,R26-122-23_HE_91,images/R26-122-23_HE_91_x016896_y015360.png,context/R26-122-23_HE_91_x016896_y015360.jpg,253.6,760.8,341 341 341 341,
812,R25-264-36_x014848_y016896,R25-264-36,images/R25-264-36_x014848_y016896.png,context/R25-264-36_x014848_y016896.jpg,253.6,760.8,341 341 341 341,
813,R25-264-3_x048128_y027648,R25-264-3,images/R25-264-3_x048128_y027648.png,context/R25-264-3_x048128_y027648.jpg,253.6,760.8,341 341 341 341,
814,R25-264-13_x016384_y011776,R25-264-13,images/R25-264-13_x016384_y011776.png,context/R25-264-13_x016384_y011776.jpg,253.6,760.8,341 341 341 341,
815,R25-264-31_x015360_y009728__r2,R25-264-31,images/R25-264-31_x015360_y009728.png,context/R25-264-31_x015360_y009728.jpg,253.6,760.8,341 341 341 341,R25-264-31_x015360_y009728
816,R25-264-32_x030720_y010752,R25-264-32,images/R25-264-32_x030720_y010752.png,context/R25-264-32_x030720_y010752.jpg,253.6,760.8,341 341 341 341,
817,R25-264-3_x032768_y014336,R25-264-3,images/R25-264-3_x032768_y014336.png,context/R25-264-3_x032768_y014336.jpg,253.6,760.8,341 341 341 341,
818,R25-264-37_x033280_y008192,R25-264-37,images/R25-264-37_x033280_y008192.png,context/R25-264-37_x033280_y008192.jpg,253.6,760.8,341 341 341 341,
819,R25-264-35_x019456_y019456,R25-264-35,images/R25-264-35_x019456_y019456.png,context/R25-264-35_x019456_y019456.jpg,253.6,760.8,341 341 341 341,
820,R25-264-32_x018944_y022528__r2,R25-264-32,images/R25-264-32_x018944_y022528.png,context/R25-264-32_x018944_y022528.jpg,253.6,760.8,341 341 341 341,R25-264-32_x018944_y022528
821,R25-264-35_x030720_y019968,R25-264-35,images/R25-264-35_x030720_y019968.png,context/R25-264-35_x030720_y019968.jpg,253.6,760.8,341 341 341 341,
822,R25-264-32_x008192_y022528,R25-264-32,images/R25-264-32_x008192_y022528.png,context/R25-264-32_x008192_y022528.jpg,253.6,760.8,341 341 341 341,
823,R25-264-3_x027648_y014336,R25-264-3,images/R25-264-3_x027648_y014336.png,context/R25-264-3_x027648_y014336.jpg,253.6,760.8,341 341 341 341,
824,R26-122-34_HE_93_x019456_y012288,R26-122-34_HE_93,images/R26-122-34_HE_93_x019456_y012288.png,context/R26-122-34_HE_93_x019456_y012288.jpg,253.6,760.8,341 341 341 341,
825,R25-264-37_x034816_y010240,R25-264-37,images/R25-264-37_x034816_y010240.png,context/R25-264-37_x034816_y010240.jpg,253.6,760.8,341 341 341 341,
826,R25-264-32_x017408_y022528,R25-264-32,images/R25-264-32_x017408_y022528.png,context/R25-264-32_x017408_y022528.jpg,253.6,760.8,341 341 341 341,
827,R25-264-34_x024576_y011264,R25-264-34,images/R25-264-34_x024576_y011264.png,context/R25-264-34_x024576_y011264.jpg,253.6,760.8,341 341 341 341,
828,R25-264-37_x018944_y009216,R25-264-37,images/R25-264-37_x018944_y009216.png,context/R25-264-37_x018944_y009216.jpg,253.6,760.8,341 341 341 341,
829,R25-264-34_x017408_y009728__r2,R25-264-34,images/R25-264-34_x017408_y009728.png,context/R25-264-34_x017408_y009728.jpg,253.6,760.8,341 341 341 341,R25-264-34_x017408_y009728
830,R25-264-30_x015360_y026624,R25-264-30,images/R25-264-30_x015360_y026624.png,context/R25-264-30_x015360_y026624.jpg,253.6,760.8,341 341 341 341,
831,R25-264-37_x032768_y007168__r2,R25-264-37,images/R25-264-37_x032768_y007168.png,context/R25-264-37_x032768_y007168.jpg,253.6,760.8,341 341 341 341,R25-264-37_x032768_y007168
832,R25-264-3_x012288_y028160,R25-264-3,images/R25-264-3_x012288_y028160.png,context/R25-264-3_x012288_y028160.jpg,253.6,760.8,341 341 341 341,
833,R25-264-11_x003584_y011776,R25-264-11,images/R25-264-11_x003584_y011776.png,context/R25-264-11_x003584_y011776.jpg,253.6,760.8,341 341 341 341,
834,R25-264-37_x026112_y020480,R25-264-37,images/R25-264-37_x026112_y020480.png,context/R25-264-37_x026112_y020480.jpg,253.6,760.8,341 341 341 341,
835,R26-122-9_HE_78_x006144_y019456,R26-122-9_HE_78,images/R26-122-9_HE_78_x006144_y019456.png,context/R26-122-9_HE_78_x006144_y019456.jpg,253.6,760.8,341 341 341 341,
836,R25-264-37_x017920_y008704,R25-264-37,images/R25-264-37_x017920_y008704.png,context/R25-264-37_x017920_y008704.jpg,253.6,760.8,341 341 341 341,
837,R25-264-33_x019968_y007168,R25-264-33,images/R25-264-33_x019968_y007168.png,context/R25-264-33_x019968_y007168.jpg,253.6,760.8,341 341 341 341,
838,R25-264-35_x031744_y015360,R25-264-35,images/R25-264-35_x031744_y015360.png,context/R25-264-35_x031744_y015360.jpg,253.6,760.8,341 341 341 341,
839,R25-264-37_x015360_y008704,R25-264-37,images/R25-264-37_x015360_y008704.png,context/R25-264-37_x015360_y008704.jpg,253.6,760.8,341 341 341 341,
840,R25-264-33_x035328_y014848,R25-264-33,images/R25-264-33_x035328_y014848.png,context/R25-264-33_x035328_y014848.jpg,253.6,760.8,341 341 341 341,
841,R25-264-30_x036864_y008192,R25-264-30,images/R25-264-30_x036864_y008192.png,context/R25-264-30_x036864_y008192.jpg,253.6,760.8,341 341 341 341,
842,R26-122-15_HE_85_x023552_y014848,R26-122-15_HE_85,images/R26-122-15_HE_85_x023552_y014848.png,context/R26-122-15_HE_85_x023552_y014848.jpg,253.6,760.8,341 341 341 341,
843,R25-264-34_x034304_y009728,R25-264-34,images/R25-264-34_x034304_y009728.png,context/R25-264-34_x034304_y009728.jpg,253.6,760.8,341 341 341 341,
844,R25-264-1_x032256_y023552,R25-264-1,images/R25-264-1_x032256_y023552.png,context/R25-264-1_x032256_y023552.jpg,253.6,760.8,341 341 341 341,
845,R25-264-3_x045568_y027648,R25-264-3,images/R25-264-3_x045568_y027648.png,context/R25-264-3_x045568_y027648.jpg,253.6,760.8,341 341 341 341,
846,R25-264-31_x006144_y017408,R25-264-31,images/R25-264-31_x006144_y017408.png,context/R25-264-31_x006144_y017408.jpg,253.6,760.8,341 341 341 341,
847,R25-264-32_x022016_y022016__r2,R25-264-32,images/R25-264-32_x022016_y022016.png,context/R25-264-32_x022016_y022016.jpg,253.6,760.8,341 341 341 341,R25-264-32_x022016_y022016
848,R25-264-35_x020480_y026112,R25-264-35,images/R25-264-35_x020480_y026112.png,context/R25-264-35_x020480_y026112.jpg,253.6,760.8,341 341 341 341,
849,R25-264-36_x009216_y007168,R25-264-36,images/R25-264-36_x009216_y007168.png,context/R25-264-36_x009216_y007168.jpg,253.6,760.8,341 341 341 341,
850,R25-264-1_x028672_y020480,R25-264-1,images/R25-264-1_x028672_y020480.png,context/R25-264-1_x028672_y020480.jpg,253.6,760.8,341 341 341 341,
851,R25-264-32_x013824_y019456,R25-264-32,images/R25-264-32_x013824_y019456.png,context/R25-264-32_x013824_y019456.jpg,253.6,760.8,341 341 341 341,
852,R26-122-31_HE_98_x020992_y018944,R26-122-31_HE_98,images/R26-122-31_HE_98_x020992_y018944.png,context/R26-122-31_HE_98_x020992_y018944.jpg,253.6,760.8,341 341 341 341,
853,R26-122-34_HE_93_x016896_y007680,R26-122-34_HE_93,images/R26-122-34_HE_93_x016896_y007680.png,context/R26-122-34_HE_93_x016896_y007680.jpg,253.6,760.8,341 341 341 341,
854,R25-264-3_x012800_y007680__r2,R25-264-3,images/R25-264-3_x012800_y007680.png,context/R25-264-3_x012800_y007680.jpg,253.6,760.8,341 341 341 341,R25-264-3_x012800_y007680
855,R25-264-35_x014848_y026112,R25-264-35,images/R25-264-35_x014848_y026112.png,context/R25-264-35_x014848_y026112.jpg,253.6,760.8,341 341 341 341,
856,R26-122-23_HE_91_x007680_y014848__r2,R26-122-23_HE_91,images/R26-122-23_HE_91_x007680_y014848.png,context/R26-122-23_HE_91_x007680_y014848.jpg,253.6,760.8,341 341 341 341,R26-122-23_HE_91_x007680_y014848
857,R26-122-19_HE_103_x010752_y013312,R26-122-19_HE_103,images/R26-122-19_HE_103_x010752_y013312.png,context/R26-122-19_HE_103_x010752_y013312.jpg,253.6,760.8,341 341 341 341,
858,R25-264-12_x030208_y014848,R25-264-12,images/R25-264-12_x030208_y014848.png,context/R25-264-12_x030208_y014848.jpg,253.6,760.8,341 341 341 341,
859,R25-264-34_x015360_y018944,R25-264-34,images/R25-264-34_x015360_y018944.png,context/R25-264-34_x015360_y018944.jpg,253.6,760.8,341 341 341 341,
860,R25-264-31_x011776_y019968,R25-264-31,images/R25-264-31_x011776_y019968.png,context/R25-264-31_x011776_y019968.jpg,253.6,760.8,341 341 341 341,
861,R25-264-1_x015360_y023040,R25-264-1,images/R25-264-1_x015360_y023040.png,context/R25-264-1_x015360_y023040.jpg,253.6,760.8,341 341 341 341,
862,R25-264-3_x037376_y020992,R25-264-3,images/R25-264-3_x037376_y020992.png,context/R25-264-3_x037376_y020992.jpg,253.6,760.8,341 341 341 341,
863,R25-264-12_x026112_y014336,R25-264-12,images/R25-264-12_x026112_y014336.png,context/R25-264-12_x026112_y014336.jpg,253.6,760.8,341 341 341 341,
864,R25-264-30_x012800_y014336__r2,R25-264-30,images/R25-264-30_x012800_y014336.png,context/R25-264-30_x012800_y014336.jpg,253.6,760.8,341 341 341 341,R25-264-30_x012800_y014336
865,R25-264-37_x017920_y007680__r2,R25-264-37,images/R25-264-37_x017920_y007680.png,context/R25-264-37_x017920_y007680.jpg,253.6,760.8,341 341 341 341,R25-264-37_x017920_y007680
866,R26-122-26_HE_107_x009216_y017408,R26-122-26_HE_107,images/R26-122-26_HE_107_x009216_y017408.png,context/R26-122-26_HE_107_x009216_y017408.jpg,253.6,760.8,341 341 341 341,
867,R25-264-12_x023040_y015360,R25-264-12,images/R25-264-12_x023040_y015360.png,context/R25-264-12_x023040_y015360.jpg,253.6,760.8,341 341 341 341,
868,R26-122-3_HE_72_x006656_y009728__r2,R26-122-3_HE_72,images/R26-122-3_HE_72_x006656_y009728.png,context/R26-122-3_HE_72_x006656_y009728.jpg,253.6,760.8,341 341 341 341,R26-122-3_HE_72_x006656_y009728
869,R26-122-15_HE_85_x022016_y015360,R26-122-15_HE_85,images/R26-122-15_HE_85_x022016_y015360.png,context/R26-122-15_HE_85_x022016_y015360.jpg,253.6,760.8,341 341 341 341,
870,R25-264-30_x033792_y026112,R25-264-30,images/R25-264-30_x033792_y026112.png,context/R25-264-30_x033792_y026112.jpg,253.6,760.8,341 341 341 341,
871,R25-264-12_x032768_y014336,R25-264-12,images/R25-264-12_x032768_y014336.png,context/R25-264-12_x032768_y014336.jpg,253.6,760.8,341 341 341 341,
872,R25-264-35_x010240_y015360,R25-264-35,images/R25-264-35_x010240_y015360.png,context/R25-264-35_x010240_y015360.jpg,253.6,760.8,341 341 341 341,
873,R25-264-11_x034816_y026624,R25-264-11,images/R25-264-11_x034816_y026624.png,context/R25-264-11_x034816_y026624.jpg,253.6,760.8,341 341 341 341,
874,R26-122-31_HE_98_x028160_y011264,R26-122-31_HE_98,images/R26-122-31_HE_98_x028160_y011264.png,context/R26-122-31_HE_98_x028160_y011264.jpg,253.6,760.8,341 341 341 341,
875,R25-264-1_x029696_y024064,R25-264-1,images/R25-264-1_x029696_y024064.png,context/R25-264-1_x029696_y024064.jpg,253.6,760.8,341 341 341 341,
876,R25-264-10_x015872_y016896,R25-264-10,images/R25-264-10_x015872_y016896.png,context/R25-264-10_x015872_y016896.jpg,253.6,760.8,341 341 341 341,
877,R25-264-12_x033792_y021504,R25-264-12,images/R25-264-12_x033792_y021504.png,context/R25-264-12_x033792_y021504.jpg,253.6,760.8,341 341 341 341,
878,R25-264-3_x040960_y020992__r2,R25-264-3,images/R25-264-3_x040960_y020992.png,context/R25-264-3_x040960_y020992.jpg,253.6,760.8,341 341 341 341,R25-264-3_x040960_y020992
879,R25-264-30_x014848_y014336,R25-264-30,images/R25-264-30_x014848_y014336.png,context/R25-264-30_x014848_y014336.jpg,253.6,760.8,341 341 341 341,
880,R25-264-36_x027648_y016384,R25-264-36,images/R25-264-36_x027648_y016384.png,context/R25-264-36_x027648_y016384.jpg,253.6,760.8,341 341 341 341,
881,R25-264-1_x008704_y024064,R25-264-1,images/R25-264-1_x008704_y024064.png,context/R25-264-1_x008704_y024064.jpg,253.6,760.8,341 341 341 341,
882,R25-264-31_x033792_y009728,R25-264-31,images/R25-264-31_x033792_y009728.png,context/R25-264-31_x033792_y009728.jpg,253.6,760.8,341 341 341 341,
883,R25-264-11_x019968_y012288,R25-264-11,images/R25-264-11_x019968_y012288.png,context/R25-264-11_x019968_y012288.jpg,253.6,760.8,341 341 341 341,
884,R25-264-31_x025600_y019968,R25-264-31,images/R25-264-31_x025600_y019968.png,context/R25-264-31_x025600_y019968.jpg,253.6,760.8,341 341 341 341,
885,R25-264-32_x032768_y010752,R25-264-32,images/R25-264-32_x032768_y010752.png,context/R25-264-32_x032768_y010752.jpg,253.6,760.8,341 341 341 341,
886,R25-264-33_x017920_y007168,R25-264-33,images/R25-264-33_x017920_y007168.png,context/R25-264-33_x017920_y007168.jpg,253.6,760.8,341 341 341 341,
887,R25-264-34_x019456_y018944,R25-264-34,images/R25-264-34_x019456_y018944.png,context/R25-264-34_x019456_y018944.jpg,253.6,760.8,341 341 341 341,
888,R25-264-30_x043008_y008192,R25-264-30,images/R25-264-30_x043008_y008192.png,context/R25-264-30_x043008_y008192.jpg,253.6,760.8,341 341 341 341,
889,R26-122-22_HE_106_x016384_y017920,R26-122-22_HE_106,images/R26-122-22_HE_106_x016384_y017920.png,context/R26-122-22_HE_106_x016384_y017920.jpg,253.6,760.8,341 341 341 341,
890,R25-264-11_x023552_y012288,R25-264-11,images/R25-264-11_x023552_y012288.png,context/R25-264-11_x023552_y012288.jpg,253.6,760.8,341 341 341 341,
891,R25-264-11_x039424_y012288,R25-264-11,images/R25-264-11_x039424_y012288.png,context/R25-264-11_x039424_y012288.jpg,253.6,760.8,341 341 341 341,
892,R25-264-11_x010752_y011776,R25-264-11,images/R25-264-11_x010752_y011776.png,context/R25-264-11_x010752_y011776.jpg,253.6,760.8,341 341 341 341,
893,R26-122-36_HE_95_x004608_y012800,R26-122-36_HE_95,images/R26-122-36_HE_95_x004608_y012800.png,context/R26-122-36_HE_95_x004608_y012800.jpg,253.6,760.8,341 341 341 341,
894,R25-264-1_x009728_y024064__r2,R25-264-1,images/R25-264-1_x009728_y024064.png,context/R25-264-1_x009728_y024064.jpg,253.6,760.8,341 341 341 341,R25-264-1_x009728_y024064
895,R25-264-3_x035840_y014336,R25-264-3,images/R25-264-3_x035840_y014336.png,context/R25-264-3_x035840_y014336.jpg,253.6,760.8,341 341 341 341,
896,R25-264-13_x022528_y018944__r2,R25-264-13,images/R25-264-13_x022528_y018944.png,context/R25-264-13_x022528_y018944.jpg,253.6,760.8,341 341 341 341,R25-264-13_x022528_y018944
897,R25-264-37_x027136_y010240,R25-264-37,images/R25-264-37_x027136_y010240.png,context/R25-264-37_x027136_y010240.jpg,253.6,760.8,341 341 341 341,
898,R25-264-37_x025088_y007680,R25-264-37,images/R25-264-37_x025088_y007680.png,context/R25-264-37_x025088_y007680.jpg,253.6,760.8,341 341 341 341,
899,R25-264-37_x015872_y007680,R25-264-37,images/R25-264-37_x015872_y007680.png,context/R25-264-37_x015872_y007680.jpg,253.6,760.8,341 341 341 341,
900,R25-264-1_x012800_y022016,R25-264-1,images/R25-264-1_x012800_y022016.png,context/R25-264-1_x012800_y022016.jpg,253.6,760.8,341 341 341 341,
901,R25-264-32_x034304_y022016,R25-264-32,images/R25-264-32_x034304_y022016.png,context/R25-264-32_x034304_y022016.jpg,253.6,760.8,341 341 341 341,
902,R25-264-31_x008704_y015872,R25-264-31,images/R25-264-31_x008704_y015872.png,context/R25-264-31_x008704_y015872.jpg,253.6,760.8,341 341 341 341,
903,R25-264-33_x021504_y018944,R25-264-33,images/R25-264-33_x021504_y018944.png,context/R25-264-33_x021504_y018944.jpg,253.6,760.8,341 341 341 341,
904,R26-122-9_HE_78_x009216_y019456,R26-122-9_HE_78,images/R26-122-9_HE_78_x009216_y019456.png,context/R26-122-9_HE_78_x009216_y019456.jpg,253.6,760.8,341 341 341 341,
905,R25-264-3_x036352_y020992,R25-264-3,images/R25-264-3_x036352_y020992.png,context/R25-264-3_x036352_y020992.jpg,253.6,760.8,341 341 341 341,
906,R25-264-35_x006144_y026112,R25-264-35,images/R25-264-35_x006144_y026112.png,context/R25-264-35_x006144_y026112.jpg,253.6,760.8,341 341 341 341,
907,R25-264-37_x015360_y020480,R25-264-37,images/R25-264-37_x015360_y020480.png,context/R25-264-37_x015360_y020480.jpg,253.6,760.8,341 341 341 341,
908,R25-264-1_x022528_y020480__r2,R25-264-1,images/R25-264-1_x022528_y020480.png,context/R25-264-1_x022528_y020480.jpg,253.6,760.8,341 341 341 341,R25-264-1_x022528_y020480
909,R25-264-13_x011264_y011776,R25-264-13,images/R25-264-13_x011264_y011776.png,context/R25-264-13_x011264_y011776.jpg,253.6,760.8,341 341 341 341,
910,R26-122-29_HE_82_x015872_y017408,R26-122-29_HE_82,images/R26-122-29_HE_82_x015872_y017408.png,context/R26-122-29_HE_82_x015872_y017408.jpg,253.6,760.8,341 341 341 341,
911,R25-264-35_x007680_y019968__r2,R25-264-35,images/R25-264-35_x007680_y019968.png,context/R25-264-35_x007680_y019968.jpg,253.6,760.8,341 341 341 341,R25-264-35_x007680_y019968
912,R25-264-32_x020480_y022528,R25-264-32,images/R25-264-32_x020480_y022528.png,context/R25-264-32_x020480_y022528.jpg,253.6,760.8,341 341 341 341,
913,R25-264-13_x041984_y011264,R25-264-13,images/R25-264-13_x041984_y011264.png,context/R25-264-13_x041984_y011264.jpg,253.6,760.8,341 341 341 341,
914,R25-264-32_x023552_y010752,R25-264-32,images/R25-264-32_x023552_y010752.png,context/R25-264-32_x023552_y010752.jpg,253.6,760.8,341 341 341 341,
915,R25-264-30_x023552_y008192,R25-264-30,images/R25-264-30_x023552_y008192.png,context/R25-264-30_x023552_y008192.jpg,253.6,760.8,341 341 341 341,
916,R26-122-29_HE_82_x017920_y016896,R26-122-29_HE_82,images/R26-122-29_HE_82_x017920_y016896.png,context/R26-122-29_HE_82_x017920_y016896.jpg,253.6,760.8,341 341 341 341,
917,R25-264-35_x031744_y019456,R25-264-35,images/R25-264-35_x031744_y019456.png,context/R25-264-35_x031744_y019456.jpg,253.6,760.8,341 341 341 341,
918,R25-264-35_x009216_y009216,R25-264-35,images/R25-264-35_x009216_y009216.png,context/R25-264-35_x009216_y009216.jpg,253.6,760.8,341 341 341 341,
919,R25-264-3_x023040_y014336,R25-264-3,images/R25-264-3_x023040_y014336.png,context/R25-264-3_x023040_y014336.jpg,253.6,760.8,341 341 341 341,
920,R26-122-6_HE_75_x012800_y010240__r2,R26-122-6_HE_75,images/R26-122-6_HE_75_x012800_y010240.png,context/R26-122-6_HE_75_x012800_y010240.jpg,253.6,760.8,341 341 341 341,R26-122-6_HE_75_x012800_y010240
921,R25-264-37_x012800_y020480__r2,R25-264-37,images/R25-264-37_x012800_y020480.png,context/R25-264-37_x012800_y020480.jpg,253.6,760.8,341 341 341 341,R25-264-37_x012800_y020480
922,R25-264-36_x016384_y007680,R25-264-36,images/R25-264-36_x016384_y007680.png,context/R25-264-36_x016384_y007680.jpg,253.6,760.8,341 341 341 341,
923,R26-122-9_HE_78_x010752_y012800,R26-122-9_HE_78,images/R26-122-9_HE_78_x010752_y012800.png,context/R26-122-9_HE_78_x010752_y012800.jpg,253.6,760.8,341 341 341 341,
924,R25-264-1_x024576_y023552,R25-264-1,images/R25-264-1_x024576_y023552.png,context/R25-264-1_x024576_y023552.jpg,253.6,760.8,341 341 341 341,
925,R25-264-3_x017920_y020992,R25-264-3,images/R25-264-3_x017920_y020992.png,context/R25-264-3_x017920_y020992.jpg,253.6,760.8,341 341 341 341,
926,R25-264-3_x009728_y014848,R25-264-3,images/R25-264-3_x009728_y014848.png,context/R25-264-3_x009728_y014848.jpg,253.6,760.8,341 341 341 341,
927,R26-122-3_HE_72_x009216_y016384,R26-122-3_HE_72,images/R26-122-3_HE_72_x009216_y016384.png,context/R26-122-3_HE_72_x009216_y016384.jpg,253.6,760.8,341 341 341 341,
928,R25-264-33_x023552_y018944,R25-264-33,images/R25-264-33_x023552_y018944.png,context/R25-264-33_x023552_y018944.jpg,253.6,760.8,341 341 341 341,
929,R25-264-1_x016896_y020480,R25-264-1,images/R25-264-1_x016896_y020480.png,context/R25-264-1_x016896_y020480.jpg,253.6,760.8,341 341 341 341,
930,R25-264-3_x030208_y014336__r2,R25-264-3,images/R25-264-3_x030208_y014336.png,context/R25-264-3_x030208_y014336.jpg,253.6,760.8,341 341 341 341,R25-264-3_x030208_y014336
931,R25-264-1_x006656_y024064,R25-264-1,images/R25-264-1_x006656_y024064.png,context/R25-264-1_x006656_y024064.jpg,253.6,760.8,341 341 341 341,
932,R25-264-33_x019968_y017408__r2,R25-264-33,images/R25-264-33_x019968_y017408.png,context/R25-264-33_x019968_y017408.jpg,253.6,760.8,341 341 341 341,R25-264-33_x019968_y017408
933,R26-122-1_HE_70_x023040_y005632,R26-122-1_HE_70,images/R26-122-1_HE_70_x023040_y005632.png,context/R26-122-1_HE_70_x023040_y005632.jpg,253.6,760.8,341 341 341 341,
934,R26-122-1_HE_70_x017408_y022016,R26-122-1_HE_70,images/R26-122-1_HE_70_x017408_y022016.png,context/R26-122-1_HE_70_x017408_y022016.jpg,253.6,760.8,341 341 341 341,
935,R25-264-36_x026112_y011776__r2,R25-264-36,images/R25-264-36_x026112_y011776.png,context/R25-264-36_x026112_y011776.jpg,253.6,760.8,341 341 341 341,R25-264-36_x026112_y011776
936,R25-264-35_x012800_y009728,R25-264-35,images/R25-264-35_x012800_y009728.png,context/R25-264-35_x012800_y009728.jpg,253.6,760.8,341 341 341 341,
937,R25-264-36_x017920_y011776,R25-264-36,images/R25-264-36_x017920_y011776.png,context/R25-264-36_x017920_y011776.jpg,253.6,760.8,341 341 341 341,
938,R25-264-32_x028160_y022016,R25-264-32,images/R25-264-32_x028160_y022016.png,context/R25-264-32_x028160_y022016.jpg,253.6,760.8,341 341 341 341,
939,R25-264-31_x022016_y019968,R25-264-31,images/R25-264-31_x022016_y019968.png,context/R25-264-31_x022016_y019968.jpg,253.6,760.8,341 341 341 341,
940,R25-264-3_x032768_y027648__r2,R25-264-3,images/R25-264-3_x032768_y027648.png,context/R25-264-3_x032768_y027648.jpg,253.6,760.8,341 341 341 341,R25-264-3_x032768_y027648
941,R25-264-33_x029184_y017920,R25-264-33,images/R25-264-33_x029184_y017920.png,context/R25-264-33_x029184_y017920.jpg,253.6,760.8,341 341 341 341,
942,R25-264-12_x018432_y015360,R25-264-12,images/R25-264-12_x018432_y015360.png,context/R25-264-12_x018432_y015360.jpg,253.6,760.8,341 341 341 341,
943,R25-264-33_x021504_y007680,R25-264-33,images/R25-264-33_x021504_y007680.png,context/R25-264-33_x021504_y007680.jpg,253.6,760.8,341 341 341 341,
944,R25-264-12_x010240_y014848,R25-264-12,images/R25-264-12_x010240_y014848.png,context/R25-264-12_x010240_y014848.jpg,253.6,760.8,341 341 341 341,
945,R25-264-31_x018944_y016384,R25-264-31,images/R25-264-31_x018944_y016384.png,context/R25-264-31_x018944_y016384.jpg,253.6,760.8,341 341 341 341,
946,R25-264-12_x025088_y022016__r2,R25-264-12,images/R25-264-12_x025088_y022016.png,context/R25-264-12_x025088_y022016.jpg,253.6,760.8,341 341 341 341,R25-264-12_x025088_y022016
947,R25-264-37_x014336_y010752,R25-264-37,images/R25-264-37_x014336_y010752.png,context/R25-264-37_x014336_y010752.jpg,253.6,760.8,341 341 341 341,
948,R26-122-38_HE_97_x010240_y010752,R26-122-38_HE_97,images/R26-122-38_HE_97_x010240_y010752.png,context/R26-122-38_HE_97_x010240_y010752.jpg,253.6,760.8,341 341 341 341,
949,R25-264-11_x020480_y026112,R25-264-11,images/R25-264-11_x020480_y026112.png,context/R25-264-11_x020480_y026112.jpg,253.6,760.8,341 341 341 341,
950,R25-264-33_x034304_y014848__r2,R25-264-33,images/R25-264-33_x034304_y014848.png,context/R25-264-33_x034304_y014848.jpg,253.6,760.8,341 341 341 341,R25-264-33_x034304_y014848
951,R25-264-35_x010240_y009728,R25-264-35,images/R25-264-35_x010240_y009728.png,context/R25-264-35_x010240_y009728.jpg,253.6,760.8,341 341 341 341,
952,R25-264-3_x017408_y014336,R25-264-3,images/R25-264-3_x017408_y014336.png,context/R25-264-3_x017408_y014336.jpg,253.6,760.8,341 341 341 341,
953,R25-264-1_x019456_y021504,R25-264-1,images/R25-264-1_x019456_y021504.png,context/R25-264-1_x019456_y021504.jpg,253.6,760.8,341 341 341 341,
954,R26-122-17_HE_101_x011776_y018944,R26-122-17_HE_101,images/R26-122-17_HE_101_x011776_y018944.png,context/R26-122-17_HE_101_x011776_y018944.jpg,253.6,760.8,341 341 341 341,
955,R25-264-35_x009728_y025600,R25-264-35,images/R25-264-35_x009728_y025600.png,context/R25-264-35_x009728_y025600.jpg,253.6,760.8,341 341 341 341,
956,R25-264-32_x016896_y019968__r2,R25-264-32,images/R25-264-32_x016896_y019968.png,context/R25-264-32_x016896_y019968.jpg,253.6,760.8,341 341 341 341,R25-264-32_x016896_y019968
957,R26-122-3_HE_72_x016384_y015872,R26-122-3_HE_72,images/R26-122-3_HE_72_x016384_y015872.png,context/R26-122-3_HE_72_x016384_y015872.jpg,253.6,760.8,341 341 341 341,
958,R25-264-1_x030208_y021504,R25-264-1,images/R25-264-1_x030208_y021504.png,context/R25-264-1_x030208_y021504.jpg,253.6,760.8,341 341 341 341,
959,R26-122-1_HE_70_x020992_y011776,R26-122-1_HE_70,images/R26-122-1_HE_70_x020992_y011776.png,context/R26-122-1_HE_70_x020992_y011776.jpg,253.6,760.8,341 341 341 341,
960,R26-122-22_HE_106_x007680_y011264,R26-122-22_HE_106,images/R26-122-22_HE_106_x007680_y011264.png,context/R26-122-22_HE_106_x007680_y011264.jpg,253.6,760.8,341 341 341 341,
961,R25-264-36_x004096_y016896,R25-264-36,images/R25-264-36_x004096_y016896.png,context/R25-264-36_x004096_y016896.jpg,253.6,760.8,341 341 341 341,
962,R25-264-1_x029184_y021504,R25-264-1,images/R25-264-1_x029184_y021504.png,context/R25-264-1_x029184_y021504.jpg,253.6,760.8,341 341 341 341,
963,R25-264-11_x039936_y011264__r2,R25-264-11,images/R25-264-11_x039936_y011264.png,context/R25-264-11_x039936_y011264.jpg,253.6,760.8,341 341 341 341,R25-264-11_x039936_y011264
964,R26-122-10_HE_79_x007168_y008704,R26-122-10_HE_79,images/R26-122-10_HE_79_x007168_y008704.png,context/R26-122-10_HE_79_x007168_y008704.jpg,253.6,760.8,341 341 341 341,
965,R25-264-12_x022016_y015360,R25-264-12,images/R25-264-12_x022016_y015360.png,context/R25-264-12_x022016_y015360.jpg,253.6,760.8,341 341 341 341,
966,R25-264-33_x031232_y018432,R25-264-33,images/R25-264-33_x031232_y018432.png,context/R25-264-33_x031232_y018432.jpg,253.6,760.8,341 341 341 341,
967,R25-264-34_x028672_y011776,R25-264-34,images/R25-264-34_x028672_y011776.png,context/R25-264-34_x028672_y011776.jpg,253.6,760.8,341 341 341 341,
968,R25-264-32_x029696_y022528,R25-264-32,images/R25-264-32_x029696_y022528.png,context/R25-264-32_x029696_y022528.jpg,253.6,760.8,341 341 341 341,
969,R26-122-3_HE_72_x012288_y009216,R26-122-3_HE_72,images/R26-122-3_HE_72_x012288_y009216.png,context/R26-122-3_HE_72_x012288_y009216.jpg,253.6,760.8,341 341 341 341,
970,R25-264-30_x007168_y014336,R25-264-30,images/R25-264-30_x007168_y014336.png,context/R25-264-30_x007168_y014336.jpg,253.6,760.8,341 341 341 341,
971,R25-264-36_x004096_y012288,R25-264-36,images/R25-264-36_x004096_y012288.png,context/R25-264-36_x004096_y012288.jpg,253.6,760.8,341 341 341 341,
972,R25-264-33_x011776_y018432__r2,R25-264-33,images/R25-264-33_x011776_y018432.png,context/R25-264-33_x011776_y018432.jpg,253.6,760.8,341 341 341 341,R25-264-33_x011776_y018432
973,R26-122-23_HE_91_x026624_y014848,R26-122-23_HE_91,images/R26-122-23_HE_91_x026624_y014848.png,context/R26-122-23_HE_91_x026624_y014848.jpg,253.6,760.8,341 341 341 341,
974,R25-264-37_x032768_y010240,R25-264-37,images/R25-264-37_x032768_y010240.png,context/R25-264-37_x032768_y010240.jpg,253.6,760.8,341 341 341 341,
975,R25-264-35_x036352_y019456,R25-264-35,images/R25-264-35_x036352_y019456.png,context/R25-264-35_x036352_y019456.jpg,253.6,760.8,341 341 341 341,
976,R25-264-31_x012288_y009728,R25-264-31,images/R25-264-31_x012288_y009728.png,context/R25-264-31_x012288_y009728.jpg,253.6,760.8,341 341 341 341,
977,R25-264-1_x023552_y020480__r2,R25-264-1,images/R25-264-1_x023552_y020480.png,context/R25-264-1_x023552_y020480.jpg,253.6,760.8,341 341 341 341,R25-264-1_x023552_y020480
978,R25-264-13_x016384_y011776__r2,R25-264-13,images/R25-264-13_x016384_y011776.png,context/R25-264-13_x016384_y011776.jpg,253.6,760.8,341 341 341 341,R25-264-13_x016384_y011776
979,R25-264-37_x024576_y020480__r2,R25-264-37,images/R25-264-37_x024576_y020480.png,context/R25-264-37_x024576_y020480.jpg,253.6,760.8,341 341 341 341,R25-264-37_x024576_y020480
980,R26-122-2_HE_71_x008704_y009728,R26-122-2_HE_71,images/R26-122-2_HE_71_x008704_y009728.png,context/R26-122-2_HE_71_x008704_y009728.jpg,253.6,760.8,341 341 341 341,
981,R25-264-35_x029184_y019456,R25-264-35,images/R25-264-35_x029184_y019456.png,context/R25-264-35_x029184_y019456.jpg,253.6,760.8,341 341 341 341,
982,R25-264-31_x004096_y019968,R25-264-31,images/R25-264-31_x004096_y019968.png,context/R25-264-31_x004096_y019968.jpg,253.6,760.8,341 341 341 341,
983,R26-122-38_HE_97_x010752_y009728,R26-122-38_HE_97,images/R26-122-38_HE_97_x010752_y009728.png,context/R26-122-38_HE_97_x010752_y009728.jpg,253.6,760.8,341 341 341 341,
984,R25-264-30_x019968_y014336,R25-264-30,images/R25-264-30_x019968_y014336.png,context/R25-264-30_x019968_y014336.jpg,253.6,760.8,341 341 341 341,
985,R25-264-36_x025088_y006656,R25-264-36,images/R25-264-36_x025088_y006656.png,context/R25-264-36_x025088_y006656.jpg,253.6,760.8,341 341 341 341,
986,R26-122-12_HE_81_x015872_y016896,R26-122-12_HE_81,images/R26-122-12_HE_81_x015872_y016896.png,context/R26-122-12_HE_81_x015872_y016896.jpg,253.6,760.8,341 341 341 341,
987,R26-122-3_HE_72_x021504_y009728,R26-122-3_HE_72,images/R26-122-3_HE_72_x021504_y009728.png,context/R26-122-3_HE_72_x021504_y009728.jpg,253.6,760.8,341 341 341 341,
988,R25-264-32_x024064_y018944,R25-264-32,images/R25-264-32_x024064_y018944.png,context/R25-264-32_x024064_y018944.jpg,253.6,760.8,341 341 341 341,
989,R25-264-13_x006144_y023552,R25-264-13,images/R25-264-13_x006144_y023552.png,context/R25-264-13_x006144_y023552.jpg,253.6,760.8,341 341 341 341,
990,R25-264-32_x028672_y010752,R25-264-32,images/R25-264-32_x028672_y010752.png,context/R25-264-32_x028672_y010752.jpg,253.6,760.8,341 341 341 341,
991,R25-264-11_x010752_y026624,R25-264-11,images/R25-264-11_x010752_y026624.png,context/R25-264-11_x010752_y026624.jpg,253.6,760.8,341 341 341 341,
992,R25-264-11_x035328_y010240,R25-264-11,images/R25-264-11_x035328_y010240.png,context/R25-264-11_x035328_y010240.jpg,253.6,760.8,341 341 341 341,
993,R25-264-3_x043520_y027648,R25-264-3,images/R25-264-3_x043520_y027648.png,context/R25-264-3_x043520_y027648.jpg,253.6,760.8,341 341 341 341,
994,R25-264-11_x039936_y010240,R25-264-11,images/R25-264-11_x039936_y010240.png,context/R25-264-11_x039936_y010240.jpg,253.6,760.8,341 341 341 341,
995,R25-264-3_x014848_y007680,R25-264-3,images/R25-264-3_x014848_y007680.png,context/R25-264-3_x014848_y007680.jpg,253.6,760.8,341 341 341 341,
996,R25-264-12_x009216_y011264,R25-264-12,images/R25-264-12_x009216_y011264.png,context/R25-264-12_x009216_y011264.jpg,253.6,760.8,341 341 341 341,
997,R25-264-33_x022528_y019968,R25-264-33,images/R25-264-33_x022528_y019968.png,context/R25-264-33_x022528_y019968.jpg,253.6,760.8,341 341 341 341,
998,R26-122-34_HE_93_x013312_y008704,R26-122-34_HE_93,images/R26-122-34_HE_93_x013312_y008704.png,context/R26-122-34_HE_93_x013312_y008704.jpg,253.6,760.8,341 341 341 341,
999,R25-264-12_x036864_y021504,R25-264-12,images/R25-264-12_x036864_y021504.png,context/R25-264-12_x036864_y021504.jpg,253.6,760.8,341 341 341 341,
1000,R25-264-31_x032768_y016896,R25-264-31,images/R25-264-31_x032768_y016896.png,context/R25-264-31_x032768_y016896.jpg,253.6,760.8,341 341 341 341,
1001,R25-264-10_x032256_y011776,R25-264-10,images/R25-264-10_x032256_y011776.png,context/R25-264-10_x032256_y011776.jpg,253.6,760.8,341 341 341 341,
1002,R26-122-15_HE_85_x026112_y015360__r2,R26-122-15_HE_85,images/R26-122-15_HE_85_x026112_y015360.png,context/R26-122-15_HE_85_x026112_y015360.jpg,253.6,760.8,341 341 341 341,R26-122-15_HE_85_x026112_y015360
1003,R25-264-13_x003072_y023552,R25-264-13,images/R25-264-13_x003072_y023552.png,context/R25-264-13_x003072_y023552.jpg,253.6,760.8,341 341 341 341,
1004,R25-264-34_x013824_y010240,R25-264-34,images/R25-264-34_x013824_y010240.png,context/R25-264-34_x013824_y010240.jpg,253.6,760.8,341 341 341 341,
1005,R25-264-33_x010240_y015872,R25-264-33,images/R25-264-33_x010240_y015872.png,context/R25-264-33_x010240_y015872.jpg,253.6,760.8,341 341 341 341,
1006,R25-264-34_x024576_y010240,R25-264-34,images/R25-264-34_x024576_y010240.png,context/R25-264-34_x024576_y010240.jpg,253.6,760.8,341 341 341 341,
1007,R25-264-34_x029696_y011264,R25-264-34,images/R25-264-34_x029696_y011264.png,context/R25-264-34_x029696_y011264.jpg,253.6,760.8,341 341 341 341,
1008,R25-264-37_x029696_y019968,R25-264-37,images/R25-264-37_x029696_y019968.png,context/R25-264-37_x029696_y019968.jpg,253.6,760.8,341 341 341 341,
1009,R25-264-31_x006144_y016384,R25-264-31,images/R25-264-31_x006144_y016384.png,context/R25-264-31_x006144_y016384.jpg,253.6,760.8,341 341 341 341,
1010,R25-264-30_x007168_y008192,R25-264-30,images/R25-264-30_x007168_y008192.png,context/R25-264-30_x007168_y008192.jpg,253.6,760.8,341 341 341 341,
1011,R25-264-30_x004608_y019968,R25-264-30,images/R25-264-30_x004608_y019968.png,context/R25-264-30_x004608_y019968.jpg,253.6,760.8,341 341 341 341,
1012,R25-264-34_x020992_y010752,R25-264-34,images/R25-264-34_x020992_y010752.png,context/R25-264-34_x020992_y010752.jpg,253.6,760.8,341 341 341 341,
1013,R25-264-10_x005632_y012288__r2,R25-264-10,images/R25-264-10_x005632_y012288.png,context/R25-264-10_x005632_y012288.jpg,253.6,760.8,341 341 341 341,R25-264-10_x005632_y012288
1014,R25-264-33_x036352_y007168,R25-264-33,images/R25-264-33_x036352_y007168.png,context/R25-264-33_x036352_y007168.jpg,253.6,760.8,341 341 341 341,
1015,R25-264-10_x013824_y011776,R25-264-10,images/R25-264-10_x013824_y011776.png,context/R25-264-10_x013824_y011776.jpg,253.6,760.8,341 341 341 341,
1016,R26-122-6_HE_75_x015872_y009728,R26-122-6_HE_75,images/R26-122-6_HE_75_x015872_y009728.png,context/R26-122-6_HE_75_x015872_y009728.jpg,253.6,760.8,341 341 341 341,
1017,R25-264-30_x039936_y013824,R25-264-30,images/R25-264-30_x039936_y013824.png,context/R25-264-30_x039936_y013824.jpg,253.6,760.8,341 341 341 341,
1018,R26-122-22_HE_106_x017920_y011776,R26-122-22_HE_106,images/R26-122-22_HE_106_x017920_y011776.png,context/R26-122-22_HE_106_x017920_y011776.jpg,253.6,760.8,341 341 341 341,
1019,R25-264-3_x020480_y028160,R25-264-3,images/R25-264-3_x020480_y028160.png,context/R25-264-3_x020480_y028160.jpg,253.6,760.8,341 341 341 341,
1020,R25-264-37_x020480_y008192,R25-264-37,images/R25-264-37_x020480_y008192.png,context/R25-264-37_x020480_y008192.jpg,253.6,760.8,341 341 341 341,
1021,R25-264-36_x006144_y016384,R25-264-36,images/R25-264-36_x006144_y016384.png,context/R25-264-36_x006144_y016384.jpg,253.6,760.8,341 341 341 341,
1022,R25-264-30_x039424_y019456,R25-264-30,images/R25-264-30_x039424_y019456.png,context/R25-264-30_x039424_y019456.jpg,253.6,760.8,341 341 341 341,
1023,R25-264-12_x023552_y022016,R25-264-12,images/R25-264-12_x023552_y022016.png,context/R25-264-12_x023552_y022016.jpg,253.6,760.8,341 341 341 341,
1024,R25-264-10_x020480_y016384,R25-264-10,images/R25-264-10_x020480_y016384.png,context/R25-264-10_x020480_y016384.jpg,253.6,760.8,341 341 341 341,
1025,R25-264-10_x028160_y016384,R25-264-10,images/R25-264-10_x028160_y016384.png,context/R25-264-10_x028160_y016384.jpg,253.6,760.8,341 341 341 341,
1026,R26-122-6_HE_75_x002560_y010240,R26-122-6_HE_75,images/R26-122-6_HE_75_x002560_y010240.png,context/R26-122-6_HE_75_x002560_y010240.jpg,253.6,760.8,341 341 341 341,
1027,R25-264-32_x027648_y018944,R25-264-32,images/R25-264-32_x027648_y018944.png,context/R25-264-32_x027648_y018944.jpg,253.6,760.8,341 341 341 341,
1028,R25-264-12_x031744_y022016,R25-264-12,images/R25-264-12_x031744_y022016.png,context/R25-264-12_x031744_y022016.jpg,253.6,760.8,341 341 341 341,
1029,R25-264-12_x041984_y014848,R25-264-12,images/R25-264-12_x041984_y014848.png,context/R25-264-12_x041984_y014848.jpg,253.6,760.8,341 341 341 341,
1030,R26-122-6_HE_75_x009728_y010752,R26-122-6_HE_75,images/R26-122-6_HE_75_x009728_y010752.png,context/R26-122-6_HE_75_x009728_y010752.jpg,253.6,760.8,341 341 341 341,
1031,R25-264-36_x033792_y016384,R25-264-36,images/R25-264-36_x033792_y016384.png,context/R25-264-36_x033792_y016384.jpg,253.6,760.8,341 341 341 341,
1032,R25-264-32_x034304_y010752,R25-264-32,images/R25-264-32_x034304_y010752.png,context/R25-264-32_x034304_y010752.jpg,253.6,760.8,341 341 341 341,
1033,R26-122-10_HE_79_x023040_y011264__r2,R26-122-10_HE_79,images/R26-122-10_HE_79_x023040_y011264.png,context/R26-122-10_HE_79_x023040_y011264.jpg,253.6,760.8,341 341 341 341,R26-122-10_HE_79_x023040_y011264
1034,R25-264-1_x030208_y020480,R25-264-1,images/R25-264-1_x030208_y020480.png,context/R25-264-1_x030208_y020480.jpg,253.6,760.8,341 341 341 341,
1035,R25-264-31_x009728_y016896,R25-264-31,images/R25-264-31_x009728_y016896.png,context/R25-264-31_x009728_y016896.jpg,253.6,760.8,341 341 341 341,
1036,R25-264-13_x012288_y019456,R25-264-13,images/R25-264-13_x012288_y019456.png,context/R25-264-13_x012288_y019456.jpg,253.6,760.8,341 341 341 341,
1037,R25-264-11_x028160_y011264,R25-264-11,images/R25-264-11_x028160_y011264.png,context/R25-264-11_x028160_y011264.jpg,253.6,760.8,341 341 341 341,
1038,R25-264-37_x019968_y010240,R25-264-37,images/R25-264-37_x019968_y010240.png,context/R25-264-37_x019968_y010240.jpg,253.6,760.8,341 341 341 341,
1039,R25-264-36_x030720_y012288,R25-264-36,images/R25-264-36_x030720_y012288.png,context/R25-264-36_x030720_y012288.jpg,253.6,760.8,341 341 341 341,
1040,R25-264-10_x007168_y016896,R25-264-10,images/R25-264-10_x007168_y016896.png,context/R25-264-10_x007168_y016896.jpg,253.6,760.8,341 341 341 341,
1041,R25-264-31_x020992_y015872,R25-264-31,images/R25-264-31_x020992_y015872.png,context/R25-264-31_x020992_y015872.jpg,253.6,760.8,341 341 341 341,
1042,R25-264-35_x005120_y015360,R25-264-35,images/R25-264-35_x005120_y015360.png,context/R25-264-35_x005120_y015360.jpg,253.6,760.8,341 341 341 341,
1043,R26-122-3_HE_72_x012800_y016384__r2,R26-122-3_HE_72,images/R26-122-3_HE_72_x012800_y016384.png,context/R26-122-3_HE_72_x012800_y016384.jpg,253.6,760.8,341 341 341 341,R26-122-3_HE_72_x012800_y016384
1044,R25-264-33_x014336_y007168,R25-264-33,images/R25-264-33_x014336_y007168.png,context/R25-264-33_x014336_y007168.jpg,253.6,760.8,341 341 341 341,
1045,R25-264-10_x021504_y021504,R25-264-10,images/R25-264-10_x021504_y021504.png,context/R25-264-10_x021504_y021504.jpg,253.6,760.8,341 341 341 341,
1046,R26-122-36_HE_95_x014848_y011776,R26-122-36_HE_95,images/R26-122-36_HE_95_x014848_y011776.png,context/R26-122-36_HE_95_x014848_y011776.jpg,253.6,760.8,341 341 341 341,
1047,R25-264-3_x043008_y007168,R25-264-3,images/R25-264-3_x043008_y007168.png,context/R25-264-3_x043008_y007168.jpg,253.6,760.8,341 341 341 341,
1048,R25-264-33_x025088_y007168,R25-264-33,images/R25-264-33_x025088_y007168.png,context/R25-264-33_x025088_y007168.jpg,253.6,760.8,341 341 341 341,
1049,R26-122-9_HE_78_x019968_y012288,R26-122-9_HE_78,images/R26-122-9_HE_78_x019968_y012288.png,context/R26-122-9_HE_78_x019968_y012288.jpg,253.6,760.8,341 341 341 341,
1050,R25-264-1_x016896_y021504__r2,R25-264-1,images/R25-264-1_x016896_y021504.png,context/R25-264-1_x016896_y021504.jpg,253.6,760.8,341 341 341 341,R25-264-1_x016896_y021504
1051,R25-264-10_x005632_y016384,R25-264-10,images/R25-264-10_x005632_y016384.png,context/R25-264-10_x005632_y016384.jpg,253.6,760.8,341 341 341 341,
1052,R25-264-11_x037376_y010240,R25-264-11,images/R25-264-11_x037376_y010240.png,context/R25-264-11_x037376_y010240.jpg,253.6,760.8,341 341 341 341,
1053,R25-264-10_x014336_y021504,R25-264-10,images/R25-264-10_x014336_y021504.png,context/R25-264-10_x014336_y021504.jpg,253.6,760.8,341 341 341 341,
1054,R25-264-1_x015872_y024064,R25-264-1,images/R25-264-1_x015872_y024064.png,context/R25-264-1_x015872_y024064.jpg,253.6,760.8,341 341 341 341,
1055,R26-122-15_HE_85_x024576_y014336,R26-122-15_HE_85,images/R26-122-15_HE_85_x024576_y014336.png,context/R26-122-15_HE_85_x024576_y014336.jpg,253.6,760.8,341 341 341 341,
1056,R26-122-31_HE_98_x028160_y011264__r2,R26-122-31_HE_98,images/R26-122-31_HE_98_x028160_y011264.png,context/R26-122-31_HE_98_x028160_y011264.jpg,253.6,760.8,341 341 341 341,R26-122-31_HE_98_x028160_y011264
1057,R26-122-38_HE_97_x006144_y010752,R26-122-38_HE_97,images/R26-122-38_HE_97_x006144_y010752.png,context/R26-122-38_HE_97_x006144_y010752.jpg,253.6,760.8,341 341 341 341,
1058,R25-264-31_x007680_y009728,R25-264-31,images/R25-264-31_x007680_y009728.png,context/R25-264-31_x007680_y009728.jpg,253.6,760.8,341 341 341 341,
1059,R25-264-13_x025600_y011264,R25-264-13,images/R25-264-13_x025600_y011264.png,context/R25-264-13_x025600_y011264.jpg,253.6,760.8,341 341 341 341,
1060,R26-122-22_HE_106_x015872_y018944,R26-122-22_HE_106,images/R26-122-22_HE_106_x015872_y018944.png,context/R26-122-22_HE_106_x015872_y018944.jpg,253.6,760.8,341 341 341 341,
1061,R25-264-3_x031232_y020992,R25-264-3,images/R25-264-3_x031232_y020992.png,context/R25-264-3_x031232_y020992.jpg,253.6,760.8,341 341 341 341,
1062,R25-264-1_x012288_y024064,R25-264-1,images/R25-264-1_x012288_y024064.png,context/R25-264-1_x012288_y024064.jpg,253.6,760.8,341 341 341 341,
1063,R25-264-33_x032768_y015360,R25-264-33,images/R25-264-33_x032768_y015360.png,context/R25-264-33_x032768_y015360.jpg,253.6,760.8,341 341 341 341,
1064,R25-264-11_x017408_y026624,R25-264-11,images/R25-264-11_x017408_y026624.png,context/R25-264-11_x017408_y026624.jpg,253.6,760.8,341 341 341 341,
1065,R25-264-1_x026112_y020480,R25-264-1,images/R25-264-1_x026112_y020480.png,context/R25-264-1_x026112_y020480.jpg,253.6,760.8,341 341 341 341,
1066,R25-264-34_x007680_y018944,R25-264-34,images/R25-264-34_x007680_y018944.png,context/R25-264-34_x007680_y018944.jpg,253.6,760.8,341 341 341 341,
1067,R26-122-10_HE_79_x003072_y009216,R26-122-10_HE_79,images/R26-122-10_HE_79_x003072_y009216.png,context/R26-122-10_HE_79_x003072_y009216.jpg,253.6,760.8,341 341 341 341,
1068,R25-264-32_x010240_y010752__r2,R25-264-32,images/R25-264-32_x010240_y010752.png,context/R25-264-32_x010240_y010752.jpg,253.6,760.8,341 341 341 341,R25-264-32_x010240_y010752
1069,R25-264-12_x027648_y010752__r2,R25-264-12,images/R25-264-12_x027648_y010752.png,context/R25-264-12_x027648_y010752.jpg,253.6,760.8,341 341 341 341,R25-264-12_x027648_y010752
1070,R26-122-29_HE_82_x017920_y011264,R26-122-29_HE_82,images/R26-122-29_HE_82_x017920_y011264.png,context/R26-122-29_HE_82_x017920_y011264.jpg,253.6,760.8,341 341 341 341,
1071,R25-264-33_x029696_y015360,R25-264-33,images/R25-264-33_x029696_y015360.png,context/R25-264-33_x029696_y015360.jpg,253.6,760.8,341 341 341 341,
1072,R26-122-6_HE_75_x020992_y019456__r2,R26-122-6_HE_75,images/R26-122-6_HE_75_x020992_y019456.png,context/R26-122-6_HE_75_x020992_y019456.jpg,253.6,760.8,341 341 341 341,R26-122-6_HE_75_x020992_y019456
1073,R25-264-31_x024576_y016384,R25-264-31,images/R25-264-31_x024576_y016384.png,context/R25-264-31_x024576_y016384.jpg,253.6,760.8,341 341 341 341,
1074,R25-264-35_x023552_y025088__r2,R25-264-35,images/R25-264-35_x023552_y025088.png,context/R25-264-35_x023552_y025088.jpg,253.6,760.8,341 341 341 341,R25-264-35_x023552_y025088
1075,R25-264-10_x022528_y021504__r2,R25-264-10,images/R25-264-10_x022528_y021504.png,context/R25-264-10_x022528_y021504.jpg,253.6,760.8,341 341 341 341,R25-264-10_x022528_y021504
1076,R26-122-2_HE_71_x018944_y009728,R26-122-2_HE_71,images/R26-122-2_HE_71_x018944_y009728.png,context/R26-122-2_HE_71_x018944_y009728.jpg,253.6,760.8,341 341 341 341,
1077,R25-264-1_x027648_y022528,R25-264-1,images/R25-264-1_x027648_y022528.png,context/R25-264-1_x027648_y022528.jpg,253.6,760.8,341 341 341 341,
1078,R25-264-36_x025600_y020480,R25-264-36,images/R25-264-36_x025600_y020480.png,context/R25-264-36_x025600_y020480.jpg,253.6,760.8,341 341 341 341,
1079,R25-264-1_x027136_y020480,R25-264-1,images/R25-264-1_x027136_y020480.png,context/R25-264-1_x027136_y020480.jpg,253.6,760.8,341 341 341 341,
1080,R25-264-37_x018944_y009216__r2,R25-264-37,images/R25-264-37_x018944_y009216.png,context/R25-264-37_x018944_y009216.jpg,253.6,760.8,341 341 341 341,R25-264-37_x018944_y009216
1081,R25-264-3_x047616_y020992,R25-264-3,images/R25-264-3_x047616_y020992.png,context/R25-264-3_x047616_y020992.jpg,253.6,760.8,341 341 341 341,
1082,R25-264-35_x032768_y019968,R25-264-35,images/R25-264-35_x032768_y019968.png,context/R25-264-35_x032768_y019968.jpg,253.6,760.8,341 341 341 341,
1083,R26-122-34_HE_93_x008704_y008192,R26-122-34_HE_93,images/R26-122-34_HE_93_x008704_y008192.png,context/R26-122-34_HE_93_x008704_y008192.jpg,253.6,760.8,341 341 341 341,
1084,R25-264-13_x043520_y011264,R25-264-13,images/R25-264-13_x043520_y011264.png,context/R25-264-13_x043520_y011264.jpg,253.6,760.8,341 341 341 341,
1085,R25-264-33_x018944_y017408,R25-264-33,images/R25-264-33_x018944_y017408.png,context/R25-264-33_x018944_y017408.jpg,253.6,760.8,341 341 341 341,
1086,R25-264-33_x019456_y015360,R25-264-33,images/R25-264-33_x019456_y015360.png,context/R25-264-33_x019456_y015360.jpg,253.6,760.8,341 341 341 341,
1087,R25-264-11_x012288_y011264,R25-264-11,images/R25-264-11_x012288_y011264.png,context/R25-264-11_x012288_y011264.jpg,253.6,760.8,341 341 341 341,
1088,R25-264-36_x015360_y012288,R25-264-36,images/R25-264-36_x015360_y012288.png,context/R25-264-36_x015360_y012288.jpg,253.6,760.8,341 341 341 341,
1089,R25-264-35_x022528_y025088,R25-264-35,images/R25-264-35_x022528_y025088.png,context/R25-264-35_x022528_y025088.jpg,253.6,760.8,341 341 341 341,
1090,R25-264-3_x010240_y020992,R25-264-3,images/R25-264-3_x010240_y020992.png,context/R25-264-3_x010240_y020992.jpg,253.6,760.8,341 341 341 341,
1091,R25-264-10_x015872_y011776,R25-264-10,images/R25-264-10_x015872_y011776.png,context/R25-264-10_x015872_y011776.jpg,253.6,760.8,341 341 341 341,
1092,R25-264-34_x023552_y018944,R25-264-34,images/R25-264-34_x023552_y018944.png,context/R25-264-34_x023552_y018944.jpg,253.6,760.8,341 341 341 341,
1093,R26-122-2_HE_71_x009728_y011776,R26-122-2_HE_71,images/R26-122-2_HE_71_x009728_y011776.png,context/R26-122-2_HE_71_x009728_y011776.jpg,253.6,760.8,341 341 341 341,
1094,R25-264-34_x031232_y018944,R25-264-34,images/R25-264-34_x031232_y018944.png,context/R25-264-34_x031232_y018944.jpg,253.6,760.8,341 341 341 341,
1095,R25-264-36_x019968_y012288,R25-264-36,images/R25-264-36_x019968_y012288.png,context/R25-264-36_x019968_y012288.jpg,253.6,760.8,341 341 341 341,
1096,R25-264-1_x006144_y022528,R25-264-1,images/R25-264-1_x006144_y022528.png,context/R25-264-1_x006144_y022528.jpg,253.6,760.8,341 341 341 341,
1097,R25-264-12_x022016_y010752,R25-264-12,images/R25-264-12_x022016_y010752.png,context/R25-264-12_x022016_y010752.jpg,253.6,760.8,341 341 341 341,
1098,R25-264-1_x022528_y024064,R25-264-1,images/R25-264-1_x022528_y024064.png,context/R25-264-1_x022528_y024064.jpg,253.6,760.8,341 341 341 341,
1099,R26-122-19_HE_103_x008704_y019968,R26-122-19_HE_103,images/R26-122-19_HE_103_x008704_y019968.png,context/R26-122-19_HE_103_x008704_y019968.jpg,253.6,760.8,341 341 341 341,
1100,R25-264-35_x020480_y025088,R25-264-35,images/R25-264-35_x020480_y025088.png,context/R25-264-35_x020480_y025088.jpg,253.6,760.8,341 341 341 341,
1101,R25-264-11_x011264_y010752,R25-264-11,images/R25-264-11_x011264_y010752.png,context/R25-264-11_x011264_y010752.jpg,253.6,760.8,341 341 341 341,
1102,R25-264-32_x008192_y019968,R25-264-32,images/R25-264-32_x008192_y019968.png,context/R25-264-32_x008192_y019968.jpg,253.6,760.8,341 341 341 341,
1103,R25-264-30_x012800_y019968,R25-264-30,images/R25-264-30_x012800_y019968.png,context/R25-264-30_x012800_y019968.jpg,253.6,760.8,341 341 341 341,
1104,R25-264-3_x038400_y027648,R25-264-3,images/R25-264-3_x038400_y027648.png,context/R25-264-3_x038400_y027648.jpg,253.6,760.8,341 341 341 341,
1105,R25-264-3_x005632_y014848,R25-264-3,images/R25-264-3_x005632_y014848.png,context/R25-264-3_x005632_y014848.jpg,253.6,760.8,341 341 341 341,
1106,R25-264-37_x033280_y019968,R25-264-37,images/R25-264-37_x033280_y019968.png,context/R25-264-37_x033280_y019968.jpg,253.6,760.8,341 341 341 341,
1107,R25-264-35_x018432_y015360,R25-264-35,images/R25-264-35_x018432_y015360.png,context/R25-264-35_x018432_y015360.jpg,253.6,760.8,341 341 341 341,
1108,R25-264-11_x016896_y010752,R25-264-11,images/R25-264-11_x016896_y010752.png,context/R25-264-11_x016896_y010752.jpg,253.6,760.8,341 341 341 341,
1109,R25-264-33_x029184_y007680,R25-264-33,images/R25-264-33_x029184_y007680.png,context/R25-264-33_x029184_y007680.jpg,253.6,760.8,341 341 341 341,
1110,R25-264-37_x017408_y010752,R25-264-37,images/R25-264-37_x017408_y010752.png,context/R25-264-37_x017408_y010752.jpg,253.6,760.8,341 341 341 341,
1111,R25-264-13_x013824_y011776,R25-264-13,images/R25-264-13_x013824_y011776.png,context/R25-264-13_x013824_y011776.jpg,253.6,760.8,341 341 341 341,
1112,R25-264-13_x018432_y011264,R25-264-13,images/R25-264-13_x018432_y011264.png,context/R25-264-13_x018432_y011264.jpg,253.6,760.8,341 341 341 341,
1113,R25-264-37_x025600_y010240,R25-264-37,images/R25-264-37_x025600_y010240.png,context/R25-264-37_x025600_y010240.jpg,253.6,760.8,341 341 341 341,
1114,R25-264-13_x020480_y011264,R25-264-13,images/R25-264-13_x020480_y011264.png,context/R25-264-13_x020480_y011264.jpg,253.6,760.8,341 341 341 341,
1115,R25-264-35_x026112_y015360,R25-264-35,images/R25-264-35_x026112_y015360.png,context/R25-264-35_x026112_y015360.jpg,253.6,760.8,341 341 341 341,
1116,R25-264-37_x032768_y010240__r2,R25-264-37,images/R25-264-37_x032768_y010240.png,context/R25-264-37_x032768_y010240.jpg,253.6,760.8,341 341 341 341,R25-264-37_x032768_y010240
1117,R25-264-34_x025600_y011776,R25-264-34,images/R25-264-34_x025600_y011776.png,context/R25-264-34_x025600_y011776.jpg,253.6,760.8,341 341 341 341,
1118,R25-264-37_x013312_y007680,R25-264-37,images/R25-264-37_x013312_y007680.png,context/R25-264-37_x013312_y007680.jpg,253.6,760.8,341 341 341 341,
1119,R26-122-17_HE_101_x019456_y016896,R26-122-17_HE_101,images/R26-122-17_HE_101_x019456_y016896.png,context/R26-122-17_HE_101_x019456_y016896.jpg,253.6,760.8,341 341 341 341,
1120,R25-264-12_x031744_y010752,R25-264-12,images/R25-264-12_x031744_y010752.png,context/R25-264-12_x031744_y010752.jpg,253.6,760.8,341 341 341 341,
1121,R25-264-33_x022528_y017408,R25-264-33,images/R25-264-33_x022528_y017408.png,context/R25-264-33_x022528_y017408.jpg,253.6,760.8,341 341 341 341,
1122,R25-264-35_x028672_y015360,R25-264-35,images/R25-264-35_x028672_y015360.png,context/R25-264-35_x028672_y015360.jpg,253.6,760.8,341 341 341 341,
1123,R25-264-36_x024064_y020992,R25-264-36,images/R25-264-36_x024064_y020992.png,context/R25-264-36_x024064_y020992.jpg,253.6,760.8,341 341 341 341,
1124,R26-122-17_HE_101_x010752_y016384,R26-122-17_HE_101,images/R26-122-17_HE_101_x010752_y016384.png,context/R26-122-17_HE_101_x010752_y016384.jpg,253.6,760.8,341 341 341 341,
1125,R25-264-31_x011776_y019968__r2,R25-264-31,images/R25-264-31_x011776_y019968.png,context/R25-264-31_x011776_y019968.jpg,253.6,760.8,341 341 341 341,R25-264-31_x011776_y019968
1126,R25-264-3_x041472_y007168,R25-264-3,images/R25-264-3_x041472_y007168.png,context/R25-264-3_x041472_y007168.jpg,253.6,760.8,341 341 341 341,
1127,R26-122-34_HE_93_x012288_y008192,R26-122-34_HE_93,images/R26-122-34_HE_93_x012288_y008192.png,context/R26-122-34_HE_93_x012288_y008192.jpg,253.6,760.8,341 341 341 341,
1128,R25-264-34_x026112_y010240,R25-264-34,images/R25-264-34_x026112_y010240.png,context/R25-264-34_x026112_y010240.jpg,253.6,760.8,341 341 341 341,
1129,R25-264-30_x012288_y026624__r2,R25-264-30,images/R25-264-30_x012288_y026624.png,context/R25-264-30_x012288_y026624.jpg,253.6,760.8,341 341 341 341,R25-264-30_x012288_y026624
1130,R25-264-36_x030208_y006656__r2,R25-264-36,images/R25-264-36_x030208_y006656.png,context/R25-264-36_x030208_y006656.jpg,253.6,760.8,341 341 341 341,R25-264-36_x030208_y006656
1131,R25-264-10_x026624_y006144,R25-264-10,images/R25-264-10_x026624_y006144.png,context/R25-264-10_x026624_y006144.jpg,253.6,760.8,341 341 341 341,
1132,R25-264-32_x041984_y018944,R25-264-32,images/R25-264-32_x041984_y018944.png,context/R25-264-32_x041984_y018944.jpg,253.6,760.8,341 341 341 341,
1133,R25-264-35_x012288_y019968,R25-264-35,images/R25-264-35_x012288_y019968.png,context/R25-264-35_x012288_y019968.jpg,253.6,760.8,341 341 341 341,
1134,R25-264-30_x031232_y008192,R25-264-30,images/R25-264-30_x031232_y008192.png,context/R25-264-30_x031232_y008192.jpg,253.6,760.8,341 341 341 341,
1135,R25-264-3_x027648_y020992,R25-264-3,images/R25-264-3_x027648_y020992.png,context/R25-264-3_x027648_y020992.jpg,253.6,760.8,341 341 341 341,
1136,R25-264-32_x025088_y019456,R25-264-32,images/R25-264-32_x025088_y019456.png,context/R25-264-32_x025088_y019456.jpg,253.6,760.8,341 341 341 341,
1137,R25-264-12_x005632_y022016,R25-264-12,images/R25-264-12_x005632_y022016.png,context/R25-264-12_x005632_y022016.jpg,253.6,760.8,341 341 341 341,
1138,R26-122-34_HE_93_x006656_y008192,R26-122-34_HE_93,images/R26-122-34_HE_93_x006656_y008192.png,context/R26-122-34_HE_93_x006656_y008192.jpg,253.6,760.8,341 341 341 341,
1139,R25-264-11_x031232_y026112,R25-264-11,images/R25-264-11_x031232_y026112.png,context/R25-264-11_x031232_y026112.jpg,253.6,760.8,341 341 341 341,
1140,R25-264-30_x041984_y019456,R25-264-30,images/R25-264-30_x041984_y019456.png,context/R25-264-30_x041984_y019456.jpg,253.6,760.8,341 341 341 341,
1141,R25-264-30_x014848_y008192,R25-264-30,images/R25-264-30_x014848_y008192.png,context/R25-264-30_x014848_y008192.jpg,253.6,760.8,341 341 341 341,
1142,R25-264-35_x013312_y019968__r2,R25-264-35,images/R25-264-35_x013312_y019968.png,context/R25-264-35_x013312_y019968.jpg,253.6,760.8,341 341 341 341,R25-264-35_x013312_y019968
1143,R25-264-35_x010752_y019968,R25-264-35,images/R25-264-35_x010752_y019968.png,context/R25-264-35_x010752_y019968.jpg,253.6,760.8,341 341 341 341,
1144,R25-264-13_x019456_y018944,R25-264-13,images/R25-264-13_x019456_y018944.png,context/R25-264-13_x019456_y018944.jpg,253.6,760.8,341 341 341 341,
1145,R25-264-32_x034304_y018944,R25-264-32,images/R25-264-32_x034304_y018944.png,context/R25-264-32_x034304_y018944.jpg,253.6,760.8,341 341 341 341,
1146,R25-264-11_x025600_y010240,R25-264-11,images/R25-264-11_x025600_y010240.png,context/R25-264-11_x025600_y010240.jpg,253.6,760.8,341 341 341 341,
1147,R25-264-12_x017408_y022016,R25-264-12,images/R25-264-12_x017408_y022016.png,context/R25-264-12_x017408_y022016.jpg,253.6,760.8,341 341 341 341,
1148,R25-264-37_x020992_y009216,R25-264-37,images/R25-264-37_x020992_y009216.png,context/R25-264-37_x020992_y009216.jpg,253.6,760.8,341 341 341 341,
1149,R25-264-31_x009728_y009728,R25-264-31,images/R25-264-31_x009728_y009728.png,context/R25-264-31_x009728_y009728.jpg,253.6,760.8,341 341 341 341,
1150,R25-264-31_x030720_y009728,R25-264-31,images/R25-264-31_x030720_y009728.png,context/R25-264-31_x030720_y009728.jpg,253.6,760.8,341 341 341 341,
1151,R25-264-34_x018432_y010752,R25-264-34,images/R25-264-34_x018432_y010752.png,context/R25-264-34_x018432_y010752.jpg,253.6,760.8,341 341 341 341,
1152,R25-264-34_x028672_y009728,R25-264-34,images/R25-264-34_x028672_y009728.png,context/R25-264-34_x028672_y009728.jpg,253.6,760.8,341 341 341 341,
1153,R25-264-11_x010752_y026624__r2,R25-264-11,images/R25-264-11_x010752_y026624.png,context/R25-264-11_x010752_y026624.jpg,253.6,760.8,341 341 341 341,R25-264-11_x010752_y026624
1154,R25-264-37_x026624_y009216,R25-264-37,images/R25-264-37_x026624_y009216.png,context/R25-264-37_x026624_y009216.jpg,253.6,760.8,341 341 341 341,
1155,R25-264-13_x005120_y023552__r2,R25-264-13,images/R25-264-13_x005120_y023552.png,context/R25-264-13_x005120_y023552.jpg,253.6,760.8,341 341 341 341,R25-264-13_x005120_y023552
1156,R25-264-37_x022528_y008192,R25-264-37,images/R25-264-37_x022528_y008192.png,context/R25-264-37_x022528_y008192.jpg,253.6,760.8,341 341 341 341,
1157,R25-264-33_x021504_y019968,R25-264-33,images/R25-264-33_x021504_y019968.png,context/R25-264-33_x021504_y019968.jpg,253.6,760.8,341 341 341 341,
1158,R26-122-17_HE_101_x008704_y017920,R26-122-17_HE_101,images/R26-122-17_HE_101_x008704_y017920.png,context/R26-122-17_HE_101_x008704_y017920.jpg,253.6,760.8,341 341 341 341,
1159,R25-264-11_x013312_y012800,R25-264-11,images/R25-264-11_x013312_y012800.png,context/R25-264-11_x013312_y012800.jpg,253.6,760.8,341 341 341 341,
1160,R25-264-31_x017920_y009728,R25-264-31,images/R25-264-31_x017920_y009728.png,context/R25-264-31_x017920_y009728.jpg,253.6,760.8,341 341 341 341,
1161,R25-264-1_x020992_y024064,R25-264-1,images/R25-264-1_x020992_y024064.png,context/R25-264-1_x020992_y024064.jpg,253.6,760.8,341 341 341 341,
1162,R25-264-11_x012800_y010240,R25-264-11,images/R25-264-11_x012800_y010240.png,context/R25-264-11_x012800_y010240.jpg,253.6,760.8,341 341 341 341,
1163,R25-264-36_x010752_y020992,R25-264-36,images/R25-264-36_x010752_y020992.png,context/R25-264-36_x010752_y020992.jpg,253.6,760.8,341 341 341 341,
1164,R25-264-12_x039936_y021504,R25-264-12,images/R25-264-12_x039936_y021504.png,context/R25-264-12_x039936_y021504.jpg,253.6,760.8,341 341 341 341,
1165,R26-122-15_HE_85_x014848_y009728,R26-122-15_HE_85,images/R26-122-15_HE_85_x014848_y009728.png,context/R26-122-15_HE_85_x014848_y009728.jpg,253.6,760.8,341 341 341 341,
1166,R25-264-11_x007680_y010240__r2,R25-264-11,images/R25-264-11_x007680_y010240.png,context/R25-264-11_x007680_y010240.jpg,253.6,760.8,341 341 341 341,R25-264-11_x007680_y010240
1167,R26-122-9_HE_78_x004608_y013312,R26-122-9_HE_78,images/R26-122-9_HE_78_x004608_y013312.png,context/R26-122-9_HE_78_x004608_y013312.jpg,253.6,760.8,341 341 341 341,
1168,R25-264-30_x043008_y019456,R25-264-30,images/R25-264-30_x043008_y019456.png,context/R25-264-30_x043008_y019456.jpg,253.6,760.8,341 341 341 341,
1169,R25-264-13_x037376_y011264,R25-264-13,images/R25-264-13_x037376_y011264.png,context/R25-264-13_x037376_y011264.jpg,253.6,760.8,341 341 341 341,
1170,R25-264-11_x012288_y012800,R25-264-11,images/R25-264-11_x012288_y012800.png,context/R25-264-11_x012288_y012800.jpg,253.6,760.8,341 341 341 341,
1171,R25-264-10_x011776_y006656,R25-264-10,images/R25-264-10_x011776_y006656.png,context/R25-264-10_x011776_y006656.jpg,253.6,760.8,341 341 341 341,
1172,R26-122-26_HE_107_x006144_y012288,R26-122-26_HE_107,images/R26-122-26_HE_107_x006144_y012288.png,context/R26-122-26_HE_107_x006144_y012288.jpg,253.6,760.8,341 341 341 341,
1173,R25-264-11_x004096_y012800,R25-264-11,images/R25-264-11_x004096_y012800.png,context/R25-264-11_x004096_y012800.jpg,253.6,760.8,341 341 341 341,
1174,R25-264-1_x018944_y023040,R25-264-1,images/R25-264-1_x018944_y023040.png,context/R25-264-1_x018944_y023040.jpg,253.6,760.8,341 341 341 341,
1175,R26-122-38_HE_97_x016384_y010752,R26-122-38_HE_97,images/R26-122-38_HE_97_x016384_y010752.png,context/R26-122-38_HE_97_x016384_y010752.jpg,253.6,760.8,341 341 341 341,
1176,R25-264-33_x022528_y007680,R25-264-33,images/R25-264-33_x022528_y007680.png,context/R25-264-33_x022528_y007680.jpg,253.6,760.8,341 341 341 341,
1177,R25-264-3_x016384_y014336__r2,R25-264-3,images/R25-264-3_x016384_y014336.png,context/R25-264-3_x016384_y014336.jpg,253.6,760.8,341 341 341 341,R25-264-3_x016384_y014336
1178,R26-122-10_HE_79_x011264_y010752,R26-122-10_HE_79,images/R26-122-10_HE_79_x011264_y010752.png,context/R26-122-10_HE_79_x011264_y010752.jpg,253.6,760.8,341 341 341 341,
1179,R25-264-12_x007680_y011264,R25-264-12,images/R25-264-12_x007680_y011264.png,context/R25-264-12_x007680_y011264.jpg,253.6,760.8,341 341 341 341,
1180,R25-264-36_x018432_y016384,R25-264-36,images/R25-264-36_x018432_y016384.png,context/R25-264-36_x018432_y016384.jpg,253.6,760.8,341 341 341 341,
1181,R25-264-11_x021504_y012288,R25-264-11,images/R25-264-11_x021504_y012288.png,context/R25-264-11_x021504_y012288.jpg,253.6,760.8,341 341 341 341,
1182,R25-264-3_x013824_y014848,R25-264-3,images/R25-264-3_x013824_y014848.png,context/R25-264-3_x013824_y014848.jpg,253.6,760.8,341 341 341 341,
1183,R25-264-12_x018432_y022016,R25-264-12,images/R25-264-12_x018432_y022016.png,context/R25-264-12_x018432_y022016.jpg,253.6,760.8,341 341 341 341,
1184,R25-264-33_x016896_y007168,R25-264-33,images/R25-264-33_x016896_y007168.png,context/R25-264-33_x016896_y007168.jpg,253.6,760.8,341 341 341 341,
1185,R25-264-32_x011264_y019968,R25-264-32,images/R25-264-32_x011264_y019968.png,context/R25-264-32_x011264_y019968.jpg,253.6,760.8,341 341 341 341,
1186,R25-264-36_x028160_y012288,R25-264-36,images/R25-264-36_x028160_y012288.png,context/R25-264-36_x028160_y012288.jpg,253.6,760.8,341 341 341 341,
1187,R25-264-34_x032768_y010752__r2,R25-264-34,images/R25-264-34_x032768_y010752.png,context/R25-264-34_x032768_y010752.jpg,253.6,760.8,341 341 341 341,R25-264-34_x032768_y010752
1188,R26-122-29_HE_82_x017920_y016896__r2,R26-122-29_HE_82,images/R26-122-29_HE_82_x017920_y016896.png,context/R26-122-29_HE_82_x017920_y016896.jpg,253.6,760.8,341 341 341 341,R26-122-29_HE_82_x017920_y016896
1189,R25-264-13_x025088_y023040,R25-264-13,images/R25-264-13_x025088_y023040.png,context/R25-264-13_x025088_y023040.jpg,253.6,760.8,341 341 341 341,
1190,R26-122-9_HE_78_x007168_y012288,R26-122-9_HE_78,images/R26-122-9_HE_78_x007168_y012288.png,context/R26-122-9_HE_78_x007168_y012288.jpg,253.6,760.8,341 341 341 341,
1191,R25-264-11_x028672_y026112__r2,R25-264-11,images/R25-264-11_x028672_y026112.png,context/R25-264-11_x028672_y026112.jpg,253.6,760.8,341 341 341 341,R25-264-11_x028672_y026112
1192,R25-264-36_x003072_y016896,R25-264-36,images/R25-264-36_x003072_y016896.png,context/R25-264-36_x003072_y016896.jpg,253.6,760.8,341 341 341 341,
1193,R25-264-10_x019968_y022016,R25-264-10,images/R25-264-10_x019968_y022016.png,context/R25-264-10_x019968_y022016.jpg,253.6,760.8,341 341 341 341,
1194,R25-264-1_x029696_y024064__r2,R25-264-1,images/R25-264-1_x029696_y024064.png,context/R25-264-1_x029696_y024064.jpg,253.6,760.8,341 341 341 341,R25-264-1_x029696_y024064
1195,R25-264-1_x017920_y024064,R25-264-1,images/R25-264-1_x017920_y024064.png,context/R25-264-1_x017920_y024064.jpg,253.6,760.8,341 341 341 341,
1196,R26-122-17_HE_101_x024064_y016896,R26-122-17_HE_101,images/R26-122-17_HE_101_x024064_y016896.png,context/R26-122-17_HE_101_x024064_y016896.jpg,253.6,760.8,341 341 341 341,
1197,R25-264-30_x030720_y014336,R25-264-30,images/R25-264-30_x030720_y014336.png,context/R25-264-30_x030720_y014336.jpg,253.6,760.8,341 341 341 341,
1198,R25-264-37_x014336_y010752__r2,R25-264-37,images/R25-264-37_x014336_y010752.png,context/R25-264-37_x014336_y010752.jpg,253.6,760.8,341 341 341 341,R25-264-37_x014336_y010752
1199,R25-264-31_x003584_y017408,R25-264-31,images/R25-264-31_x003584_y017408.png,context/R25-264-31_x003584_y017408.jpg,253.6,760.8,341 341 341 341,
1200,R26-122-12_HE_81_x015872_y016896__r2,R26-122-12_HE_81,images/R26-122-12_HE_81_x015872_y016896.png,context/R26-122-12_HE_81_x015872_y016896.jpg,253.6,760.8,341 341 341 341,R26-122-12_HE_81_x015872_y016896
1201,R25-264-3_x003072_y021504,R25-264-3,images/R25-264-3_x003072_y021504.png,context/R25-264-3_x003072_y021504.jpg,253.6,760.8,341 341 341 341,
1202,R25-264-35_x020992_y019968,R25-264-35,images/R25-264-35_x020992_y019968.png,context/R25-264-35_x020992_y019968.jpg,253.6,760.8,341 341 341 341,
1203,R25-264-35_x003072_y020480__r2,R25-264-35,images/R25-264-35_x003072_y020480.png,context/R25-264-35_x003072_y020480.jpg,253.6,760.8,341 341 341 341,R25-264-35_x003072_y020480
1204,R25-264-36_x027648_y007168,R25-264-36,images/R25-264-36_x027648_y007168.png,context/R25-264-36_x027648_y007168.jpg,253.6,760.8,341 341 341 341,
1205,R26-122-34_HE_93_x023040_y012800,R26-122-34_HE_93,images/R26-122-34_HE_93_x023040_y012800.png,context/R26-122-34_HE_93_x023040_y012800.jpg,253.6,760.8,341 341 341 341,
1206,R26-122-22_HE_106_x021504_y011264__r2,R26-122-22_HE_106,images/R26-122-22_HE_106_x021504_y011264.png,context/R26-122-22_HE_106_x021504_y011264.jpg,253.6,760.8,341 341 341 341,R26-122-22_HE_106_x021504_y011264
1207,R25-264-32_x040448_y018944,R25-264-32,images/R25-264-32_x040448_y018944.png,context/R25-264-32_x040448_y018944.jpg,253.6,760.8,341 341 341 341,
1208,R25-264-3_x018944_y014336,R25-264-3,images/R25-264-3_x018944_y014336.png,context/R25-264-3_x018944_y014336.jpg,253.6,760.8,341 341 341 341,
1209,R25-264-10_x027648_y006656,R25-264-10,images/R25-264-10_x027648_y006656.png,context/R25-264-10_x027648_y006656.jpg,253.6,760.8,341 341 341 341,
1210,R25-264-31_x030720_y015360,R25-264-31,images/R25-264-31_x030720_y015360.png,context/R25-264-31_x030720_y015360.jpg,253.6,760.8,341 341 341 341,
1211,R25-264-31_x020992_y019968,R25-264-31,images/R25-264-31_x020992_y019968.png,context/R25-264-31_x020992_y019968.jpg,253.6,760.8,341 341 341 341,
1212,R25-264-32_x028672_y018944,R25-264-32,images/R25-264-32_x028672_y018944.png,context/R25-264-32_x028672_y018944.jpg,253.6,760.8,341 341 341 341,
1213,R25-264-37_x033792_y007168,R25-264-37,images/R25-264-37_x033792_y007168.png,context/R25-264-37_x033792_y007168.jpg,253.6,760.8,341 341 341 341,
1214,R25-264-32_x015872_y011264,R25-264-32,images/R25-264-32_x015872_y011264.png,context/R25-264-32_x015872_y011264.jpg,253.6,760.8,341 341 341 341,
1215,R25-264-37_x036352_y008704,R25-264-37,images/R25-264-37_x036352_y008704.png,context/R25-264-37_x036352_y008704.jpg,253.6,760.8,341 341 341 341,
1216,R26-122-19_HE_103_x005120_y014336,R26-122-19_HE_103,images/R26-122-19_HE_103_x005120_y014336.png,context/R26-122-19_HE_103_x005120_y014336.jpg,253.6,760.8,341 341 341 341,
1217,R25-264-36_x009216_y020992,R25-264-36,images/R25-264-36_x009216_y020992.png,context/R25-264-36_x009216_y020992.jpg,253.6,760.8,341 341 341 341,
1218,R25-264-31_x027136_y016384,R25-264-31,images/R25-264-31_x027136_y016384.png,context/R25-264-31_x027136_y016384.jpg,253.6,760.8,341 341 341 341,
1219,R25-264-36_x011264_y016384,R25-264-36,images/R25-264-36_x011264_y016384.png,context/R25-264-36_x011264_y016384.jpg,253.6,760.8,341 341 341 341,
1220,R25-264-34_x033792_y018944,R25-264-34,images/R25-264-34_x033792_y018944.png,context/R25-264-34_x033792_y018944.jpg,253.6,760.8,341 341 341 341,
1221,R26-122-12_HE_81_x007680_y016896,R26-122-12_HE_81,images/R26-122-12_HE_81_x007680_y016896.png,context/R26-122-12_HE_81_x007680_y016896.jpg,253.6,760.8,341 341 341 341,
1222,R25-264-36_x027136_y011776,R25-264-36,images/R25-264-36_x027136_y011776.png,context/R25-264-36_x027136_y011776.jpg,253.6,760.8,341 341 341 341,
1223,R25-264-12_x035328_y022016,R25-264-12,images/R25-264-12_x035328_y022016.png,context/R25-264-12_x035328_y022016.jpg,253.6,760.8,341 341 341 341,
1224,R25-264-11_x013312_y011264,R25-264-11,images/R25-264-11_x013312_y011264.png,context/R25-264-11_x013312_y011264.jpg,253.6,760.8,341 341 341 341,
1225,R25-264-10_x010240_y016896,R25-264-10,images/R25-264-10_x010240_y016896.png,context/R25-264-10_x010240_y016896.jpg,253.6,760.8,341 341 341 341,
1226,R25-264-31_x028672_y009728,R25-264-31,images/R25-264-31_x028672_y009728.png,context/R25-264-31_x028672_y009728.jpg,253.6,760.8,341 341 341 341,
1227,R25-264-36_x028672_y020480,R25-264-36,images/R25-264-36_x028672_y020480.png,context/R25-264-36_x028672_y020480.jpg,253.6,760.8,341 341 341 341,
1228,R26-122-19_HE_103_x012800_y013824,R26-122-19_HE_103,images/R26-122-19_HE_103_x012800_y013824.png,context/R26-122-19_HE_103_x012800_y013824.jpg,253.6,760.8,341 341 341 341,
1229,R25-264-32_x026112_y019456__r2,R25-264-32,images/R25-264-32_x026112_y019456.png,context/R25-264-32_x026112_y019456.jpg,253.6,760.8,341 341 341 341,R25-264-32_x026112_y019456
1230,R25-264-34_x036864_y009728,R25-264-34,images/R25-264-34_x036864_y009728.png,context/R25-264-34_x036864_y009728.jpg,253.6,760.8,341 341 341 341,
1231,R26-122-15_HE_85_x006656_y014848,R26-122-15_HE_85,images/R26-122-15_HE_85_x006656_y014848.png,context/R26-122-15_HE_85_x006656_y014848.jpg,253.6,760.8,341 341 341 341,
1232,R26-122-6_HE_75_x018432_y010752,R26-122-6_HE_75,images/R26-122-6_HE_75_x018432_y010752.png,context/R26-122-6_HE_75_x018432_y010752.jpg,253.6,760.8,341 341 341 341,
1233,R25-264-33_x015872_y007680,R25-264-33,images/R25-264-33_x015872_y007680.png,context/R25-264-33_x015872_y007680.jpg,253.6,760.8,341 341 341 341,
1234,R25-264-35_x019456_y019456__r2,R25-264-35,images/R25-264-35_x019456_y019456.png,context/R25-264-35_x019456_y019456.jpg,253.6,760.8,341 341 341 341,R25-264-35_x019456_y019456
1235,R25-264-30_x022528_y008192,R25-264-30,images/R25-264-30_x022528_y008192.png,context/R25-264-30_x022528_y008192.jpg,253.6,760.8,341 341 341 341,
1236,R25-264-11_x026624_y012288,R25-264-11,images/R25-264-11_x026624_y012288.png,context/R25-264-11_x026624_y012288.jpg,253.6,760.8,341 341 341 341,
1237,R25-264-35_x033792_y019456,R25-264-35,images/R25-264-35_x033792_y019456.png,context/R25-264-35_x033792_y019456.jpg,253.6,760.8,341 341 341 341,
1238,R25-264-35_x025088_y008704__r2,R25-264-35,images/R25-264-35_x025088_y008704.png,context/R25-264-35_x025088_y008704.jpg,253.6,760.8,341 341 341 341,R25-264-35_x025088_y008704
1239,R25-264-12_x014848_y022016,R25-264-12,images/R25-264-12_x014848_y022016.png,context/R25-264-12_x014848_y022016.jpg,253.6,760.8,341 341 341 341,
1240,R25-264-35_x022528_y026112,R25-264-35,images/R25-264-35_x022528_y026112.png,context/R25-264-35_x022528_y026112.jpg,253.6,760.8,341 341 341 341,
1241,R25-264-12_x011776_y011264,R25-264-12,images/R25-264-12_x011776_y011264.png,context/R25-264-12_x011776_y011264.jpg,253.6,760.8,341 341 341 341,
1242,R26-122-38_HE_97_x006144_y010752__r2,R26-122-38_HE_97,images/R26-122-38_HE_97_x006144_y010752.png,context/R26-122-38_HE_97_x006144_y010752.jpg,253.6,760.8,341 341 341 341,R26-122-38_HE_97_x006144_y010752
1243,R25-264-10_x024576_y021504,R25-264-10,images/R25-264-10_x024576_y021504.png,context/R25-264-10_x024576_y021504.jpg,253.6,760.8,341 341 341 341,
1244,R25-264-3_x013312_y020992,R25-264-3,images/R25-264-3_x013312_y020992.png,context/R25-264-3_x013312_y020992.jpg,253.6,760.8,341 341 341 341,
1245,R25-264-33_x025600_y015360__r2,R25-264-33,images/R25-264-33_x025600_y015360.png,context/R25-264-33_x025600_y015360.jpg,253.6,760.8,341 341 341 341,R25-264-33_x025600_y015360
1246,R25-264-11_x013312_y027136,R25-264-11,images/R25-264-11_x013312_y027136.png,context/R25-264-11_x013312_y027136.jpg,253.6,760.8,341 341 341 341,
1247,R25-264-30_x011776_y014336,R25-264-30,images/R25-264-30_x011776_y014336.png,context/R25-264-30_x011776_y014336.jpg,253.6,760.8,341 341 341 341,
1248,R25-264-3_x004608_y021504,R25-264-3,images/R25-264-3_x004608_y021504.png,context/R25-264-3_x004608_y021504.jpg,253.6,760.8,341 341 341 341,
1249,R25-264-1_x028160_y024064,R25-264-1,images/R25-264-1_x028160_y024064.png,context/R25-264-1_x028160_y024064.jpg,253.6,760.8,341 341 341 341,
1250,R25-264-34_x027136_y011264,R25-264-34,images/R25-264-34_x027136_y011264.png,context/R25-264-34_x027136_y011264.jpg,253.6,760.8,341 341 341 341,
1251,R25-264-12_x005632_y014848,R25-264-12,images/R25-264-12_x005632_y014848.png,context/R25-264-12_x005632_y014848.jpg,253.6,760.8,341 341 341 341,
1252,R25-264-31_x033280_y015360,R25-264-31,images/R25-264-31_x033280_y015360.png,context/R25-264-31_x033280_y015360.jpg,253.6,760.8,341 341 341 341,
1253,R25-264-13_x005120_y018944,R25-264-13,images/R25-264-13_x005120_y018944.png,context/R25-264-13_x005120_y018944.jpg,253.6,760.8,341 341 341 341,
1254,R25-264-10_x025088_y006656,R25-264-10,images/R25-264-10_x025088_y006656.png,context/R25-264-10_x025088_y006656.jpg,253.6,760.8,341 341 341 341,
1255,R25-264-35_x027136_y025088,R25-264-35,images/R25-264-35_x027136_y025088.png,context/R25-264-35_x027136_y025088.jpg,253.6,760.8,341 341 341 341,
1256,R25-264-32_x006656_y019968,R25-264-32,images/R25-264-32_x006656_y019968.png,context/R25-264-32_x006656_y019968.jpg,253.6,760.8,341 341 341 341,
1257,R25-264-13_x018432_y011264__r2,R25-264-13,images/R25-264-13_x018432_y011264.png,context/R25-264-13_x018432_y011264.jpg,253.6,760.8,341 341 341 341,R25-264-13_x018432_y011264
1258,R25-264-35_x013824_y009216,R25-264-35,images/R25-264-35_x013824_y009216.png,context/R25-264-35_x013824_y009216.jpg,253.6,760.8,341 341 341 341,
1259,R26-122-29_HE_82_x023040_y010752,R26-122-29_HE_82,images/R26-122-29_HE_82_x023040_y010752.png,context/R26-122-29_HE_82_x023040_y010752.jpg,253.6,760.8,341 341 341 341,
1260,R25-264-36_x021504_y006656,R25-264-36,images/R25-264-36_x021504_y006656.png,context/R25-264-36_x021504_y006656.jpg,253.6,760.8,341 341 341 341,
1261,R25-264-33_x028160_y015360,R25-264-33,images/R25-264-33_x028160_y015360.png,context/R25-264-33_x028160_y015360.jpg,253.6,760.8,341 341 341 341,
1262,R25-264-34_x025600_y011776__r2,R25-264-34,images/R25-264-34_x025600_y011776.png,context/R25-264-34_x025600_y011776.jpg,253.6,760.8,341 341 341 341,R25-264-34_x025600_y011776
1263,R26-122-34_HE_93_x022016_y012800,R26-122-34_HE_93,images/R26-122-34_HE_93_x022016_y012800.png,context/R26-122-34_HE_93_x022016_y012800.jpg,253.6,760.8,341 341 341 341,
1264,R26-122-23_HE_91_x011776_y014336,R26-122-23_HE_91,images/R26-122-23_HE_91_x011776_y014336.png,context/R26-122-23_HE_91_x011776_y014336.jpg,253.6,760.8,341 341 341 341,
1265,R25-264-10_x011264_y021504,R25-264-10,images/R25-264-10_x011264_y021504.png,context/R25-264-10_x011264_y021504.jpg,253.6,760.8,341 341 341 341,
1266,R26-122-34_HE_93_x008704_y008192__r2,R26-122-34_HE_93,images/R26-122-34_HE_93_x008704_y008192.png,context/R26-122-34_HE_93_x008704_y008192.jpg,253.6,760.8,341 341 341 341,R26-122-34_HE_93_x008704_y008192
1267,R25-264-13_x017408_y019456,R25-264-13,images/R25-264-13_x017408_y019456.png,context/R25-264-13_x017408_y019456.jpg,253.6,760.8,341 341 341 341,
1268,R25-264-12_x009216_y014848,R25-264-12,images/R25-264-12_x009216_y014848.png,context/R25-264-12_x009216_y014848.jpg,253.6,760.8,341 341 341 341,
1269,R26-122-2_HE_71_x018944_y009728__r2,R26-122-2_HE_71,images/R26-122-2_HE_71_x018944_y009728.png,context/R26-122-2_HE_71_x018944_y009728.jpg,253.6,760.8,341 341 341 341,R26-122-2_HE_71_x018944_y009728
1270,R25-264-37_x014336_y009216,R25-264-37,images/R25-264-37_x014336_y009216.png,context/R25-264-37_x014336_y009216.jpg,253.6,760.8,341 341 341 341,
1271,R25-264-10_x009216_y016384__r2,R25-264-10,images/R25-264-10_x009216_y016384.png,context/R25-264-10_x009216_y016384.jpg,253.6,760.8,341 341 341 341,R25-264-10_x009216_y016384
1272,R26-122-17_HE_101_x019456_y019456,R26-122-17_HE_101,images/R26-122-17_HE_101_x019456_y019456.png,context/R26-122-17_HE_101_x019456_y019456.jpg,253.6,760.8,341 341 341 341,
1273,R25-264-35_x011264_y009728__r2,R25-264-35,images/R25-264-35_x011264_y009728.png,context/R25-264-35_x011264_y009728.jpg,253.6,760.8,341 341 341 341,R25-264-35_x011264_y009728
1274,R26-122-9_HE_78_x006144_y012800__r2,R26-122-9_HE_78,images/R26-122-9_HE_78_x006144_y012800.png,context/R26-122-9_HE_78_x006144_y012800.jpg,253.6,760.8,341 341 341 341,R26-122-9_HE_78_x006144_y012800
1275,R25-264-13_x029696_y011264__r2,R25-264-13,images/R25-264-13_x029696_y011264.png,context/R25-264-13_x029696_y011264.jpg,253.6,760.8,341 341 341 341,R25-264-13_x029696_y011264
1276,R25-264-36_x032256_y020992,R25-264-36,images/R25-264-36_x032256_y020992.png,context/R25-264-36_x032256_y020992.jpg,253.6,760.8,341 341 341 341,
1277,R26-122-38_HE_97_x021504_y016384,R26-122-38_HE_97,images/R26-122-38_HE_97_x021504_y016384.png,context/R26-122-38_HE_97_x021504_y016384.jpg,253.6,760.8,341 341 341 341,
1278,R25-264-10_x017408_y006656,R25-264-10,images/R25-264-10_x017408_y006656.png,context/R25-264-10_x017408_y006656.jpg,253.6,760.8,341 341 341 341,
1279,R25-264-35_x020480_y009728__r2,R25-264-35,images/R25-264-35_x020480_y009728.png,context/R25-264-35_x020480_y009728.jpg,253.6,760.8,341 341 341 341,R25-264-35_x020480_y009728
1280,R25-264-33_x022016_y015360__r2,R25-264-33,images/R25-264-33_x022016_y015360.png,context/R25-264-33_x022016_y015360.jpg,253.6,760.8,341 341 341 341,R25-264-33_x022016_y015360
1281,R26-122-26_HE_107_x016896_y011776,R26-122-26_HE_107,images/R26-122-26_HE_107_x016896_y011776.png,context/R26-122-26_HE_107_x016896_y011776.jpg,253.6,760.8,341 341 341 341,
1282,R26-122-36_HE_95_x025600_y012288,R26-122-36_HE_95,images/R26-122-36_HE_95_x025600_y012288.png,context/R26-122-36_HE_95_x025600_y012288.jpg,253.6,760.8,341 341 341 341,
1283,R26-122-38_HE_97_x019456_y010240,R26-122-38_HE_97,images/R26-122-38_HE_97_x019456_y010240.png,context/R26-122-38_HE_97_x019456_y010240.jpg,253.6,760.8,341 341 341 341,
1284,R25-264-32_x041984_y010752,R25-264-32,images/R25-264-32_x041984_y010752.png,context/R25-264-32_x041984_y010752.jpg,253.6,760.8,341 341 341 341,
1285,R25-264-32_x036864_y019968,R25-264-32,images/R25-264-32_x036864_y019968.png,context/R25-264-32_x036864_y019968.jpg,253.6,760.8,341 341 341 341,
1286,R25-264-13_x011264_y018944,R25-264-13,images/R25-264-13_x011264_y018944.png,context/R25-264-13_x011264_y018944.jpg,253.6,760.8,341 341 341 341,
1287,R25-264-10_x010752_y011776,R25-264-10,images/R25-264-10_x010752_y011776.png,context/R25-264-10_x010752_y011776.jpg,253.6,760.8,341 341 341 341,
1288,R25-264-31_x027136_y019968,R25-264-31,images/R25-264-31_x027136_y019968.png,context/R25-264-31_x027136_y019968.jpg,253.6,760.8,341 341 341 341,
1289,R25-264-34_x008192_y010752,R25-264-34,images/R25-264-34_x008192_y010752.png,context/R25-264-34_x008192_y010752.jpg,253.6,760.8,341 341 341 341,
1290,R25-264-11_x038912_y011264,R25-264-11,images/R25-264-11_x038912_y011264.png,context/R25-264-11_x038912_y011264.jpg,253.6,760.8,341 341 341 341,
1291,R25-264-31_x019968_y015872,R25-264-31,images/R25-264-31_x019968_y015872.png,context/R25-264-31_x019968_y015872.jpg,253.6,760.8,341 341 341 341,
1292,R25-264-11_x026624_y026112,R25-264-11,images/R25-264-11_x026624_y026112.png,context/R25-264-11_x026624_y026112.jpg,253.6,760.8,341 341 341 341,
1293,R26-122-31_HE_98_x019456_y009728,R26-122-31_HE_98,images/R26-122-31_HE_98_x019456_y009728.png,context/R26-122-31_HE_98_x019456_y009728.jpg,253.6,760.8,341 341 341 341,
1294,R25-264-33_x017920_y007168__r2,R25-264-33,images/R25-264-33_x017920_y007168.png,context/R25-264-33_x017920_y007168.jpg,253.6,760.8,341 341 341 341,R25-264-33_x017920_y007168
1295,R25-264-32_x020480_y010752,R25-264-32,images/R25-264-32_x020480_y010752.png,context/R25-264-32_x020480_y010752.jpg,253.6,760.8,341 341 341 341,
1296,R25-264-33_x013312_y015360,R25-264-33,images/R25-264-33_x013312_y015360.png,context/R25-264-33_x013312_y015360.jpg,253.6,760.8,341 341 341 341,
1297,R25-264-36_x020480_y007168,R25-264-36,images/R25-264-36_x020480_y007168.png,context/R25-264-36_x020480_y007168.jpg,253.6,760.8,341 341 341 341,
1298,R25-264-13_x047104_y018944,R25-264-13,images/R25-264-13_x047104_y018944.png,context/R25-264-13_x047104_y018944.jpg,253.6,760.8,341 341 341 341,
1299,R26-122-19_HE_103_x020992_y018944,R26-122-19_HE_103,images/R26-122-19_HE_103_x020992_y018944.png,context/R26-122-19_HE_103_x020992_y018944.jpg,253.6,760.8,341 341 341 341,
1300,R25-264-30_x016896_y026624,R25-264-30,images/R25-264-30_x016896_y026624.png,context/R25-264-30_x016896_y026624.jpg,253.6,760.8,341 341 341 341,
1301,R25-264-34_x024576_y018944,R25-264-34,images/R25-264-34_x024576_y018944.png,context/R25-264-34_x024576_y018944.jpg,253.6,760.8,341 341 341 341,
1302,R25-264-36_x019456_y006656,R25-264-36,images/R25-264-36_x019456_y006656.png,context/R25-264-36_x019456_y006656.jpg,253.6,760.8,341 341 341 341,
1303,R25-264-30_x018432_y008192__r2,R25-264-30,images/R25-264-30_x018432_y008192.png,context/R25-264-30_x018432_y008192.jpg,253.6,760.8,341 341 341 341,R25-264-30_x018432_y008192
1304,R25-264-37_x026624_y009216__r2,R25-264-37,images/R25-264-37_x026624_y009216.png,context/R25-264-37_x026624_y009216.jpg,253.6,760.8,341 341 341 341,R25-264-37_x026624_y009216
1305,R25-264-3_x034304_y007168,R25-264-3,images/R25-264-3_x034304_y007168.png,context/R25-264-3_x034304_y007168.jpg,253.6,760.8,341 341 341 341,
1306,R25-264-35_x012800_y009728__r2,R25-264-35,images/R25-264-35_x012800_y009728.png,context/R25-264-35_x012800_y009728.jpg,253.6,760.8,341 341 341 341,R25-264-35_x012800_y009728
1307,R25-264-13_x014336_y023552,R25-264-13,images/R25-264-13_x014336_y023552.png,context/R25-264-13_x014336_y023552.jpg,253.6,760.8,341 341 341 341,
1308,R25-264-32_x035328_y010752,R25-264-32,images/R25-264-32_x035328_y010752.png,context/R25-264-32_x035328_y010752.jpg,253.6,760.8,341 341 341 341,
1309,R25-264-34_x030208_y018432,R25-264-34,images/R25-264-34_x030208_y018432.png,context/R25-264-34_x030208_y018432.jpg,253.6,760.8,341 341 341 341,
1310,R25-264-13_x037376_y023040,R25-264-13,images/R25-264-13_x037376_y023040.png,context/R25-264-13_x037376_y023040.jpg,253.6,760.8,341 341 341 341,
1311,R25-264-31_x013312_y009728__r2,R25-264-31,images/R25-264-31_x013312_y009728.png,context/R25-264-31_x013312_y009728.jpg,253.6,760.8,341 341 341 341,R25-264-31_x013312_y009728
1312,R25-264-13_x023552_y018432,R25-264-13,images/R25-264-13_x023552_y018432.png,context/R25-264-13_x023552_y018432.jpg,253.6,760.8,341 341 341 341,
1313,R25-264-13_x045568_y023040,R25-264-13,images/R25-264-13_x045568_y023040.png,context/R25-264-13_x045568_y023040.jpg,253.6,760.8,341 341 341 341,
1314,R26-122-26_HE_107_x012288_y016384__r2,R26-122-26_HE_107,images/R26-122-26_HE_107_x012288_y016384.png,context/R26-122-26_HE_107_x012288_y016384.jpg,253.6,760.8,341 341 341 341,R26-122-26_HE_107_x012288_y016384
1315,R25-264-33_x014848_y018944,R25-264-33,images/R25-264-33_x014848_y018944.png,context/R25-264-33_x014848_y018944.jpg,253.6,760.8,341 341 341 341,
1316,R25-264-32_x003584_y011264,R25-264-32,images/R25-264-32_x003584_y011264.png,context/R25-264-32_x003584_y011264.jpg,253.6,760.8,341 341 341 341,
1317,R25-264-32_x027648_y018944__r2,R25-264-32,images/R25-264-32_x027648_y018944.png,context/R25-264-32_x027648_y018944.jpg,253.6,760.8,341 341 341 341,R25-264-32_x027648_y018944
1318,R25-264-12_x011264_y014848,R25-264-12,images/R25-264-12_x011264_y014848.png,context/R25-264-12_x011264_y014848.jpg,253.6,760.8,341 341 341 341,
1319,R26-122-12_HE_81_x013312_y009216,R26-122-12_HE_81,images/R26-122-12_HE_81_x013312_y009216.png,context/R26-122-12_HE_81_x013312_y009216.jpg,253.6,760.8,341 341 341 341,
1320,R25-264-3_x038912_y014336,R25-264-3,images/R25-264-3_x038912_y014336.png,context/R25-264-3_x038912_y014336.jpg,253.6,760.8,341 341 341 341,
1321,R25-264-1_x031232_y020992__r2,R25-264-1,images/R25-264-1_x031232_y020992.png,context/R25-264-1_x031232_y020992.jpg,253.6,760.8,341 341 341 341,R25-264-1_x031232_y020992
1322,R26-122-38_HE_97_x010752_y016384,R26-122-38_HE_97,images/R26-122-38_HE_97_x010752_y016384.png,context/R26-122-38_HE_97_x010752_y016384.jpg,253.6,760.8,341 341 341 341,
1323,R25-264-36_x025088_y006656__r2,R25-264-36,images/R25-264-36_x025088_y006656.png,context/R25-264-36_x025088_y006656.jpg,253.6,760.8,341 341 341 341,R25-264-36_x025088_y006656
1324,R25-264-37_x020992_y010240__r2,R25-264-37,images/R25-264-37_x020992_y010240.png,context/R25-264-37_x020992_y010240.jpg,253.6,760.8,341 341 341 341,R25-264-37_x020992_y010240
1325,R25-264-33_x011264_y019968__r2,R25-264-33,images/R25-264-33_x011264_y019968.png,context/R25-264-33_x011264_y019968.jpg,253.6,760.8,341 341 341 341,R25-264-33_x011264_y019968
1326,R25-264-30_x005632_y019968,R25-264-30,images/R25-264-30_x005632_y019968.png,context/R25-264-30_x005632_y019968.jpg,253.6,760.8,341 341 341 341,
1327,R25-264-10_x032256_y011776__r2,R25-264-10,images/R25-264-10_x032256_y011776.png,context/R25-264-10_x032256_y011776.jpg,253.6,760.8,341 341 341 341,R25-264-10_x032256_y011776
1328,R26-122-36_HE_95_x020480_y012800,R26-122-36_HE_95,images/R26-122-36_HE_95_x020480_y012800.png,context/R26-122-36_HE_95_x020480_y012800.jpg,253.6,760.8,341 341 341 341,
1329,R25-264-36_x028160_y012288__r2,R25-264-36,images/R25-264-36_x028160_y012288.png,context/R25-264-36_x028160_y012288.jpg,253.6,760.8,341 341 341 341,R25-264-36_x028160_y012288
1330,R25-264-12_x031744_y010752__r2,R25-264-12,images/R25-264-12_x031744_y010752.png,context/R25-264-12_x031744_y010752.jpg,253.6,760.8,341 341 341 341,R25-264-12_x031744_y010752
1331,R26-122-6_HE_75_x002560_y010240__r2,R26-122-6_HE_75,images/R26-122-6_HE_75_x002560_y010240.png,context/R26-122-6_HE_75_x002560_y010240.jpg,253.6,760.8,341 341 341 341,R26-122-6_HE_75_x002560_y010240
1332,R26-122-9_HE_78_x009728_y011264,R26-122-9_HE_78,images/R26-122-9_HE_78_x009728_y011264.png,context/R26-122-9_HE_78_x009728_y011264.jpg,253.6,760.8,341 341 341 341,
1333,R25-264-12_x032768_y021504__r2,R25-264-12,images/R25-264-12_x032768_y021504.png,context/R25-264-12_x032768_y021504.jpg,253.6,760.8,341 341 341 341,R25-264-12_x032768_y021504
1334,R25-264-34_x012288_y010752,R25-264-34,images/R25-264-34_x012288_y010752.png,context/R25-264-34_x012288_y010752.jpg,253.6,760.8,341 341 341 341,
1335,R25-264-10_x012288_y016384,R25-264-10,images/R25-264-10_x012288_y016384.png,context/R25-264-10_x012288_y016384.jpg,253.6,760.8,341 341 341 341,
1336,R25-264-36_x016384_y012288__r2,R25-264-36,images/R25-264-36_x016384_y012288.png,context/R25-264-36_x016384_y012288.jpg,253.6,760.8,341 341 341 341,R25-264-36_x016384_y012288
1337,R25-264-31_x007168_y020480,R25-264-31,images/R25-264-31_x007168_y020480.png,context/R25-264-31_x007168_y020480.jpg,253.6,760.8,341 341 341 341,
1338,R25-264-32_x034304_y018944__r2,R25-264-32,images/R25-264-32_x034304_y018944.png,context/R25-264-32_x034304_y018944.jpg,253.6,760.8,341 341 341 341,R25-264-32_x034304_y018944
1339,R25-264-30_x009728_y019968,R25-264-30,images/R25-264-30_x009728_y019968.png,context/R25-264-30_x009728_y019968.jpg,253.6,760.8,341 341 341 341,
1340,R26-122-2_HE_71_x016384_y010240,R26-122-2_HE_71,images/R26-122-2_HE_71_x016384_y010240.png,context/R26-122-2_HE_71_x016384_y010240.jpg,253.6,760.8,341 341 341 341,
1341,R25-264-36_x013824_y012288__r2,R25-264-36,images/R25-264-36_x013824_y012288.png,context/R25-264-36_x013824_y012288.jpg,253.6,760.8,341 341 341 341,R25-264-36_x013824_y012288
1342,R25-264-11_x006656_y010752__r2,R25-264-11,images/R25-264-11_x006656_y010752.png,context/R25-264-11_x006656_y010752.jpg,253.6,760.8,341 341 341 341,R25-264-11_x006656_y010752
1343,R25-264-13_x027136_y011264,R25-264-13,images/R25-264-13_x027136_y011264.png,context/R25-264-13_x027136_y011264.jpg,253.6,760.8,341 341 341 341,
1344,R25-264-32_x016896_y010752,R25-264-32,images/R25-264-32_x016896_y010752.png,context/R25-264-32_x016896_y010752.jpg,253.6,760.8,341 341 341 341,
1345,R25-264-32_x012288_y010752,R25-264-32,images/R25-264-32_x012288_y010752.png,context/R25-264-32_x012288_y010752.jpg,253.6,760.8,341 341 341 341,
1346,R26-122-12_HE_81_x005632_y016384__r2,R26-122-12_HE_81,images/R26-122-12_HE_81_x005632_y016384.png,context/R26-122-12_HE_81_x005632_y016384.jpg,253.6,760.8,341 341 341 341,R26-122-12_HE_81_x005632_y016384
1347,R26-122-3_HE_72_x025600_y009728,R26-122-3_HE_72,images/R26-122-3_HE_72_x025600_y009728.png,context/R26-122-3_HE_72_x025600_y009728.jpg,253.6,760.8,341 341 341 341,
1348,R25-264-1_x016896_y024064,R25-264-1,images/R25-264-1_x016896_y024064.png,context/R25-264-1_x016896_y024064.jpg,253.6,760.8,341 341 341 341,
1349,R25-264-11_x003584_y011776__r2,R25-264-11,images/R25-264-11_x003584_y011776.png,context/R25-264-11_x003584_y011776.jpg,253.6,760.8,341 341 341 341,R25-264-11_x003584_y011776
1350,R25-264-13_x022016_y023552__r2,R25-264-13,images/R25-264-13_x022016_y023552.png,context/R25-264-13_x022016_y023552.jpg,253.6,760.8,341 341 341 341,R25-264-13_x022016_y023552
1351,R25-264-32_x007168_y011264,R25-264-32,images/R25-264-32_x007168_y011264.png,context/R25-264-32_x007168_y011264.jpg,253.6,760.8,341 341 341 341,
1352,R25-264-12_x039936_y021504__r2,R25-264-12,images/R25-264-12_x039936_y021504.png,context/R25-264-12_x039936_y021504.jpg,253.6,760.8,341 341 341 341,R25-264-12_x039936_y021504
1353,R25-264-37_x035328_y007680,R25-264-37,images/R25-264-37_x035328_y007680.png,context/R25-264-37_x035328_y007680.jpg,253.6,760.8,341 341 341 341,
1354,R25-264-3_x047616_y020992__r2,R25-264-3,images/R25-264-3_x047616_y020992.png,context/R25-264-3_x047616_y020992.jpg,253.6,760.8,341 341 341 341,R25-264-3_x047616_y020992
1355,R25-264-12_x030208_y022016,R25-264-12,images/R25-264-12_x030208_y022016.png,context/R25-264-12_x030208_y022016.jpg,253.6,760.8,341 341 341 341,
1356,R25-264-35_x012288_y019968__r2,R25-264-35,images/R25-264-35_x012288_y019968.png,context/R25-264-35_x012288_y019968.jpg,253.6,760.8,341 341 341 341,R25-264-35_x012288_y019968
1357,R25-264-13_x007680_y018944,R25-264-13,images/R25-264-13_x007680_y018944.png,context/R25-264-13_x007680_y018944.jpg,253.6,760.8,341 341 341 341,
1358,R25-264-12_x007680_y011264__r2,R25-264-12,images/R25-264-12_x007680_y011264.png,context/R25-264-12_x007680_y011264.jpg,253.6,760.8,341 341 341 341,R25-264-12_x007680_y011264
1359,R25-264-32_x008192_y019968__r2,R25-264-32,images/R25-264-32_x008192_y019968.png,context/R25-264-32_x008192_y019968.jpg,253.6,760.8,341 341 341 341,R25-264-32_x008192_y019968
1360,R26-122-26_HE_107_x011264_y016896,R26-122-26_HE_107,images/R26-122-26_HE_107_x011264_y016896.png,context/R26-122-26_HE_107_x011264_y016896.jpg,253.6,760.8,341 341 341 341,
1361,R25-264-35_x012800_y025600,R25-264-35,images/R25-264-35_x012800_y025600.png,context/R25-264-35_x012800_y025600.jpg,253.6,760.8,341 341 341 341,
1362,R26-122-6_HE_75_x017408_y010752,R26-122-6_HE_75,images/R26-122-6_HE_75_x017408_y010752.png,context/R26-122-6_HE_75_x017408_y010752.jpg,253.6,760.8,341 341 341 341,
1363,R25-264-31_x004608_y016896,R25-264-31,images/R25-264-31_x004608_y016896.png,context/R25-264-31_x004608_y016896.jpg,253.6,760.8,341 341 341 341,
1364,R25-264-11_x005632_y012288,R25-264-11,images/R25-264-11_x005632_y012288.png,context/R25-264-11_x005632_y012288.jpg,253.6,760.8,341 341 341 341,
1365,R25-264-31_x024576_y019968,R25-264-31,images/R25-264-31_x024576_y019968.png,context/R25-264-31_x024576_y019968.jpg,253.6,760.8,341 341 341 341,
1366,R25-264-35_x014848_y009216,R25-264-35,images/R25-264-35_x014848_y009216.png,context/R25-264-35_x014848_y009216.jpg,253.6,760.8,341 341 341 341,
1367,R25-264-35_x018432_y026112,R25-264-35,images/R25-264-35_x018432_y026112.png,context/R25-264-35_x018432_y026112.jpg,253.6,760.8,341 341 341 341,
1368,R25-264-30_x011264_y008192,R25-264-30,images/R25-264-30_x011264_y008192.png,context/R25-264-30_x011264_y008192.jpg,253.6,760.8,341 341 341 341,
1369,R26-122-17_HE_101_x027136_y017920,R26-122-17_HE_101,images/R26-122-17_HE_101_x027136_y017920.png,context/R26-122-17_HE_101_x027136_y017920.jpg,253.6,760.8,341 341 341 341,
1370,R25-264-30_x030720_y014336__r2,R25-264-30,images/R25-264-30_x030720_y014336.png,context/R25-264-30_x030720_y014336.jpg,253.6,760.8,341 341 341 341,R25-264-30_x030720_y014336
1371,R25-264-1_x030208_y020480__r2,R25-264-1,images/R25-264-1_x030208_y020480.png,context/R25-264-1_x030208_y020480.jpg,253.6,760.8,341 341 341 341,R25-264-1_x030208_y020480
1372,R25-264-1_x020992_y024064__r2,R25-264-1,images/R25-264-1_x020992_y024064.png,context/R25-264-1_x020992_y024064.jpg,253.6,760.8,341 341 341 341,R25-264-1_x020992_y024064
1373,R25-264-10_x005632_y022528,R25-264-10,images/R25-264-10_x005632_y022528.png,context/R25-264-10_x005632_y022528.jpg,253.6,760.8,341 341 341 341,
1374,R25-264-30_x010240_y014336,R25-264-30,images/R25-264-30_x010240_y014336.png,context/R25-264-30_x010240_y014336.jpg,253.6,760.8,341 341 341 341,
1375,R25-264-34_x033280_y009728,R25-264-34,images/R25-264-34_x033280_y009728.png,context/R25-264-34_x033280_y009728.jpg,253.6,760.8,341 341 341 341,
1376,R25-264-33_x017408_y018432,R25-264-33,images/R25-264-33_x017408_y018432.png,context/R25-264-33_x017408_y018432.jpg,253.6,760.8,341 341 341 341,
1377,R25-264-34_x013312_y018944,R25-264-34,images/R25-264-34_x013312_y018944.png,context/R25-264-34_x013312_y018944.jpg,253.6,760.8,341 341 341 341,
1378,R25-264-34_x007168_y011264,R25-264-34,images/R25-264-34_x007168_y011264.png,context/R25-264-34_x007168_y011264.jpg,253.6,760.8,341 341 341 341,
1379,R26-122-12_HE_81_x003584_y016384,R26-122-12_HE_81,images/R26-122-12_HE_81_x003584_y016384.png,context/R26-122-12_HE_81_x003584_y016384.jpg,253.6,760.8,341 341 341 341,
1380,R25-264-33_x019968_y018432,R25-264-33,images/R25-264-33_x019968_y018432.png,context/R25-264-33_x019968_y018432.jpg,253.6,760.8,341 341 341 341,
1381,R26-122-17_HE_101_x024576_y017920,R26-122-17_HE_101,images/R26-122-17_HE_101_x024576_y017920.png,context/R26-122-17_HE_101_x024576_y017920.jpg,253.6,760.8,341 341 341 341,
1382,R25-264-12_x029184_y022016,R25-264-12,images/R25-264-12_x029184_y022016.png,context/R25-264-12_x029184_y022016.jpg,253.6,760.8,341 341 341 341,
1383,R25-264-33_x009728_y019968,R25-264-33,images/R25-264-33_x009728_y019968.png,context/R25-264-33_x009728_y019968.jpg,253.6,760.8,341 341 341 341,
1384,R25-264-1_x014336_y020992,R25-264-1,images/R25-264-1_x014336_y020992.png,context/R25-264-1_x014336_y020992.jpg,253.6,760.8,341 341 341 341,
1385,R25-264-3_x045568_y027648__r2,R25-264-3,images/R25-264-3_x045568_y027648.png,context/R25-264-3_x045568_y027648.jpg,253.6,760.8,341 341 341 341,R25-264-3_x045568_y027648
1386,R25-264-31_x020992_y015872__r2,R25-264-31,images/R25-264-31_x020992_y015872.png,context/R25-264-31_x020992_y015872.jpg,253.6,760.8,341 341 341 341,R25-264-31_x020992_y015872
1387,R25-264-11_x018432_y010240,R25-264-11,images/R25-264-11_x018432_y010240.png,context/R25-264-11_x018432_y010240.jpg,253.6,760.8,341 341 341 341,
1388,R25-264-3_x037376_y007168,R25-264-3,images/R25-264-3_x037376_y007168.png,context/R25-264-3_x037376_y007168.jpg,253.6,760.8,341 341 341 341,
1389,R25-264-35_x035840_y015360,R25-264-35,images/R25-264-35_x035840_y015360.png,context/R25-264-35_x035840_y015360.jpg,253.6,760.8,341 341 341 341,
1390,R26-122-12_HE_81_x023040_y008704__r2,R26-122-12_HE_81,images/R26-122-12_HE_81_x023040_y008704.png,context/R26-122-12_HE_81_x023040_y008704.jpg,253.6,760.8,341 341 341 341,R26-122-12_HE_81_x023040_y008704
1391,R25-264-36_x010752_y012288,R25-264-36,images/R25-264-36_x010752_y012288.png,context/R25-264-36_x010752_y012288.jpg,253.6,760.8,341 341 341 341,
1392,R25-264-34_x035328_y009728,R25-264-34,images/R25-264-34_x035328_y009728.png,context/R25-264-34_x035328_y009728.jpg,253.6,760.8,341 341 341 341,
1393,R25-264-37_x031232_y007680,R25-264-37,images/R25-264-37_x031232_y007680.png,context/R25-264-37_x031232_y007680.jpg,253.6,760.8,341 341 341 341,
1394,R25-264-32_x028672_y018944__r2,R25-264-32,images/R25-264-32_x028672_y018944.png,context/R25-264-32_x028672_y018944.jpg,253.6,760.8,341 341 341 341,R25-264-32_x028672_y018944
1395,R26-122-12_HE_81_x006656_y016896,R26-122-12_HE_81,images/R26-122-12_HE_81_x006656_y016896.png,context/R26-122-12_HE_81_x006656_y016896.jpg,253.6,760.8,341 341 341 341,
1396,R25-264-12_x025600_y010752__r2,R25-264-12,images/R25-264-12_x025600_y010752.png,context/R25-264-12_x025600_y010752.jpg,253.6,760.8,341 341 341 341,R25-264-12_x025600_y010752
1397,R25-264-11_x009216_y010240,R25-264-11,images/R25-264-11_x009216_y010240.png,context/R25-264-11_x009216_y010240.jpg,253.6,760.8,341 341 341 341,
1398,R26-122-17_HE_101_x024064_y016896__r2,R26-122-17_HE_101,images/R26-122-17_HE_101_x024064_y016896.png,context/R26-122-17_HE_101_x024064_y016896.jpg,253.6,760.8,341 341 341 341,R26-122-17_HE_101_x024064_y016896
1399,R25-264-1_x015872_y021504,R25-264-1,images/R25-264-1_x015872_y021504.png,context/R25-264-1_x015872_y021504.jpg,253.6,760.8,341 341 341 341,
1400,R25-264-37_x019968_y009216,R25-264-37,images/R25-264-37_x019968_y009216.png,context/R25-264-37_x019968_y009216.jpg,253.6,760.8,341 341 341 341,
