tile_id,slide,cohort,diet,batch,split,band,score,score_pct,n_scored_cells,x,y,size,tissue_fraction,frame_tiles,frame_patches,dup_of,order
R26-122-23_HE_91_x004608_y015360,R26-122-23_HE_91,CCl4,unknown,2026-04-20_CCl4_HE,train,anchor,1.682,22.91,4,4608,15360,512,1.0,,,,1
R25-264-12_x027136_y014848,R25-264-12,MASH,unknown,2025-08-25HE,test,anchor,-0.5913,31.17,2,27136,14848,512,1.0,,,,2
R25-264-36_x010752_y007680,R25-264-36,MASH,unknown,2025-08-25HE,train,high,5.9728,94.4,2,10752,7680,512,1.0,,,,3
R25-264-33_x034304_y014848,R25-264-33,MASH,unknown,2025-08-25HE,train,mid,2.1704,45.59,7,34304,14848,512,1.0,,,,4
R25-264-36_x020992_y020992,R25-264-36,MASH,unknown,2025-08-25HE,train,high,5.432,92.72,4,20992,20992,512,1.0,,,,5
R25-264-10_x020992_y011264,R25-264-10,MASH,unknown,2025-08-25HE,test,high,7.2566,97.73,1,20992,11264,512,1.0,,,,6
R25-264-12_x043008_y014848,R25-264-12,MASH,unknown,2025-08-25HE,test,low,,0.0,0,43008,14848,512,1.0,,,,7
R25-264-30_x029696_y026624,R25-264-30,MASH,unknown,2025-08-25HE,train,high,4.5398,92.09,1,29696,26624,512,1.0,,,,8
R25-264-37_x014336_y020992,R25-264-37,MASH,unknown,2025-08-25HE,train,high,8.1441,99.23,8,14336,20992,512,1.0,,,,9
R25-264-35_x029696_y015360,R25-264-35,MASH,unknown,2025-08-25HE,test,high,5.1584,90.06,2,29696,15360,512,1.0,,,,10
R26-122-36_HE_95_x012800_y013824,R26-122-36_HE_95,CCl4,unknown,2026-04-20_CCl4_HE,train,anchor,2.7797,51.12,6,12800,13824,512,1.0,,,,11
R25-264-13_x015360_y019456,R25-264-13,MASH,unknown,2025-08-25HE,train,anchor,0.9224,36.74,3,15360,19456,512,1.0,,,,12
R25-264-36_x022528_y011776,R25-264-36,MASH,unknown,2025-08-25HE,train,upper,4.0342,73.39,7,22528,11776,512,1.0,,,,13
R25-264-32_x004608_y011264,R25-264-32,MASH,unknown,2025-08-25HE,test,low,,0.0,0,4608,11264,512,1.0,,,,14
R25-264-32_x035840_y018944,R25-264-32,MASH,unknown,2025-08-25HE,test,low,,0.0,0,35840,18944,512,1.0,,,,15
R25-264-31_x016896_y019968,R25-264-31,MASH,unknown,2025-08-25HE,test,anchor,5.3327,92.64,2,16896,19968,512,1.0,,,,16
R26-122-19_HE_103_x003584_y014336,R26-122-19_HE_103,CCl4,unknown,2026-04-20_CCl4_HE,train,low,1.3173,21.26,3,3584,14336,512,1.0,,,,17
R25-264-10_x008192_y011776,R25-264-10,MASH,unknown,2025-08-25HE,test,mid,3.4911,68.47,7,8192,11776,512,1.0,,,,18
R25-264-3_x010752_y007680,R25-264-3,MASH,unknown,2025-08-25HE,train,upper,3.0984,71.96,2,10752,7680,512,1.0,,,,19
R25-264-31_x013824_y019968,R25-264-31,MASH,unknown,2025-08-25HE,test,high,8.904,99.69,2,13824,19968,512,1.0,,,,20
R25-264-11_x029696_y026624,R25-264-11,MASH,unknown,2025-08-25HE,train,upper,3.5177,74.84,3,29696,26624,512,1.0,,,,21
R25-264-1_x013824_y022016,R25-264-1,MASH,unknown,2025-08-25HE,train,upper,1.0311,72.02,1,13824,22016,512,1.0,,,,22
R25-264-33_x031232_y017408,R25-264-33,MASH,unknown,2025-08-25HE,train,high,5.6924,95.88,5,31232,17408,512,1.0,,,,23
R25-264-11_x019456_y010240,R25-264-11,MASH,unknown,2025-08-25HE,train,low,0.2301,22.58,1,19456,10240,512,1.0,,,,24
R25-264-1_x005120_y021504,R25-264-1,MASH,unknown,2025-08-25HE,train,anchor,2.1345,86.9,2,5120,21504,512,1.0,,,,25
R25-264-13_x012288_y011776,R25-264-13,MASH,unknown,2025-08-25HE,train,upper,4.0786,88.82,6,12288,11776,512,1.0,,,,26
R25-264-13_x020480_y019456,R25-264-13,MASH,unknown,2025-08-25HE,train,high,4.7839,95.53,4,20480,19456,512,1.0,,,,27
R25-264-3_x036864_y014336,R25-264-3,MASH,unknown,2025-08-25HE,train,high,6.6428,97.64,4,36864,14336,512,1.0,,,,28
R25-264-32_x010240_y010752,R25-264-32,MASH,unknown,2025-08-25HE,test,mid,2.2794,61.6,2,10240,10752,512,1.0,,,,29
R25-264-13_x039936_y018432,R25-264-13,MASH,unknown,2025-08-25HE,train,mid,0.8671,34.82,4,39936,18432,512,1.0,,,,30
R25-264-30_x026624_y026624,R25-264-30,MASH,unknown,2025-08-25HE,train,upper,3.1487,75.49,2,26624,26624,512,1.0,,,,31
R25-264-35_x019456_y015360,R25-264-35,MASH,unknown,2025-08-25HE,test,upper,4.1734,79.83,3,19456,15360,512,1.0,,,,32
R26-122-15_HE_85_x026112_y015360,R26-122-15_HE_85,CCl4,unknown,2026-04-20_CCl4_HE,train,upper,4.6506,73.12,7,26112,15360,512,1.0,,,,33
R26-122-36_HE_95_x013312_y012288,R26-122-36_HE_95,CCl4,unknown,2026-04-20_CCl4_HE,train,high,6.8821,97.76,2,13312,12288,512,1.0,,,,34
R26-122-3_HE_72_x021504_y015872,R26-122-3_HE_72,CCl4,unknown,2026-04-20_CCl4_HE,train,anchor,1.7093,32.58,2,21504,15872,512,1.0,,,,35
R26-122-38_HE_97_x022528_y016384,R26-122-38_HE_97,CCl4,unknown,2026-04-20_CCl4_HE,test,mid,4.2082,69.78,7,22528,16384,512,1.0,,,,36
R25-264-12_x037888_y021504,R25-264-12,MASH,unknown,2025-08-25HE,test,low,,0.0,0,37888,21504,512,1.0,,,,37
R25-264-35_x020992_y008704,R25-264-35,MASH,unknown,2025-08-25HE,test,anchor,4.6399,84.53,2,20992,8704,512,1.0,,,,38
R26-122-10_HE_79_x013312_y010752,R26-122-10_HE_79,CCl4,unknown,2026-04-20_CCl4_HE,train,high,7.0262,100.0,3,13312,10752,512,1.0,,,,39
R25-264-31_x028672_y016384,R25-264-31,MASH,unknown,2025-08-25HE,test,anchor,2.711,60.74,4,28672,16384,512,1.0,,,,40
R25-264-13_x006656_y019456,R25-264-13,MASH,unknown,2025-08-25HE,train,mid,2.5759,62.94,5,6656,19456,512,1.0,,,,41
R26-122-3_HE_72_x007680_y016384,R26-122-3_HE_72,CCl4,unknown,2026-04-20_CCl4_HE,train,high,4.694,91.01,3,7680,16384,512,1.0,,,,42
R25-264-36_x025600_y016384,R25-264-36,MASH,unknown,2025-08-25HE,train,mid,1.7201,30.25,5,25600,16384,512,1.0,,,,43
R25-264-10_x034304_y011264,R25-264-10,MASH,unknown,2025-08-25HE,test,upper,4.0544,80.68,2,34304,11264,512,1.0,,,,44
R25-264-10_x023552_y006656,R25-264-10,MASH,unknown,2025-08-25HE,test,mid,3.3462,65.91,4,23552,6656,512,1.0,,,,45
R25-264-32_x010240_y019456,R25-264-32,MASH,unknown,2025-08-25HE,test,low,,0.0,0,10240,19456,512,1.0,,,,46
R25-264-31_x021504_y016896,R25-264-31,MASH,unknown,2025-08-25HE,test,high,4.9371,90.8,7,21504,16896,512,0.9486,,,,47
R25-264-31_x006144_y019968,R25-264-31,MASH,unknown,2025-08-25HE,test,low,-3.854,1.53,2,6144,19968,512,1.0,,,,48
R25-264-3_x040960_y027648,R25-264-3,MASH,unknown,2025-08-25HE,train,mid,0.6464,30.41,1,40960,27648,512,1.0,,,,49
R25-264-10_x005632_y012288,R25-264-10,MASH,unknown,2025-08-25HE,test,anchor,3.447,67.33,2,5632,12288,512,1.0,,,,50
R26-122-26_HE_107_x012288_y016384,R26-122-26_HE_107,CCl4,unknown,2026-04-20_CCl4_HE,train,high,6.4293,95.16,10,12288,16384,512,1.0,,,,51
R25-264-34_x012288_y009728,R25-264-34,MASH,unknown,2025-08-25HE,train,upper,3.0155,82.57,5,12288,9728,512,1.0,,,,52
R25-264-36_x027136_y020480,R25-264-36,MASH,unknown,2025-08-25HE,train,high,7.8696,98.88,3,27136,20480,512,1.0,,,,53
R26-122-29_HE_82_x015872_y010752,R26-122-29_HE_82,CCl4,unknown,2026-04-20_CCl4_HE,test,anchor,1.289,26.11,1,15872,10752,512,1.0,,,,54
R25-264-30_x012800_y014336,R25-264-30,MASH,unknown,2025-08-25HE,train,mid,1.2949,49.01,2,12800,14336,512,1.0,,,,55
R25-264-31_x025088_y009728,R25-264-31,MASH,unknown,2025-08-25HE,test,upper,4.6042,88.96,4,25088,9728,512,1.0,,,,56
R25-264-37_x034816_y008704,R25-264-37,MASH,unknown,2025-08-25HE,train,high,5.9343,92.07,7,34816,8704,512,1.0,,,,57
R25-264-12_x022528_y022016,R25-264-12,MASH,unknown,2025-08-25HE,test,anchor,,0.0,0,22528,22016,512,1.0,,,,58
R25-264-30_x020992_y026624,R25-264-30,MASH,unknown,2025-08-25HE,train,anchor,1.0512,45.45,1,20992,26624,512,1.0,,,,59
R25-264-33_x009728_y007680,R25-264-33,MASH,unknown,2025-08-25HE,train,low,0.9978,22.94,3,9728,7680,512,1.0,,,,60
R25-264-1_x013312_y024064,R25-264-1,MASH,unknown,2025-08-25HE,train,anchor,,0.0,0,13312,24064,512,1.0,,,,61
R25-264-10_x023552_y021504,R25-264-10,MASH,unknown,2025-08-25HE,test,anchor,-0.9671,7.95,1,23552,21504,512,1.0,,,,62
R25-264-36_x010240_y016896,R25-264-36,MASH,unknown,2025-08-25HE,train,high,5.17,90.48,3,10240,16896,512,1.0,,,,63
R26-122-22_HE_106_x012288_y017920,R26-122-22_HE_106,CCl4,unknown,2026-04-20_CCl4_HE,train,upper,4.603,70.9,2,12288,17920,512,1.0,,,,64
R26-122-23_HE_91_x004096_y013824,R26-122-23_HE_91,CCl4,unknown,2026-04-20_CCl4_HE,train,low,,0.0,0,4096,13824,512,1.0,,,,65
R25-264-11_x015360_y010752,R25-264-11,MASH,unknown,2025-08-25HE,train,upper,5.2086,89.68,3,15360,10752,512,1.0,,,,66
R25-264-10_x029184_y011776,R25-264-10,MASH,unknown,2025-08-25HE,test,high,5.4212,94.32,1,29184,11776,512,1.0,,,,67
R26-122-12_HE_81_x012800_y008192,R26-122-12_HE_81,CCl4,unknown,2026-04-20_CCl4_HE,train,anchor,0.6465,9.63,4,12800,8192,512,1.0,,,,68
R25-264-36_x031232_y016384,R25-264-36,MASH,unknown,2025-08-25HE,train,low,-1.5194,3.92,2,31232,16384,512,1.0,,,,69
R25-264-34_x022528_y010752,R25-264-34,MASH,unknown,2025-08-25HE,train,low,-2.1063,5.5,1,22528,10752,512,1.0,,,,70
R26-122-23_HE_91_x026112_y013824,R26-122-23_HE_91,CCl4,unknown,2026-04-20_CCl4_HE,train,high,5.5761,94.91,5,26112,13824,512,1.0,,,,71
R25-264-11_x005632_y011264,R25-264-11,MASH,unknown,2025-08-25HE,train,anchor,-0.5643,16.45,2,5632,11264,512,1.0,,,,72
R25-264-37_x030208_y010240,R25-264-37,MASH,unknown,2025-08-25HE,train,high,7.1201,97.19,6,30208,10240,512,1.0,,,,73
R25-264-3_x016384_y028160,R25-264-3,MASH,unknown,2025-08-25HE,train,upper,3.5193,79.05,5,16384,28160,512,1.0,,,,74
R25-264-1_x027136_y024064,R25-264-1,MASH,unknown,2025-08-25HE,train,upper,1.4344,78.57,2,27136,24064,512,1.0,,,,75
R25-264-30_x045568_y013824,R25-264-30,MASH,unknown,2025-08-25HE,train,upper,2.958,72.33,8,45568,13824,512,1.0,,,,76
R25-264-31_x009728_y020480,R25-264-31,MASH,unknown,2025-08-25HE,test,low,-1.3518,7.67,1,9728,20480,512,1.0,,,,77
R25-264-11_x015360_y012288,R25-264-11,MASH,unknown,2025-08-25HE,train,mid,2.3047,52.26,1,15360,12288,512,1.0,,,,78
R25-264-3_x011264_y028160,R25-264-3,MASH,unknown,2025-08-25HE,train,high,7.0031,98.65,5,11264,28160,512,1.0,,,,79
R25-264-11_x008192_y012800,R25-264-11,MASH,unknown,2025-08-25HE,train,low,,0.0,0,8192,12800,512,1.0,,,,80
R26-122-38_HE_97_x005632_y009728,R26-122-38_HE_97,CCl4,unknown,2026-04-20_CCl4_HE,test,upper,5.4067,89.01,5,5632,9728,512,1.0,,,,81
R25-264-31_x030720_y019968,R25-264-31,MASH,unknown,2025-08-25HE,test,anchor,3.8558,80.37,3,30720,19968,512,1.0,,,,82
R26-122-2_HE_71_x019968_y013312,R26-122-2_HE_71,CCl4,unknown,2026-04-20_CCl4_HE,train,high,4.5968,91.42,5,19968,13312,512,1.0,,,,83
R26-122-23_HE_91_x007168_y013824,R26-122-23_HE_91,CCl4,unknown,2026-04-20_CCl4_HE,train,upper,4.1778,78.18,2,7168,13824,512,1.0,,,,84
R25-264-31_x016384_y010240,R25-264-31,MASH,unknown,2025-08-25HE,test,anchor,0.9883,30.98,3,16384,10240,512,1.0,,,,85
R25-264-35_x023040_y009216,R25-264-35,MASH,unknown,2025-08-25HE,test,anchor,5.9561,95.86,6,23040,9216,512,1.0,,,,86
R25-264-33_x034816_y007168,R25-264-33,MASH,unknown,2025-08-25HE,train,high,5.0966,91.47,6,34816,7168,512,1.0,,,,87
R25-264-12_x028672_y010752,R25-264-12,MASH,unknown,2025-08-25HE,test,anchor,,0.0,0,28672,10752,512,1.0,,,,88
R25-264-36_x008192_y012288,R25-264-36,MASH,unknown,2025-08-25HE,train,anchor,3.1381,57.98,5,8192,12288,512,1.0,,,,89
R25-264-1_x008704_y022016,R25-264-1,MASH,unknown,2025-08-25HE,train,mid,0.07,54.17,1,8704,22016,512,1.0,,,,90
R25-264-35_x021504_y015360,R25-264-35,MASH,unknown,2025-08-25HE,test,upper,4.4215,82.87,7,21504,15360,512,1.0,,,,91
R25-264-11_x009728_y011264,R25-264-11,MASH,unknown,2025-08-25HE,train,anchor,0.5287,26.77,1,9728,11264,512,1.0,,,,92
R25-264-33_x014848_y017920,R25-264-33,MASH,unknown,2025-08-25HE,train,high,6.3707,97.94,5,14848,17920,512,1.0,,,,93
R25-264-35_x019456_y025088,R25-264-35,MASH,unknown,2025-08-25HE,test,anchor,0.3197,13.26,3,19456,25088,512,1.0,,,,94
R25-264-35_x022016_y008704,R25-264-35,MASH,unknown,2025-08-25HE,test,low,0.7097,16.85,2,22016,8704,512,1.0,,,,95
R26-122-31_HE_98_x024576_y018944,R26-122-31_HE_98,CCl4,unknown,2026-04-20_CCl4_HE,test,mid,1.5075,40.88,2,24576,18944,512,1.0,,,,96
R26-122-31_HE_98_x023552_y018432,R26-122-31_HE_98,CCl4,unknown,2026-04-20_CCl4_HE,test,low,0.2258,13.81,3,23552,18432,512,1.0,,,,97
R26-122-19_HE_103_x002560_y014336,R26-122-19_HE_103,CCl4,unknown,2026-04-20_CCl4_HE,train,mid,2.5737,56.9,3,2560,14336,512,0.8705,,,,98
R25-264-36_x038400_y016384,R25-264-36,MASH,unknown,2025-08-25HE,train,anchor,3.6407,67.23,4,38400,16384,512,1.0,,,,99
R26-122-19_HE_103_x013824_y019456,R26-122-19_HE_103,CCl4,unknown,2026-04-20_CCl4_HE,train,low,,0.0,0,13824,19456,512,1.0,,,,100
R25-264-34_x037888_y010240,R25-264-34,MASH,unknown,2025-08-25HE,train,low,,0.0,0,37888,10240,512,1.0,,,,101
R25-264-1_x012800_y023040,R25-264-1,MASH,unknown,2025-08-25HE,train,anchor,,0.0,0,12800,23040,512,1.0,,,,102
R25-264-10_x022016_y011776,R25-264-10,MASH,unknown,2025-08-25HE,test,low,,0.0,0,22016,11776,512,1.0,,,,103
R25-264-12_x021504_y022016,R25-264-12,MASH,unknown,2025-08-25HE,test,upper,2.9054,85.71,3,21504,22016,512,1.0,,,,104
R26-122-31_HE_98_x025600_y011264,R26-122-31_HE_98,CCl4,unknown,2026-04-20_CCl4_HE,test,mid,1.7083,46.41,2,25600,11264,512,1.0,,,,105
R25-264-10_x031744_y016384,R25-264-10,MASH,unknown,2025-08-25HE,test,high,5.2584,92.33,5,31744,16384,512,1.0,,,,106
R26-122-6_HE_75_x020992_y019456,R26-122-6_HE_75,CCl4,unknown,2026-04-20_CCl4_HE,train,anchor,3.155,67.05,4,20992,19456,512,1.0,,,,107
R25-264-32_x043008_y019456,R25-264-32,MASH,unknown,2025-08-25HE,test,upper,2.8551,71.1,1,43008,19456,512,1.0,,,,108
R26-122-1_HE_70_x028672_y011264,R26-122-1_HE_70,CCl4,unknown,2026-04-20_CCl4_HE,train,low,,0.0,0,28672,11264,512,1.0,,,,109
R25-264-30_x035840_y014336,R25-264-30,MASH,unknown,2025-08-25HE,train,high,5.6141,96.84,2,35840,14336,512,1.0,,,,110
R25-264-10_x008704_y007168,R25-264-10,MASH,unknown,2025-08-25HE,test,low,1.0903,26.7,2,8704,7168,512,1.0,,,,111
R25-264-12_x031744_y015360,R25-264-12,MASH,unknown,2025-08-25HE,test,anchor,-0.4738,33.77,1,31744,15360,512,1.0,,,,112
R25-264-30_x036864_y014336,R25-264-30,MASH,unknown,2025-08-25HE,train,high,5.6865,97.23,1,36864,14336,512,1.0,,,,113
R26-122-34_HE_93_x020992_y008192,R26-122-34_HE_93,CCl4,unknown,2026-04-20_CCl4_HE,test,high,5.9668,97.28,7,20992,8192,512,1.0,,,,114
R25-264-11_x022016_y011264,R25-264-11,MASH,unknown,2025-08-25HE,train,high,7.373,97.74,1,22016,11264,512,1.0,,,,115
R25-264-36_x013824_y020992,R25-264-36,MASH,unknown,2025-08-25HE,train,upper,4.1619,76.19,6,13824,20992,512,1.0,,,,116
R26-122-10_HE_79_x006656_y011264,R26-122-10_HE_79,CCl4,unknown,2026-04-20_CCl4_HE,train,high,4.7184,90.51,3,6656,11264,512,1.0,,,,117
R25-264-36_x014336_y007168,R25-264-36,MASH,unknown,2025-08-25HE,train,anchor,4.4505,81.51,3,14336,7168,512,1.0,,,,118
R25-264-1_x028672_y022528,R25-264-1,MASH,unknown,2025-08-25HE,train,high,2.8952,93.45,5,28672,22528,512,1.0,,,,119
R26-122-26_HE_107_x015360_y010752,R26-122-26_HE_107,CCl4,unknown,2026-04-20_CCl4_HE,train,anchor,3.9651,62.9,3,15360,10752,512,1.0,,,,120
R26-122-23_HE_91_x029184_y013312,R26-122-23_HE_91,CCl4,unknown,2026-04-20_CCl4_HE,train,mid,3.1226,52.73,6,29184,13312,512,0.9614,,,,121
R26-122-26_HE_107_x023552_y010752,R26-122-26_HE_107,CCl4,unknown,2026-04-20_CCl4_HE,train,mid,2.8567,40.86,2,23552,10752,512,1.0,,,,122
R25-264-30_x013824_y019968,R25-264-30,MASH,unknown,2025-08-25HE,train,anchor,,0.0,0,13824,19968,512,1.0,,,,123
R25-264-34_x027136_y018944,R25-264-34,MASH,unknown,2025-08-25HE,train,low,-0.3195,17.43,1,27136,18944,512,1.0,,,,124
R25-264-33_x032256_y017408,R25-264-33,MASH,unknown,2025-08-25HE,train,high,4.873,90.0,5,32256,17408,512,0.9908,,,,125
R25-264-32_x039936_y022016,R25-264-32,MASH,unknown,2025-08-25HE,test,high,4.3286,90.87,8,39936,22016,512,1.0,,,,126
R25-264-10_x006656_y011776,R25-264-10,MASH,unknown,2025-08-25HE,test,high,5.8819,96.31,2,6656,11776,512,1.0,,,,127
R25-264-37_x017920_y020992,R25-264-37,MASH,unknown,2025-08-25HE,train,upper,4.224,71.36,8,17920,20992,512,1.0,,,,128
R26-122-15_HE_85_x009216_y015360,R26-122-15_HE_85,CCl4,unknown,2026-04-20_CCl4_HE,train,mid,3.4901,46.77,5,9216,15360,512,1.0,,,,129
R25-264-10_x008192_y016896,R25-264-10,MASH,unknown,2025-08-25HE,test,low,0.5946,20.45,2,8192,16896,512,1.0,,,,130
R25-264-32_x029696_y019456,R25-264-32,MASH,unknown,2025-08-25HE,test,high,6.0249,98.48,1,29696,19456,512,1.0,,,,131
R25-264-33_x032256_y007168,R25-264-33,MASH,unknown,2025-08-25HE,train,high,6.0599,97.35,3,32256,7168,512,1.0,,,,132
R25-264-37_x028160_y019968,R25-264-37,MASH,unknown,2025-08-25HE,train,upper,4.7982,80.05,7,28160,19968,512,1.0,,,,133
R25-264-30_x009216_y008704,R25-264-30,MASH,unknown,2025-08-25HE,train,mid,1.0426,45.06,1,9216,8704,512,1.0,,,,134
R25-264-34_x035328_y018432,R25-264-34,MASH,unknown,2025-08-25HE,train,anchor,,0.0,0,35328,18432,512,1.0,,,,135
R25-264-36_x012800_y016384,R25-264-36,MASH,unknown,2025-08-25HE,train,high,6.0567,94.96,2,12800,16384,512,1.0,,,,136
R25-264-13_x033792_y011264,R25-264-13,MASH,unknown,2025-08-25HE,train,high,8.027,99.68,7,33792,11264,512,1.0,,,,137
R25-264-35_x022528_y015360,R25-264-35,MASH,unknown,2025-08-25HE,test,high,5.4616,93.09,1,22528,15360,512,1.0,,,,138
R25-264-31_x019968_y016896,R25-264-31,MASH,unknown,2025-08-25HE,test,high,5.0801,92.02,9,19968,16896,512,1.0,,,,139
R26-122-3_HE_72_x002560_y009728,R26-122-3_HE_72,CCl4,unknown,2026-04-20_CCl4_HE,train,low,1.5798,28.65,1,2560,9728,512,1.0,,,,140
R25-264-37_x016384_y009216,R25-264-37,MASH,unknown,2025-08-25HE,train,upper,4.6093,78.01,4,16384,9216,512,1.0,,,,141
R25-264-10_x030208_y006144,R25-264-10,MASH,unknown,2025-08-25HE,test,anchor,5.0174,90.62,6,30208,6144,512,1.0,,,,142
R26-122-15_HE_85_x019456_y009216,R26-122-15_HE_85,CCl4,unknown,2026-04-20_CCl4_HE,train,anchor,2.1389,22.04,6,19456,9216,512,1.0,,,,143
R26-122-2_HE_71_x013312_y012800,R26-122-2_HE_71,CCl4,unknown,2026-04-20_CCl4_HE,train,low,,0.0,0,13312,12800,512,1.0,,,,144
R26-122-19_HE_103_x019456_y018944,R26-122-19_HE_103,CCl4,unknown,2026-04-20_CCl4_HE,train,upper,3.7779,75.86,5,19456,18944,512,1.0,,,,145
R25-264-13_x046592_y011264,R25-264-13,MASH,unknown,2025-08-25HE,train,high,4.376,91.05,5,46592,11264,512,1.0,,,,146
R25-264-33_x011264_y007680,R25-264-33,MASH,unknown,2025-08-25HE,train,high,4.9036,90.29,1,11264,7680,512,1.0,,,,147
R26-122-2_HE_71_x006144_y012288,R26-122-2_HE_71,CCl4,unknown,2026-04-20_CCl4_HE,train,mid,2.374,44.4,1,6144,12288,512,1.0,,,,148
R26-122-23_HE_91_x017920_y013824,R26-122-23_HE_91,CCl4,unknown,2026-04-20_CCl4_HE,train,high,5.5697,94.18,1,17920,13824,512,1.0,,,,149
R25-264-10_x013312_y022528,R25-264-10,MASH,unknown,2025-08-25HE,test,anchor,,0.0,0,13312,22528,512,1.0,,,,150
R25-264-12_x016896_y015360,R25-264-12,MASH,unknown,2025-08-25HE,test,anchor,,0.0,0,16896,15360,512,1.0,,,,151
R26-122-17_HE_101_x017920_y019968,R26-122-17_HE_101,CCl4,unknown,2026-04-20_CCl4_HE,train,high,5.2146,91.19,8,17920,19968,512,1.0,,,,152
R25-264-37_x022016_y020480,R25-264-37,MASH,unknown,2025-08-25HE,train,upper,4.5018,75.19,5,22016,20480,512,1.0,,,,153
R26-122-3_HE_72_x008192_y010240,R26-122-3_HE_72,CCl4,unknown,2026-04-20_CCl4_HE,train,upper,4.2071,84.27,3,8192,10240,512,1.0,,,,154
R25-264-12_x010752_y022016,R25-264-12,MASH,unknown,2025-08-25HE,test,anchor,,0.0,0,10752,22016,512,1.0,,,,155
R26-122-26_HE_107_x004608_y012288,R26-122-26_HE_107,CCl4,unknown,2026-04-20_CCl4_HE,train,high,6.0819,93.01,4,4608,12288,512,1.0,,,,156
R25-264-34_x022528_y018944,R25-264-34,MASH,unknown,2025-08-25HE,train,high,3.6397,91.13,3,22528,18944,512,1.0,,,,157
R25-264-1_x027648_y021504,R25-264-1,MASH,unknown,2025-08-25HE,train,mid,-1.1976,30.36,1,27648,21504,512,1.0,,,,158
R25-264-37_x007680_y020480,R25-264-37,MASH,unknown,2025-08-25HE,train,high,6.6428,94.88,5,7680,20480,512,1.0,,,,159
R26-122-22_HE_106_x009728_y010752,R26-122-22_HE_106,CCl4,unknown,2026-04-20_CCl4_HE,train,high,8.306,99.47,9,9728,10752,512,1.0,,,,160
R25-264-13_x037376_y018432,R25-264-13,MASH,unknown,2025-08-25HE,train,upper,2.9631,70.29,4,37376,18432,512,1.0,,,,161
R25-264-35_x011264_y015360,R25-264-35,MASH,unknown,2025-08-25HE,test,anchor,1.9718,38.67,7,11264,15360,512,1.0,,,,162
R26-122-31_HE_98_x003584_y019456,R26-122-31_HE_98,CCl4,unknown,2026-04-20_CCl4_HE,test,upper,3.7584,84.53,8,3584,19456,512,0.9743,,,,163
R26-122-29_HE_82_x018944_y011264,R26-122-29_HE_82,CCl4,unknown,2026-04-20_CCl4_HE,test,high,7.0934,98.89,4,18944,11264,512,1.0,,,,164
R25-264-36_x029184_y012288,R25-264-36,MASH,unknown,2025-08-25HE,train,high,6.8382,97.2,8,29184,12288,512,1.0,,,,165
R25-264-32_x043008_y010752,R25-264-32,MASH,unknown,2025-08-25HE,test,upper,4.2335,89.73,9,43008,10752,512,0.8981,,,,166
R25-264-33_x015872_y017920,R25-264-33,MASH,unknown,2025-08-25HE,train,anchor,9.6428,100.0,7,15872,17920,512,0.9945,,,,167
R25-264-34_x038912_y018432,R25-264-34,MASH,unknown,2025-08-25HE,train,mid,1.4796,54.74,2,38912,18432,512,1.0,,,,168
R26-122-36_HE_95_x004096_y013824,R26-122-36_HE_95,CCl4,unknown,2026-04-20_CCl4_HE,train,low,1.187,20.52,2,4096,13824,512,1.0,,,,169
R25-264-31_x023552_y010240,R25-264-31,MASH,unknown,2025-08-25HE,test,upper,3.4545,73.93,3,23552,10240,512,1.0,,,,170
R26-122-29_HE_82_x024064_y016896,R26-122-29_HE_82,CCl4,unknown,2026-04-20_CCl4_HE,test,mid,1.8527,31.11,3,24064,16896,512,1.0,,,,171
R26-122-36_HE_95_x025600_y013824,R26-122-36_HE_95,CCl4,unknown,2026-04-20_CCl4_HE,train,mid,3.0139,58.21,5,25600,13824,512,1.0,,,,172
R26-122-10_HE_79_x009728_y008704,R26-122-10_HE_79,CCl4,unknown,2026-04-20_CCl4_HE,train,upper,4.074,81.02,5,9728,8704,512,1.0,,,,173
R25-264-31_x005120_y019968,R25-264-31,MASH,unknown,2025-08-25HE,test,anchor,4.3585,86.2,3,5120,19968,512,1.0,,,,174
R25-264-11_x020992_y010240,R25-264-11,MASH,unknown,2025-08-25HE,train,upper,3.2849,70.65,2,20992,10240,512,1.0,,,,175
R25-264-34_x017408_y009728,R25-264-34,MASH,unknown,2025-08-25HE,train,low,,0.0,0,17408,9728,512,1.0,,,,176
R25-264-35_x023552_y025088,R25-264-35,MASH,unknown,2025-08-25HE,test,high,5.5215,93.65,2,23552,25088,512,1.0,,,,177
R25-264-30_x038400_y019968,R25-264-30,MASH,unknown,2025-08-25HE,train,high,4.4122,90.51,1,38400,19968,512,1.0,,,,178
R25-264-35_x016384_y026112,R25-264-35,MASH,unknown,2025-08-25HE,test,anchor,3.3417,67.4,2,16384,26112,512,1.0,,,,179
R25-264-32_x045056_y018944,R25-264-32,MASH,unknown,2025-08-25HE,test,high,6.1111,98.86,4,45056,18944,512,1.0,,,,180
R25-264-12_x011776_y022016,R25-264-12,MASH,unknown,2025-08-25HE,test,high,3.5511,91.77,3,11776,22016,512,1.0,,,,181
R26-122-17_HE_101_x008704_y016896,R26-122-17_HE_101,CCl4,unknown,2026-04-20_CCl4_HE,train,anchor,0.1359,8.43,1,8704,16896,512,1.0,,,,182
R25-264-10_x033280_y011776,R25-264-10,MASH,unknown,2025-08-25HE,test,low,,0.0,0,33280,11776,512,1.0,,,,183
R25-264-33_x009216_y017920,R25-264-33,MASH,unknown,2025-08-25HE,train,upper,4.7032,87.65,3,9216,17920,512,1.0,,,,184
R25-264-32_x020480_y019456,R25-264-32,MASH,unknown,2025-08-25HE,test,anchor,,0.0,0,20480,19456,512,1.0,,,,185
R25-264-36_x026112_y011776,R25-264-36,MASH,unknown,2025-08-25HE,train,anchor,2.238,39.78,3,26112,11776,512,1.0,,,,186
R26-122-6_HE_75_x017408_y018432,R26-122-6_HE_75,CCl4,unknown,2026-04-20_CCl4_HE,train,upper,4.3176,85.55,5,17408,18432,512,1.0,,,,187
R25-264-12_x043008_y010752,R25-264-12,MASH,unknown,2025-08-25HE,test,low,,0.0,0,43008,10752,512,1.0,,,,188
R25-264-30_x017408_y019968,R25-264-30,MASH,unknown,2025-08-25HE,train,low,,0.0,0,17408,19968,512,1.0,,,,189
R25-264-34_x031744_y010752,R25-264-34,MASH,unknown,2025-08-25HE,train,high,3.8469,92.05,2,31744,10752,512,1.0,,,,190
R26-122-34_HE_93_x018432_y012288,R26-122-34_HE_93,CCl4,unknown,2026-04-20_CCl4_HE,test,high,5.4493,92.93,4,18432,12288,512,1.0,,,,191
R25-264-13_x029696_y011264,R25-264-13,MASH,unknown,2025-08-25HE,train,low,-3.094,1.6,1,29696,11264,512,1.0,,,,192
R25-264-34_x022016_y009728,R25-264-34,MASH,unknown,2025-08-25HE,train,mid,1.0147,44.34,3,22016,9728,512,1.0,,,,193
R25-264-34_x006144_y012288,R25-264-34,MASH,unknown,2025-08-25HE,train,mid,1.1923,48.32,3,6144,12288,512,1.0,,,,194
R25-264-37_x008704_y020480,R25-264-37,MASH,unknown,2025-08-25HE,train,high,5.6506,90.28,4,8704,20480,512,1.0,,,,195
R25-264-13_x015872_y023040,R25-264-13,MASH,unknown,2025-08-25HE,train,anchor,-0.3479,18.53,1,15872,23040,512,1.0,,,,196
R25-264-13_x045056_y018944,R25-264-13,MASH,unknown,2025-08-25HE,train,anchor,,0.0,0,45056,18944,512,1.0,,,,197
R25-264-11_x008704_y011776,R25-264-11,MASH,unknown,2025-08-25HE,train,upper,3.3969,73.23,4,8704,11776,512,1.0,,,,198
R25-264-37_x031744_y008704,R25-264-37,MASH,unknown,2025-08-25HE,train,high,7.7758,98.98,7,31744,8704,512,1.0,,,,199
R25-264-10_x014336_y006656,R25-264-10,MASH,unknown,2025-08-25HE,test,high,5.2884,92.61,6,14336,6656,512,1.0,,,,200
R25-264-11_x027136_y011264,R25-264-11,MASH,unknown,2025-08-25HE,train,low,-1.8546,4.84,1,27136,11264,512,1.0,,,,201
R25-264-10_x031744_y006656,R25-264-10,MASH,unknown,2025-08-25HE,test,anchor,3.9717,78.98,1,31744,6656,512,1.0,,,,202
R25-264-36_x033280_y020992,R25-264-36,MASH,unknown,2025-08-25HE,train,upper,4.8473,87.11,5,33280,20992,512,1.0,,,,203
R25-264-32_x036864_y022016,R25-264-32,MASH,unknown,2025-08-25HE,test,high,4.2407,90.11,2,36864,22016,512,1.0,,,,204
R25-264-37_x009728_y020992,R25-264-37,MASH,unknown,2025-08-25HE,train,mid,2.8618,48.08,11,9728,20992,512,1.0,,,,205
R25-264-30_x037376_y026112,R25-264-30,MASH,unknown,2025-08-25HE,train,low,-9.6499,0.79,1,37376,26112,512,1.0,,,,206
R26-122-22_HE_106_x015360_y010752,R26-122-22_HE_106,CCl4,unknown,2026-04-20_CCl4_HE,train,high,6.6001,95.24,12,15360,10752,512,1.0,,,,207
R25-264-13_x029184_y023040,R25-264-13,MASH,unknown,2025-08-25HE,train,high,4.6888,94.25,3,29184,23040,512,1.0,,,,208
R25-264-37_x023040_y020480,R25-264-37,MASH,unknown,2025-08-25HE,train,high,7.2845,98.21,6,23040,20480,512,1.0,,,,209
R25-264-33_x011776_y015360,R25-264-33,MASH,unknown,2025-08-25HE,train,high,5.4517,94.12,1,11776,15360,512,1.0,,,,210
R25-264-1_x011264_y021504,R25-264-1,MASH,unknown,2025-08-25HE,train,upper,0.7561,70.24,2,11264,21504,512,1.0,,,,211
R25-264-3_x018432_y027648,R25-264-3,MASH,unknown,2025-08-25HE,train,upper,4.2284,86.82,2,18432,27648,512,1.0,,,,212
R25-264-32_x033280_y022016,R25-264-32,MASH,unknown,2025-08-25HE,test,anchor,,0.0,0,33280,22016,512,1.0,,,,213
R26-122-31_HE_98_x020992_y009728,R26-122-31_HE_98,CCl4,unknown,2026-04-20_CCl4_HE,test,high,6.261,99.45,3,20992,9728,512,1.0,,,,214
R25-264-33_x024064_y014848,R25-264-33,MASH,unknown,2025-08-25HE,train,upper,4.4493,84.12,4,24064,14848,512,1.0,,,,215
R25-264-1_x009728_y024064,R25-264-1,MASH,unknown,2025-08-25HE,train,mid,0.0138,52.98,1,9728,24064,512,1.0,,,,216
R25-264-3_x015360_y014336,R25-264-3,MASH,unknown,2025-08-25HE,train,mid,2.6395,64.53,2,15360,14336,512,1.0,,,,217
R25-264-30_x017920_y026112,R25-264-30,MASH,unknown,2025-08-25HE,train,anchor,1.0194,43.87,2,17920,26112,512,1.0,,,,218
R26-122-29_HE_82_x009728_y011264,R26-122-29_HE_82,CCl4,unknown,2026-04-20_CCl4_HE,test,low,,0.0,0,9728,11264,512,1.0,,,,219
R25-264-13_x020992_y018432,R25-264-13,MASH,unknown,2025-08-25HE,train,high,4.3419,90.73,1,20992,18432,512,1.0,,,,220
R25-264-10_x012288_y022528,R25-264-10,MASH,unknown,2025-08-25HE,test,anchor,4.2831,83.81,1,12288,22528,512,1.0,,,,221
R25-264-3_x034816_y014336,R25-264-3,MASH,unknown,2025-08-25HE,train,high,9.3046,100.0,4,34816,14336,512,0.9679,,,,222
R25-264-12_x033280_y010752,R25-264-12,MASH,unknown,2025-08-25HE,test,mid,0.9455,57.58,1,33280,10752,512,1.0,,,,223
R26-122-36_HE_95_x026112_y011264,R26-122-36_HE_95,CCl4,unknown,2026-04-20_CCl4_HE,train,high,7.5131,98.88,7,26112,11264,512,1.0,,,,224
R26-122-29_HE_82_x007168_y017408,R26-122-29_HE_82,CCl4,unknown,2026-04-20_CCl4_HE,test,upper,4.2154,75.0,6,7168,17408,512,1.0,,,,225
R25-264-35_x037888_y015360,R25-264-35,MASH,unknown,2025-08-25HE,test,mid,2.7031,53.87,4,37888,15360,512,0.9431,,,,226
R25-264-3_x025600_y014336,R25-264-3,MASH,unknown,2025-08-25HE,train,high,4.6677,90.54,7,25600,14336,512,0.9826,,,,227
R25-264-13_x017408_y011264,R25-264-13,MASH,unknown,2025-08-25HE,train,mid,1.3567,43.45,4,17408,11264,512,1.0,,,,228
R25-264-11_x033792_y026112,R25-264-11,MASH,unknown,2025-08-25HE,train,mid,1.8533,44.19,3,33792,26112,512,1.0,,,,229
R25-264-37_x033792_y010240,R25-264-37,MASH,unknown,2025-08-25HE,train,anchor,4.7617,79.8,7,33792,10240,512,1.0,,,,230
R25-264-3_x019968_y007680,R25-264-3,MASH,unknown,2025-08-25HE,train,low,,0.0,0,19968,7680,512,1.0,,,,231
R26-122-12_HE_81_x019968_y008704,R26-122-12_HE_81,CCl4,unknown,2026-04-20_CCl4_HE,train,upper,4.5281,78.07,2,19968,8704,512,1.0,,,,232
R26-122-1_HE_70_x027648_y012288,R26-122-1_HE_70,CCl4,unknown,2026-04-20_CCl4_HE,train,mid,3.2844,61.78,7,27648,12288,512,1.0,,,,233
R25-264-12_x025600_y010752,R25-264-12,MASH,unknown,2025-08-25HE,test,low,,0.0,0,25600,10752,512,1.0,,,,234
R25-264-35_x025600_y025088,R25-264-35,MASH,unknown,2025-08-25HE,test,anchor,5.2319,90.61,2,25600,25088,512,1.0,,,,235
R25-264-3_x028160_y027648,R25-264-3,MASH,unknown,2025-08-25HE,train,high,4.9237,93.24,2,28160,27648,512,1.0,,,,236
R25-264-31_x031744_y016896,R25-264-31,MASH,unknown,2025-08-25HE,test,low,-2.354,4.29,2,31744,16896,512,1.0,,,,237
R25-264-34_x032768_y011776,R25-264-34,MASH,unknown,2025-08-25HE,train,high,6.1991,99.39,4,32768,11776,512,1.0,,,,238
R25-264-13_x019456_y023040,R25-264-13,MASH,unknown,2025-08-25HE,train,mid,0.7411,33.23,1,19456,23040,512,1.0,,,,239
R25-264-37_x033792_y009216,R25-264-37,MASH,unknown,2025-08-25HE,train,anchor,3.144,54.22,5,33792,9216,512,1.0,,,,240
R25-264-30_x045056_y019456,R25-264-30,MASH,unknown,2025-08-25HE,train,upper,3.4478,80.24,2,45056,19456,512,1.0,,,,241
R25-264-30_x026624_y026624__r2,R25-264-30,MASH,unknown,2025-08-25HE,train,upper,3.1487,75.49,2,26624,26624,512,1.0,,,R25-264-30_x026624_y026624,242
R25-264-1_x026624_y022016,R25-264-1,MASH,unknown,2025-08-25HE,train,upper,1.6662,82.14,1,26624,22016,512,1.0,,,,243
R25-264-31_x013312_y016384,R25-264-31,MASH,unknown,2025-08-25HE,test,upper,3.7716,79.14,3,13312,16384,512,1.0,,,,244
R25-264-10_x029184_y006656,R25-264-10,MASH,unknown,2025-08-25HE,test,upper,4.7264,88.07,3,29184,6656,512,1.0,,,,245
R25-264-1_x023552_y020480,R25-264-1,MASH,unknown,2025-08-25HE,train,anchor,,0.0,0,23552,20480,512,1.0,,,,246
R25-264-36_x017920_y007680,R25-264-36,MASH,unknown,2025-08-25HE,train,anchor,4.1828,76.75,1,17920,7680,512,1.0,,,,247
R25-264-1_x012800_y020992,R25-264-1,MASH,unknown,2025-08-25HE,train,low,,0.0,0,12800,20992,512,1.0,,,,248
R25-264-32_x037376_y010752,R25-264-32,MASH,unknown,2025-08-25HE,test,mid,0.5465,32.7,2,37376,10752,512,1.0,,,,249
R25-264-13_x044544_y011264,R25-264-13,MASH,unknown,2025-08-25HE,train,anchor,1.4887,46.96,3,44544,11264,512,1.0,,,,250
R25-264-36_x011776_y007168,R25-264-36,MASH,unknown,2025-08-25HE,train,low,1.0576,19.89,2,11776,7168,512,1.0,,,,251
R25-264-31_x020480_y009728,R25-264-31,MASH,unknown,2025-08-25HE,test,high,6.8259,97.85,1,20480,9728,512,1.0,,,,252
R26-122-2_HE_71_x007168_y010240,R26-122-2_HE_71,CCl4,unknown,2026-04-20_CCl4_HE,train,low,,0.0,0,7168,10240,512,1.0,,,,253
R25-264-13_x028160_y018432,R25-264-13,MASH,unknown,2025-08-25HE,train,anchor,2.096,55.59,2,28160,18432,512,1.0,,,,254
R25-264-3_x036352_y027648,R25-264-3,MASH,unknown,2025-08-25HE,train,high,6.9998,98.31,1,36352,27648,512,0.9982,,,,255
R25-264-35_x019456_y026112,R25-264-35,MASH,unknown,2025-08-25HE,test,low,,0.0,0,19456,26112,512,1.0,,,,256
R25-264-10_x025600_y011776,R25-264-10,MASH,unknown,2025-08-25HE,test,upper,4.7503,88.35,3,25600,11776,512,1.0,,,,257
R25-264-10_x010240_y022016,R25-264-10,MASH,unknown,2025-08-25HE,test,upper,3.9927,79.26,6,10240,22016,512,1.0,,,,258
R25-264-33_x027648_y017408,R25-264-33,MASH,unknown,2025-08-25HE,train,high,5.3783,92.94,1,27648,17408,512,1.0,,,,259
R26-122-12_HE_81_x012288_y016896,R26-122-12_HE_81,CCl4,unknown,2026-04-20_CCl4_HE,train,mid,3.8045,63.1,9,12288,16896,512,1.0,,,,260
R25-264-36_x016896_y021504,R25-264-36,MASH,unknown,2025-08-25HE,train,high,5.2787,91.04,4,16896,21504,512,1.0,,,,261
R25-264-37_x031744_y009728,R25-264-37,MASH,unknown,2025-08-25HE,train,high,6.1766,92.84,5,31744,9728,512,1.0,,,,262
R25-264-30_x044544_y013824,R25-264-30,MASH,unknown,2025-08-25HE,train,anchor,6.5572,98.81,1,44544,13824,512,1.0,,,,263
R25-264-36_x016384_y012288,R25-264-36,MASH,unknown,2025-08-25HE,train,upper,4.1484,75.35,9,16384,12288,512,1.0,,,,264
R25-264-30_x025088_y019968,R25-264-30,MASH,unknown,2025-08-25HE,train,low,,0.0,0,25088,19968,512,1.0,,,,265
R25-264-31_x024576_y015360,R25-264-31,MASH,unknown,2025-08-25HE,test,mid,2.4841,57.06,3,24576,15360,512,1.0,,,,266
R25-264-12_x034304_y015360,R25-264-12,MASH,unknown,2025-08-25HE,test,high,5.0411,99.13,2,34304,15360,512,1.0,,,,267
R25-264-32_x026112_y010752,R25-264-32,MASH,unknown,2025-08-25HE,test,low,-0.3209,24.33,3,26112,10752,512,1.0,,,,268
R26-122-38_HE_97_x018432_y010752,R26-122-38_HE_97,CCl4,unknown,2026-04-20_CCl4_HE,test,anchor,2.1178,23.63,3,18432,10752,512,1.0,,,,269
R26-122-19_HE_103_x011776_y012800,R26-122-19_HE_103,CCl4,unknown,2026-04-20_CCl4_HE,train,anchor,2.7774,60.92,3,11776,12800,512,1.0,,,,270
R25-264-31_x017920_y019456,R25-264-31,MASH,unknown,2025-08-25HE,test,anchor,-0.3732,13.5,1,17920,19456,512,1.0,,,,271
R25-264-11_x025088_y012288,R25-264-11,MASH,unknown,2025-08-25HE,train,mid,2.1893,50.32,1,25088,12288,512,1.0,,,,272
R25-264-35_x024576_y019968,R25-264-35,MASH,unknown,2025-08-25HE,test,low,0.3933,14.09,3,24576,19968,512,1.0,,,,273
R25-264-35_x024576_y025088,R25-264-35,MASH,unknown,2025-08-25HE,test,high,5.3363,91.99,6,24576,25088,512,1.0,,,,274
R25-264-13_x044032_y018944,R25-264-13,MASH,unknown,2025-08-25HE,train,high,7.7807,99.36,2,44032,18944,512,1.0,,,,275
R25-264-30_x033280_y019968,R25-264-30,MASH,unknown,2025-08-25HE,train,high,4.8151,93.68,1,33280,19968,512,1.0,,,,276
R26-122-31_HE_98_x011264_y018944,R26-122-31_HE_98,CCl4,unknown,2026-04-20_CCl4_HE,test,upper,3.6808,82.32,2,11264,18944,512,1.0,,,,277
R25-264-34_x028160_y010752,R25-264-34,MASH,unknown,2025-08-25HE,train,mid,0.6885,37.61,2,28160,10752,512,1.0,,,,278
R25-264-35_x016896_y009216,R25-264-35,MASH,unknown,2025-08-25HE,test,high,5.464,93.37,4,16896,9216,512,1.0,,,,279
R25-264-37_x022528_y010240,R25-264-37,MASH,unknown,2025-08-25HE,train,upper,4.9933,82.1,2,22528,10240,512,1.0,,,,280
R26-122-1_HE_70_x020480_y004608,R26-122-1_HE_70,CCl4,unknown,2026-04-20_CCl4_HE,train,high,6.4233,97.86,5,20480,4608,512,1.0,,,,281
R25-264-36_x032768_y016384,R25-264-36,MASH,unknown,2025-08-25HE,train,low,,0.0,0,32768,16384,512,1.0,,,,282
R25-264-10_x018944_y022016,R25-264-10,MASH,unknown,2025-08-25HE,test,high,10.1484,100.0,2,18944,22016,512,1.0,,,,283
R25-264-30_x035840_y014336__r2,R25-264-30,MASH,unknown,2025-08-25HE,train,high,5.6141,96.84,2,35840,14336,512,1.0,,,R25-264-30_x035840_y014336,284
R25-264-35_x022016_y009728,R25-264-35,MASH,unknown,2025-08-25HE,test,upper,4.4334,83.15,2,22016,9728,512,1.0,,,,285
R25-264-13_x007168_y011776,R25-264-13,MASH,unknown,2025-08-25HE,train,anchor,0.5032,29.39,2,7168,11776,512,1.0,,,,286
R25-264-10_x015872_y006144,R25-264-10,MASH,unknown,2025-08-25HE,test,mid,2.0601,41.76,2,15872,6144,512,1.0,,,,287
R26-122-29_HE_82_x026112_y016896,R26-122-29_HE_82,CCl4,unknown,2026-04-20_CCl4_HE,test,low,1.5895,27.78,2,26112,16896,512,1.0,,,,288
R25-264-10_x010752_y007168,R25-264-10,MASH,unknown,2025-08-25HE,test,high,6.3809,96.88,3,10752,7168,512,1.0,,,,289
R25-264-34_x038400_y011264,R25-264-34,MASH,unknown,2025-08-25HE,train,anchor,3.0469,83.18,5,38400,11264,512,1.0,,,,290
R25-264-33_x018944_y018944,R25-264-33,MASH,unknown,2025-08-25HE,train,anchor,4.2334,82.94,5,18944,18944,512,1.0,,,,291
R25-264-36_x005120_y016896,R25-264-36,MASH,unknown,2025-08-25HE,train,upper,4.4018,80.95,7,5120,16896,512,1.0,,,,292
R25-264-36_x034304_y020480,R25-264-36,MASH,unknown,2025-08-25HE,train,anchor,-0.1978,8.68,2,34304,20480,512,1.0,,,,293
R25-264-11_x007168_y012800,R25-264-11,MASH,unknown,2025-08-25HE,train,upper,4.0509,81.29,1,7168,12800,512,1.0,,,,294
R25-264-3_x026624_y027648,R25-264-3,MASH,unknown,2025-08-25HE,train,low,0.1181,21.62,1,26624,27648,512,1.0,,,,295
R25-264-35_x017920_y019968,R25-264-35,MASH,unknown,2025-08-25HE,test,low,0.3012,12.43,2,17920,19968,512,1.0,,,,296
R25-264-12_x037376_y010752,R25-264-12,MASH,unknown,2025-08-25HE,test,upper,2.9397,86.58,1,37376,10752,512,1.0,,,,297
R25-264-10_x018432_y011776,R25-264-10,MASH,unknown,2025-08-25HE,test,upper,3.8186,77.27,4,18432,11776,512,1.0,,,,298
R25-264-11_x036352_y010752,R25-264-11,MASH,unknown,2025-08-25HE,train,upper,3.5685,75.81,2,36352,10752,512,1.0,,,,299
R25-264-37_x032256_y019968,R25-264-37,MASH,unknown,2025-08-25HE,train,low,2.08,28.64,9,32256,19968,512,1.0,,,,300
R25-264-34_x030720_y010752,R25-264-34,MASH,unknown,2025-08-25HE,train,low,,0.0,0,30720,10752,512,1.0,,,,301
R25-264-31_x015360_y009728,R25-264-31,MASH,unknown,2025-08-25HE,test,low,,0.0,0,15360,9728,512,1.0,,,,302
R25-264-3_x013824_y007168,R25-264-3,MASH,unknown,2025-08-25HE,train,mid,2.8804,69.59,2,13824,7168,512,1.0,,,,303
R26-122-34_HE_93_x024064_y012800,R26-122-34_HE_93,CCl4,unknown,2026-04-20_CCl4_HE,test,low,1.5962,22.28,2,24064,12800,512,1.0,,,,304
R25-264-10_x009216_y016384,R25-264-10,MASH,unknown,2025-08-25HE,test,anchor,3.2184,63.64,1,9216,16384,512,1.0,,,,305
R25-264-10_x016384_y022016,R25-264-10,MASH,unknown,2025-08-25HE,test,anchor,-3.4479,1.14,1,16384,22016,512,1.0,,,,306
R25-264-32_x013312_y022528,R25-264-32,MASH,unknown,2025-08-25HE,test,anchor,-0.8404,17.87,1,13312,22528,512,1.0,,,,307
R25-264-33_x023552_y017920,R25-264-33,MASH,unknown,2025-08-25HE,train,high,7.9258,99.41,8,23552,17920,512,1.0,,,,308
R26-122-38_HE_97_x011776_y015872,R26-122-38_HE_97,CCl4,unknown,2026-04-20_CCl4_HE,test,anchor,5.3916,88.46,4,11776,15872,512,1.0,,,,309
R25-264-1_x018432_y020480,R25-264-1,MASH,unknown,2025-08-25HE,train,upper,1.1048,73.81,1,18432,20480,512,1.0,,,,310
R25-264-11_x024064_y026112,R25-264-11,MASH,unknown,2025-08-25HE,train,low,,0.0,0,24064,26112,512,1.0,,,,311
R25-264-37_x016896_y008192,R25-264-37,MASH,unknown,2025-08-25HE,train,mid,2.6637,41.43,3,16896,8192,512,1.0,,,,312
R25-264-37_x011776_y010752,R25-264-37,MASH,unknown,2025-08-25HE,train,upper,5.0406,82.61,10,11776,10752,512,1.0,,,,313
R25-264-34_x011264_y018944,R25-264-34,MASH,unknown,2025-08-25HE,train,low,,0.0,0,11264,18944,512,1.0,,,,314
R25-264-32_x018944_y010752,R25-264-32,MASH,unknown,2025-08-25HE,test,mid,1.5402,48.29,2,18944,10752,512,1.0,,,,315
R25-264-36_x017920_y020992,R25-264-36,MASH,unknown,2025-08-25HE,train,mid,2.9412,52.38,1,17920,20992,512,1.0,,,,316
R25-264-32_x022528_y019456,R25-264-32,MASH,unknown,2025-08-25HE,test,low,-1.683,9.89,1,22528,19456,512,1.0,,,,317
R25-264-31_x026624_y015360,R25-264-31,MASH,unknown,2025-08-25HE,test,mid,1.6183,44.48,1,26624,15360,512,1.0,,,,318
R25-264-32_x024064_y022016,R25-264-32,MASH,unknown,2025-08-25HE,test,upper,3.6001,82.51,2,24064,22016,512,1.0,,,,319
R25-264-12_x037376_y014848,R25-264-12,MASH,unknown,2025-08-25HE,test,high,3.9409,94.37,1,37376,14848,512,1.0,,,,320
R25-264-10_x015360_y021504,R25-264-10,MASH,unknown,2025-08-25HE,test,upper,3.7928,76.14,4,15360,21504,512,1.0,,,,321
R26-122-19_HE_103_x006656_y019456,R26-122-19_HE_103,CCl4,unknown,2026-04-20_CCl4_HE,train,upper,4.4158,86.21,5,6656,19456,512,1.0,,,,322
R25-264-34_x034816_y011776,R25-264-34,MASH,unknown,2025-08-25HE,train,high,3.7402,91.74,2,34816,11776,512,1.0,,,,323
R25-264-31_x008192_y016896,R25-264-31,MASH,unknown,2025-08-25HE,test,anchor,0.4305,23.62,1,8192,16896,512,1.0,,,,324
R25-264-30_x013312_y008192,R25-264-30,MASH,unknown,2025-08-25HE,train,high,7.5843,99.21,1,13312,8192,512,1.0,,,,325
R25-264-30_x004096_y014336,R25-264-30,MASH,unknown,2025-08-25HE,train,high,4.9697,95.26,6,4096,14336,512,1.0,,,,326
R25-264-1_x020480_y020992,R25-264-1,MASH,unknown,2025-08-25HE,train,high,2.9387,94.64,1,20480,20992,512,1.0,,,,327
R26-122-15_HE_85_x009216_y009728,R26-122-15_HE_85,CCl4,unknown,2026-04-20_CCl4_HE,train,anchor,2.069,20.97,4,9216,9728,512,1.0,,,,328
R26-122-36_HE_95_x012288_y011776,R26-122-36_HE_95,CCl4,unknown,2026-04-20_CCl4_HE,train,anchor,,0.0,0,12288,11776,512,1.0,,,,329
R25-264-32_x022016_y022016,R25-264-32,MASH,unknown,2025-08-25HE,test,high,5.9659,97.72,2,22016,22016,512,1.0,,,,330
R25-264-13_x032256_y023040,R25-264-13,MASH,unknown,2025-08-25HE,train,anchor,2.7166,66.45,4,32256,23040,512,0.9927,,,,331
R25-264-33_x013312_y019968,R25-264-33,MASH,unknown,2025-08-25HE,train,anchor,,0.0,0,13312,19968,512,1.0,,,,332
R26-122-31_HE_98_x019456_y010752,R26-122-31_HE_98,CCl4,unknown,2026-04-20_CCl4_HE,test,anchor,0.3543,14.92,1,19456,10752,512,1.0,,,,333
R25-264-11_x003584_y010240,R25-264-11,MASH,unknown,2025-08-25HE,train,mid,3.085,67.42,2,3584,10240,512,0.8972,,,,334
R25-264-32_x040960_y022016,R25-264-32,MASH,unknown,2025-08-25HE,test,low,,0.0,0,40960,22016,512,1.0,,,,335
R25-264-31_x028672_y015360,R25-264-31,MASH,unknown,2025-08-25HE,test,upper,4.2623,83.74,2,28672,15360,512,1.0,,,,336
R25-264-36_x035328_y016384,R25-264-36,MASH,unknown,2025-08-25HE,train,anchor,6.7562,96.92,4,35328,16384,512,1.0,,,,337
R25-264-12_x027648_y010752,R25-264-12,MASH,unknown,2025-08-25HE,test,mid,0.8247,54.11,2,27648,10752,512,1.0,,,,338
R25-264-37_x023040_y009216,R25-264-37,MASH,unknown,2025-08-25HE,train,upper,5.6297,89.51,5,23040,9216,512,1.0,,,,339
R25-264-33_x022016_y015360,R25-264-33,MASH,unknown,2025-08-25HE,train,low,,0.0,0,22016,15360,512,1.0,,,,340
R25-264-32_x005632_y019968,R25-264-32,MASH,unknown,2025-08-25HE,test,mid,2.3484,61.98,3,5632,19968,512,1.0,,,,341
R25-264-12_x041984_y010752,R25-264-12,MASH,unknown,2025-08-25HE,test,anchor,-0.4159,34.63,1,41984,10752,512,1.0,,,,342
R25-264-31_x008704_y009728,R25-264-31,MASH,unknown,2025-08-25HE,test,mid,2.3315,55.21,2,8704,9728,512,1.0,,,,343
R26-122-31_HE_98_x018944_y011776,R26-122-31_HE_98,CCl4,unknown,2026-04-20_CCl4_HE,test,low,0.8682,23.76,3,18944,11776,512,1.0,,,,344
R25-264-12_x017920_y011264,R25-264-12,MASH,unknown,2025-08-25HE,test,low,-7.8521,1.3,2,17920,11264,512,1.0,,,,345
R25-264-32_x036864_y022016__r2,R25-264-32,MASH,unknown,2025-08-25HE,test,high,4.2407,90.11,2,36864,22016,512,1.0,,,R25-264-32_x036864_y022016,346
R25-264-32_x025600_y022528,R25-264-32,MASH,unknown,2025-08-25HE,test,low,,0.0,0,25600,22528,512,1.0,,,,347
R26-122-22_HE_106_x021504_y011264,R26-122-22_HE_106,CCl4,unknown,2026-04-20_CCl4_HE,train,high,6.1373,91.53,7,21504,11264,512,1.0,,,,348
R25-264-37_x012800_y010240,R25-264-37,MASH,unknown,2025-08-25HE,train,upper,4.378,73.91,4,12800,10240,512,1.0,,,,349
R25-264-13_x009216_y023552,R25-264-13,MASH,unknown,2025-08-25HE,train,upper,3.1472,74.76,4,9216,23552,512,1.0,,,,350
R25-264-30_x024576_y014336,R25-264-30,MASH,unknown,2025-08-25HE,train,anchor,4.8735,94.47,6,24576,14336,512,1.0,,,,351
R25-264-32_x031744_y010752,R25-264-32,MASH,unknown,2025-08-25HE,test,upper,3.7056,83.65,3,31744,10752,512,1.0,,,,352
R26-122-2_HE_71_x015360_y011264,R26-122-2_HE_71,CCl4,unknown,2026-04-20_CCl4_HE,train,high,4.7914,93.28,8,15360,11264,512,1.0,,,,353
R25-264-35_x024064_y009216,R25-264-35,MASH,unknown,2025-08-25HE,test,anchor,3.3853,68.51,2,24064,9216,512,1.0,,,,354
R25-264-37_x018944_y020992,R25-264-37,MASH,unknown,2025-08-25HE,train,mid,2.6816,41.94,7,18944,20992,512,1.0,,,,355
R25-264-35_x022528_y019968,R25-264-35,MASH,unknown,2025-08-25HE,test,mid,1.936,37.85,4,22528,19968,512,0.8935,,,,356
R25-264-13_x004096_y019456,R25-264-13,MASH,unknown,2025-08-25HE,train,low,,0.0,0,4096,19456,512,1.0,,,,357
R25-264-36_x032256_y011776,R25-264-36,MASH,unknown,2025-08-25HE,train,low,-0.7901,6.16,6,32256,11776,512,1.0,,,,358
R25-264-31_x021504_y016896__r2,R25-264-31,MASH,unknown,2025-08-25HE,test,high,4.9371,90.8,7,21504,16896,512,0.9486,,,R25-264-31_x021504_y016896,359
R26-122-29_HE_82_x009728_y011264__r2,R26-122-29_HE_82,CCl4,unknown,2026-04-20_CCl4_HE,test,low,,0.0,0,9728,11264,512,1.0,,,R26-122-29_HE_82_x009728_y011264,360
R25-264-30_x027136_y008192,R25-264-30,MASH,unknown,2025-08-25HE,train,mid,1.5999,55.34,1,27136,8192,512,1.0,,,,361
R26-122-34_HE_93_x020992_y012800,R26-122-34_HE_93,CCl4,unknown,2026-04-20_CCl4_HE,test,upper,5.0945,89.67,6,20992,12800,512,1.0,,,,362
R25-264-30_x042496_y026112,R25-264-30,MASH,unknown,2025-08-25HE,train,anchor,3.4851,81.42,1,42496,26112,512,1.0,,,,363
R25-264-1_x033280_y024064,R25-264-1,MASH,unknown,2025-08-25HE,train,anchor,1.6038,79.76,1,33280,24064,512,1.0,,,,364
R25-264-10_x020480_y006656,R25-264-10,MASH,unknown,2025-08-25HE,test,low,-0.5158,9.94,3,20480,6656,512,1.0,,,,365
R25-264-34_x014336_y011776,R25-264-34,MASH,unknown,2025-08-25HE,train,upper,2.9298,80.73,2,14336,11776,512,1.0,,,,366
R25-264-37_x028160_y009216,R25-264-37,MASH,unknown,2025-08-25HE,train,mid,3.5548,61.89,4,28160,9216,512,1.0,,,,367
R25-264-36_x029184_y006656,R25-264-36,MASH,unknown,2025-08-25HE,train,anchor,2.1895,37.82,4,29184,6656,512,1.0,,,,368
R25-264-37_x016384_y020992,R25-264-37,MASH,unknown,2025-08-25HE,train,high,6.8941,96.16,3,16384,20992,512,1.0,,,,369
R25-264-3_x010752_y014848,R25-264-3,MASH,unknown,2025-08-25HE,train,low,-1.9188,4.73,1,10752,14848,512,1.0,,,,370
R25-264-12_x004096_y022016,R25-264-12,MASH,unknown,2025-08-25HE,test,mid,0.3001,46.75,2,4096,22016,512,1.0,,,,371
R25-264-12_x020480_y015360,R25-264-12,MASH,unknown,2025-08-25HE,test,anchor,1.1874,63.2,2,20480,15360,512,1.0,,,,372
R25-264-10_x022528_y016384,R25-264-10,MASH,unknown,2025-08-25HE,test,upper,4.2489,83.52,1,22528,16384,512,1.0,,,,373
R25-264-12_x036352_y015360,R25-264-12,MASH,unknown,2025-08-25HE,test,upper,2.2277,74.03,1,36352,15360,512,1.0,,,,374
R26-122-23_HE_91_x007680_y014848,R26-122-23_HE_91,CCl4,unknown,2026-04-20_CCl4_HE,train,anchor,4.9515,89.45,5,7680,14848,512,1.0,,,,375
R25-264-33_x017920_y019456,R25-264-33,MASH,unknown,2025-08-25HE,train,low,-1.7088,2.06,1,17920,19456,512,1.0,,,,376
R25-264-3_x017920_y007168,R25-264-3,MASH,unknown,2025-08-25HE,train,upper,4.4588,87.84,2,17920,7168,512,1.0,,,,377
R26-122-3_HE_72_x012800_y010240,R26-122-3_HE_72,CCl4,unknown,2026-04-20_CCl4_HE,train,high,4.5422,90.45,3,12800,10240,512,1.0,,,,378
R25-264-30_x032256_y026112,R25-264-30,MASH,unknown,2025-08-25HE,train,anchor,,0.0,0,32256,26112,512,1.0,,,,379
R25-264-35_x011264_y009728,R25-264-35,MASH,unknown,2025-08-25HE,test,upper,4.9449,88.4,7,11264,9728,512,1.0,,,,380
R25-264-11_x006656_y011776,R25-264-11,MASH,unknown,2025-08-25HE,train,anchor,1.7942,42.58,5,6656,11776,512,1.0,,,,381
R25-264-33_x014336_y019968,R25-264-33,MASH,unknown,2025-08-25HE,train,mid,2.7537,61.18,4,14336,19968,512,1.0,,,,382
R25-264-1_x023552_y021504,R25-264-1,MASH,unknown,2025-08-25HE,train,high,3.45,97.62,4,23552,21504,512,1.0,,,,383
R25-264-32_x022528_y010752,R25-264-32,MASH,unknown,2025-08-25HE,test,high,5.7751,97.34,3,22528,10752,512,1.0,,,,384
R25-264-36_x008192_y016384,R25-264-36,MASH,unknown,2025-08-25HE,train,upper,4.6685,85.15,6,8192,16384,512,1.0,,,,385
R25-264-10_x004608_y012288,R25-264-10,MASH,unknown,2025-08-25HE,test,upper,4.4631,85.8,4,4608,12288,512,0.9247,,,,386
R25-264-31_x014336_y010240,R25-264-31,MASH,unknown,2025-08-25HE,test,anchor,-1.5184,7.36,1,14336,10240,512,1.0,,,,387
R25-264-12_x032768_y021504,R25-264-12,MASH,unknown,2025-08-25HE,test,anchor,0.3864,47.62,2,32768,21504,512,1.0,,,,388
R26-122-38_HE_97_x004096_y016384,R26-122-38_HE_97,CCl4,unknown,2026-04-20_CCl4_HE,test,low,0.5461,5.49,1,4096,16384,512,1.0,,,,389
R25-264-35_x028160_y019968,R25-264-35,MASH,unknown,2025-08-25HE,test,anchor,3.81,75.41,3,28160,19968,512,1.0,,,,390
R25-264-35_x033280_y015360,R25-264-35,MASH,unknown,2025-08-25HE,test,low,0.7327,17.13,1,33280,15360,512,1.0,,,,391
R25-264-13_x012288_y011776__r2,R25-264-13,MASH,unknown,2025-08-25HE,train,upper,4.0786,88.82,6,12288,11776,512,1.0,,,R25-264-13_x012288_y011776,392
R25-264-3_x012800_y007680,R25-264-3,MASH,unknown,2025-08-25HE,train,anchor,,0.0,0,12800,7680,512,1.0,,,,393
R25-264-3_x032768_y020992,R25-264-3,MASH,unknown,2025-08-25HE,train,upper,3.2648,74.66,4,32768,20992,512,1.0,,,,394
R25-264-10_x018944_y016384,R25-264-10,MASH,unknown,2025-08-25HE,test,low,,0.0,0,18944,16384,512,1.0,,,,395
R25-264-34_x008192_y011776,R25-264-34,MASH,unknown,2025-08-25HE,train,mid,1.7872,62.69,2,8192,11776,512,1.0,,,,396
R25-264-13_x044032_y018944__r2,R25-264-13,MASH,unknown,2025-08-25HE,train,high,7.7807,99.36,2,44032,18944,512,1.0,,,R25-264-13_x044032_y018944,397
R25-264-34_x018432_y009728,R25-264-34,MASH,unknown,2025-08-25HE,train,mid,1.8586,64.22,3,18432,9728,512,1.0,,,,398
R26-122-12_HE_81_x023040_y008704,R26-122-12_HE_81,CCl4,unknown,2026-04-20_CCl4_HE,train,upper,4.7367,82.89,10,23040,8704,512,1.0,,,,399
R25-264-10_x027136_y016384,R25-264-10,MASH,unknown,2025-08-25HE,test,low,,0.0,0,27136,16384,512,1.0,,,,400
R25-264-34_x019456_y011776,R25-264-34,MASH,unknown,2025-08-25HE,train,low,0.1239,24.46,2,19456,11776,512,1.0,,,,401
R26-122-36_HE_95_x010752_y011776,R26-122-36_HE_95,CCl4,unknown,2026-04-20_CCl4_HE,train,anchor,3.5818,69.4,3,10752,11776,512,1.0,,,,402
R25-264-35_x013312_y019968,R25-264-35,MASH,unknown,2025-08-25HE,test,low,0.195,11.33,2,13312,19968,512,1.0,,,,403
R25-264-1_x022528_y020480,R25-264-1,MASH,unknown,2025-08-25HE,train,mid,-0.6541,38.69,1,22528,20480,512,1.0,,,,404
R25-264-30_x029184_y008192,R25-264-30,MASH,unknown,2025-08-25HE,train,low,,0.0,0,29184,8192,512,1.0,,,,405
R25-264-31_x011264_y009728,R25-264-31,MASH,unknown,2025-08-25HE,test,high,5.4063,92.94,6,11264,9728,512,1.0,,,,406
R25-264-12_x015872_y022016,R25-264-12,MASH,unknown,2025-08-25HE,test,high,3.7067,93.51,4,15872,22016,512,1.0,,,,407
R25-264-33_x023552_y007680,R25-264-33,MASH,unknown,2025-08-25HE,train,high,6.0911,97.65,4,23552,7680,512,1.0,,,,408
R25-264-31_x028672_y019968,R25-264-31,MASH,unknown,2025-08-25HE,test,anchor,1.973,49.39,3,28672,19968,512,1.0,,,,409
R25-264-30_x011264_y026624,R25-264-30,MASH,unknown,2025-08-25HE,train,upper,4.0564,86.17,4,11264,26624,512,0.9082,,,,410
R25-264-1_x022016_y021504,R25-264-1,MASH,unknown,2025-08-25HE,train,mid,-0.1535,48.81,1,22016,21504,512,1.0,,,,411
R25-264-12_x038912_y010752,R25-264-12,MASH,unknown,2025-08-25HE,test,upper,2.9019,85.28,2,38912,10752,512,1.0,,,,412
R25-264-12_x038912_y014336,R25-264-12,MASH,unknown,2025-08-25HE,test,low,,0.0,0,38912,14336,512,1.0,,,,413
R26-122-36_HE_95_x022528_y014336,R26-122-36_HE_95,CCl4,unknown,2026-04-20_CCl4_HE,train,upper,3.9282,76.12,3,22528,14336,512,1.0,,,,414
R25-264-13_x024064_y011776,R25-264-13,MASH,unknown,2025-08-25HE,train,mid,1.6117,49.2,4,24064,11776,512,1.0,,,,415
R25-264-1_x019456_y020480,R25-264-1,MASH,unknown,2025-08-25HE,train,mid,0.4718,63.69,3,19456,20480,512,1.0,,,,416
R25-264-37_x024576_y010240,R25-264-37,MASH,unknown,2025-08-25HE,train,low,-1.4556,0.51,1,24576,10240,512,1.0,,,,417
R25-264-12_x008192_y022016,R25-264-12,MASH,unknown,2025-08-25HE,test,mid,0.1066,44.16,2,8192,22016,512,1.0,,,,418
R26-122-31_HE_98_x007168_y019456,R26-122-31_HE_98,CCl4,unknown,2026-04-20_CCl4_HE,test,high,4.6886,92.82,4,7168,19456,512,1.0,,,,419
R26-122-22_HE_106_x011264_y011264,R26-122-22_HE_106,CCl4,unknown,2026-04-20_CCl4_HE,train,upper,5.0821,76.19,4,11264,11264,512,1.0,,,,420
R26-122-26_HE_107_x023040_y015872,R26-122-26_HE_107,CCl4,unknown,2026-04-20_CCl4_HE,train,upper,4.206,72.04,5,23040,15872,512,1.0,,,,421
R26-122-2_HE_71_x015360_y013312,R26-122-2_HE_71,CCl4,unknown,2026-04-20_CCl4_HE,train,upper,3.5603,71.64,3,15360,13312,512,1.0,,,,422
R25-264-13_x008704_y011776,R25-264-13,MASH,unknown,2025-08-25HE,train,high,5.4613,97.76,1,8704,11776,512,1.0,,,,423
R26-122-2_HE_71_x009728_y009728,R26-122-2_HE_71,CCl4,unknown,2026-04-20_CCl4_HE,train,high,4.9091,94.78,7,9728,9728,512,1.0,,,,424
R25-264-33_x019456_y019968,R25-264-33,MASH,unknown,2025-08-25HE,train,anchor,3.0852,68.24,2,19456,19968,512,1.0,,,,425
R26-122-22_HE_106_x014336_y011264,R26-122-22_HE_106,CCl4,unknown,2026-04-20_CCl4_HE,train,upper,5.7178,87.3,6,14336,11264,512,1.0,,,,426
R25-264-35_x008704_y025600,R25-264-35,MASH,unknown,2025-08-25HE,test,anchor,2.2699,44.75,4,8704,25600,512,1.0,,,,427
R25-264-37_x018944_y010240,R25-264-37,MASH,unknown,2025-08-25HE,train,low,0.9527,14.07,4,18944,10240,512,1.0,,,,428
R25-264-32_x008704_y011264,R25-264-32,MASH,unknown,2025-08-25HE,test,high,4.9357,94.3,3,8704,11264,512,1.0,,,,429
R25-264-30_x016896_y008192,R25-264-30,MASH,unknown,2025-08-25HE,train,upper,3.3122,78.66,2,16896,8192,512,1.0,,,,430
R26-122-22_HE_106_x020992_y018432,R26-122-22_HE_106,CCl4,unknown,2026-04-20_CCl4_HE,train,anchor,3.275,47.62,6,20992,18432,512,1.0,,,,431
R25-264-13_x017920_y023552,R25-264-13,MASH,unknown,2025-08-25HE,train,upper,3.4699,80.51,4,17920,23552,512,1.0,,,,432
R26-122-17_HE_101_x017920_y019968__r2,R26-122-17_HE_101,CCl4,unknown,2026-04-20_CCl4_HE,train,high,5.2146,91.19,8,17920,19968,512,1.0,,,R26-122-17_HE_101_x017920_y019968,433
R25-264-12_x036352_y014336,R25-264-12,MASH,unknown,2025-08-25HE,test,anchor,-0.6588,28.57,1,36352,14336,512,1.0,,,,434
R25-264-33_x009216_y015872,R25-264-33,MASH,unknown,2025-08-25HE,train,high,5.7927,96.47,5,9216,15872,512,1.0,,,,435
R25-264-35_x012800_y008704,R25-264-35,MASH,unknown,2025-08-25HE,test,low,1.0157,22.1,3,12800,8704,512,1.0,,,,436
R25-264-37_x029696_y007680,R25-264-37,MASH,unknown,2025-08-25HE,train,mid,2.6852,42.46,5,29696,7680,512,1.0,,,,437
R26-122-9_HE_78_x006144_y012800,R26-122-9_HE_78,CCl4,unknown,2026-04-20_CCl4_HE,test,mid,2.5714,44.32,3,6144,12800,512,1.0,,,,438
R25-264-37_x006144_y020480,R25-264-37,MASH,unknown,2025-08-25HE,train,mid,3.3276,57.8,4,6144,20480,512,1.0,,,,439
R26-122-36_HE_95_x023552_y012288,R26-122-36_HE_95,CCl4,unknown,2026-04-20_CCl4_HE,train,low,1.3573,22.39,1,23552,12288,512,1.0,,,,440
R25-264-35_x026624_y019456,R25-264-35,MASH,unknown,2025-08-25HE,test,upper,3.8959,76.52,3,26624,19456,512,1.0,,,,441
R25-264-33_x025600_y017408,R25-264-33,MASH,unknown,2025-08-25HE,train,mid,2.1435,45.29,5,25600,17408,512,1.0,,,,442
R25-264-33_x028160_y007168,R25-264-33,MASH,unknown,2025-08-25HE,train,anchor,4.6328,87.06,4,28160,7168,512,1.0,,,,443
R25-264-34_x032768_y010752,R25-264-34,MASH,unknown,2025-08-25HE,train,upper,2.741,78.59,4,32768,10752,512,1.0,,,,444
R26-122-10_HE_79_x020992_y010752,R26-122-10_HE_79,CCl4,unknown,2026-04-20_CCl4_HE,train,mid,3.1987,63.5,1,20992,10752,512,1.0,,,,445
R25-264-35_x038912_y015360,R25-264-35,MASH,unknown,2025-08-25HE,test,upper,4.6765,85.08,4,38912,15360,512,1.0,,,,446
R25-264-35_x025088_y008704,R25-264-35,MASH,unknown,2025-08-25HE,test,high,5.1859,90.33,4,25088,8704,512,1.0,,,,447
R26-122-10_HE_79_x026624_y009216,R26-122-10_HE_79,CCl4,unknown,2026-04-20_CCl4_HE,train,anchor,1.7592,31.75,6,26624,9216,512,1.0,,,,448
R25-264-13_x032256_y018944,R25-264-13,MASH,unknown,2025-08-25HE,train,upper,3.5877,83.07,4,32256,18944,512,1.0,,,,449
R25-264-34_x012800_y011776,R25-264-34,MASH,unknown,2025-08-25HE,train,upper,2.3917,70.95,1,12800,11776,512,1.0,,,,450
R25-264-12_x022016_y014336,R25-264-12,MASH,unknown,2025-08-25HE,test,mid,0.225,45.45,4,22016,14336,512,1.0,,,,451
R25-264-30_x033280_y019968__r2,R25-264-30,MASH,unknown,2025-08-25HE,train,high,4.8151,93.68,1,33280,19968,512,1.0,,,R25-264-30_x033280_y019968,452
R25-264-32_x038912_y019456,R25-264-32,MASH,unknown,2025-08-25HE,test,high,4.7761,93.16,1,38912,19456,512,1.0,,,,453
R25-264-13_x048128_y018432,R25-264-13,MASH,unknown,2025-08-25HE,train,high,7.4343,99.04,3,48128,18432,512,1.0,,,,454
R25-264-3_x011776_y007168,R25-264-3,MASH,unknown,2025-08-25HE,train,anchor,-1.4601,5.41,3,11776,7168,512,1.0,,,,455
R25-264-37_x027136_y007680,R25-264-37,MASH,unknown,2025-08-25HE,train,mid,2.644,40.66,3,27136,7680,512,1.0,,,,456
R25-264-36_x015360_y021504,R25-264-36,MASH,unknown,2025-08-25HE,train,mid,2.3895,42.58,2,15360,21504,512,1.0,,,,457
R26-122-22_HE_106_x023040_y018432,R26-122-22_HE_106,CCl4,unknown,2026-04-20_CCl4_HE,train,mid,3.9945,60.32,6,23040,18432,512,1.0,,,,458
R25-264-11_x032256_y026112,R25-264-11,MASH,unknown,2025-08-25HE,train,mid,2.1836,49.68,2,32256,26112,512,1.0,,,,459
R25-264-32_x017920_y011264,R25-264-32,MASH,unknown,2025-08-25HE,test,anchor,,0.0,0,17920,11264,512,1.0,,,,460
R26-122-19_HE_103_x006656_y019456__r2,R26-122-19_HE_103,CCl4,unknown,2026-04-20_CCl4_HE,train,upper,4.4158,86.21,5,6656,19456,512,1.0,,,R26-122-19_HE_103_x006656_y019456,461
R25-264-3_x024064_y027648,R25-264-3,MASH,unknown,2025-08-25HE,train,high,4.8733,92.91,1,24064,27648,512,1.0,,,,462
R25-264-12_x030720_y010752,R25-264-12,MASH,unknown,2025-08-25HE,test,high,3.9494,94.81,1,30720,10752,512,1.0,,,,463
R25-264-37_x024576_y020480,R25-264-37,MASH,unknown,2025-08-25HE,train,mid,3.2732,56.27,9,24576,20480,512,1.0,,,,464
R25-264-3_x021504_y007680,R25-264-3,MASH,unknown,2025-08-25HE,train,upper,4.6027,89.86,4,21504,7680,512,1.0,,,,465
R25-264-35_x013824_y025600,R25-264-35,MASH,unknown,2025-08-25HE,test,high,10.9267,99.72,9,13824,25600,512,1.0,,,,466
R26-122-19_HE_103_x013824_y019456__r2,R26-122-19_HE_103,CCl4,unknown,2026-04-20_CCl4_HE,train,low,,0.0,0,13824,19456,512,1.0,,,R26-122-19_HE_103_x013824_y019456,467
R25-264-33_x020480_y019968,R25-264-33,MASH,unknown,2025-08-25HE,train,low,1.1943,25.88,3,20480,19968,512,1.0,,,,468
R25-264-36_x024064_y012288,R25-264-36,MASH,unknown,2025-08-25HE,train,high,6.0737,95.24,3,24064,12288,512,1.0,,,,469
R26-122-10_HE_79_x019968_y009216,R26-122-10_HE_79,CCl4,unknown,2026-04-20_CCl4_HE,train,mid,2.1487,37.96,8,19968,9216,512,1.0,,,,470
R25-264-37_x011776_y020992,R25-264-37,MASH,unknown,2025-08-25HE,train,upper,4.6582,78.52,4,11776,20992,512,1.0,,,,471
R25-264-11_x018944_y012288,R25-264-11,MASH,unknown,2025-08-25HE,train,high,7.0523,96.13,5,18944,12288,512,1.0,,,,472
R25-264-36_x029696_y016384,R25-264-36,MASH,unknown,2025-08-25HE,train,anchor,3.4899,63.87,1,29696,16384,512,1.0,,,,473
R25-264-31_x014336_y016384,R25-264-31,MASH,unknown,2025-08-25HE,test,high,5.429,93.25,2,14336,16384,512,1.0,,,,474
R26-122-22_HE_106_x007680_y017920,R26-122-22_HE_106,CCl4,unknown,2026-04-20_CCl4_HE,train,mid,2.8596,36.51,4,7680,17920,512,1.0,,,,475
R26-122-23_HE_91_x011776_y015360,R26-122-23_HE_91,CCl4,unknown,2026-04-20_CCl4_HE,train,high,5.2443,92.0,4,11776,15360,512,1.0,,,,476
R25-264-30_x006144_y014336,R25-264-30,MASH,unknown,2025-08-25HE,train,anchor,1.1784,47.43,3,6144,14336,512,1.0,,,,477
R25-264-11_x009728_y026624,R25-264-11,MASH,unknown,2025-08-25HE,train,high,5.2688,91.61,7,9728,26624,512,1.0,,,,478
R25-264-11_x023040_y026624,R25-264-11,MASH,unknown,2025-08-25HE,train,upper,3.9077,79.35,2,23040,26624,512,1.0,,,,479
R25-264-10_x013312_y006656,R25-264-10,MASH,unknown,2025-08-25HE,test,anchor,5.0473,90.91,5,13312,6656,512,1.0,,,,480
R25-264-11_x007680_y010240,R25-264-11,MASH,unknown,2025-08-25HE,train,high,5.285,91.94,5,7680,10240,512,1.0,,,,481
R25-264-12_x007168_y015360,R25-264-12,MASH,unknown,2025-08-25HE,test,high,6.3575,99.57,3,7168,15360,512,1.0,,,,482
R26-122-26_HE_107_x007168_y016896,R26-122-26_HE_107,CCl4,unknown,2026-04-20_CCl4_HE,train,upper,5.4237,87.63,6,7168,16896,512,1.0,,,,483
R25-264-33_x026624_y007168,R25-264-33,MASH,unknown,2025-08-25HE,train,upper,4.0181,79.71,4,26624,7168,512,1.0,,,,484
R25-264-3_x008192_y020992,R25-264-3,MASH,unknown,2025-08-25HE,train,upper,2.9974,70.61,1,8192,20992,512,1.0,,,,485
R25-264-12_x028672_y015360,R25-264-12,MASH,unknown,2025-08-25HE,test,anchor,-1.3065,21.21,1,28672,15360,512,1.0,,,,486
R25-264-32_x014336_y011264,R25-264-32,MASH,unknown,2025-08-25HE,test,anchor,2.6545,68.82,2,14336,11264,512,1.0,,,,487
R25-264-13_x036352_y018944,R25-264-13,MASH,unknown,2025-08-25HE,train,anchor,,0.0,0,36352,18944,512,1.0,,,,488
R25-264-10_x030720_y015872,R25-264-10,MASH,unknown,2025-08-25HE,test,low,-1.8607,4.83,1,30720,15872,512,1.0,,,,489
R25-264-13_x009216_y018944,R25-264-13,MASH,unknown,2025-08-25HE,train,upper,2.972,70.93,2,9216,18944,512,1.0,,,,490
R26-122-3_HE_72_x017408_y010240,R26-122-3_HE_72,CCl4,unknown,2026-04-20_CCl4_HE,train,low,0.3723,11.8,4,17408,10240,512,1.0,,,,491
R26-122-26_HE_107_x019456_y011264,R26-122-26_HE_107,CCl4,unknown,2026-04-20_CCl4_HE,train,mid,2.9009,41.94,4,19456,11264,512,1.0,,,,492
R25-264-36_x012800_y021504,R25-264-36,MASH,unknown,2025-08-25HE,train,high,7.9906,99.16,2,12800,21504,512,1.0,,,,493
R26-122-22_HE_106_x012288_y010752,R26-122-22_HE_106,CCl4,unknown,2026-04-20_CCl4_HE,train,anchor,5.1462,77.78,6,12288,10752,512,1.0,,,,494
R25-264-30_x024064_y019968,R25-264-30,MASH,unknown,2025-08-25HE,train,low,-3.5091,3.16,1,24064,19968,512,1.0,,,,495
R25-264-32_x038400_y022016,R25-264-32,MASH,unknown,2025-08-25HE,test,low,,0.0,0,38400,22016,512,1.0,,,,496
R26-122-17_HE_101_x020992_y019968,R26-122-17_HE_101,CCl4,unknown,2026-04-20_CCl4_HE,train,high,5.1025,90.04,2,20992,19968,512,1.0,,,,497
R26-122-10_HE_79_x019968_y011264,R26-122-10_HE_79,CCl4,unknown,2026-04-20_CCl4_HE,train,anchor,3.3218,66.06,2,19968,11264,512,1.0,,,,498
R26-122-15_HE_85_x009728_y014336,R26-122-15_HE_85,CCl4,unknown,2026-04-20_CCl4_HE,train,low,2.3221,25.81,5,9728,14336,512,1.0,,,,499
R26-122-10_HE_79_x023040_y011264,R26-122-10_HE_79,CCl4,unknown,2026-04-20_CCl4_HE,train,high,5.5269,94.16,7,23040,11264,512,1.0,,,,500
R25-264-35_x003072_y020480,R25-264-35,MASH,unknown,2025-08-25HE,test,mid,3.1881,63.26,2,3072,20480,512,1.0,,,,501
R25-264-10_x008704_y022528,R25-264-10,MASH,unknown,2025-08-25HE,test,high,5.188,91.76,4,8704,22528,512,1.0,,,,502
R25-264-34_x022528_y011776,R25-264-34,MASH,unknown,2025-08-25HE,train,upper,2.7049,77.06,1,22528,11776,512,1.0,,,,503
R25-264-33_x020992_y017920,R25-264-33,MASH,unknown,2025-08-25HE,train,mid,1.7553,36.18,2,20992,17920,512,1.0,,,,504
R25-264-33_x022528_y018432,R25-264-33,MASH,unknown,2025-08-25HE,train,high,5.406,93.53,5,22528,18432,512,1.0,,,,505
R25-264-33_x031744_y015360,R25-264-33,MASH,unknown,2025-08-25HE,train,low,,0.0,0,31744,15360,512,1.0,,,,506
R25-264-31_x029696_y016384,R25-264-31,MASH,unknown,2025-08-25HE,test,mid,2.8438,65.64,3,29696,16384,512,1.0,,,,507
R26-122-1_HE_70_x018944_y014848,R26-122-1_HE_70,CCl4,unknown,2026-04-20_CCl4_HE,train,upper,4.6864,86.58,10,18944,14848,512,1.0,,,,508
R25-264-30_x008192_y008704,R25-264-30,MASH,unknown,2025-08-25HE,train,anchor,,0.0,0,8192,8704,512,1.0,,,,509
R25-264-33_x030208_y017920,R25-264-33,MASH,unknown,2025-08-25HE,train,mid,1.485,30.88,4,30208,17920,512,1.0,,,,510
R25-264-10_x017408_y011776,R25-264-10,MASH,unknown,2025-08-25HE,test,anchor,-1.5885,5.97,1,17408,11776,512,1.0,,,,511
R25-264-35_x016384_y019968,R25-264-35,MASH,unknown,2025-08-25HE,test,anchor,6.6657,97.79,4,16384,19968,512,1.0,,,,512
R25-264-37_x020992_y010240,R25-264-37,MASH,unknown,2025-08-25HE,train,low,0.2575,6.65,4,20992,10240,512,1.0,,,,513
R25-264-13_x039936_y011264,R25-264-13,MASH,unknown,2025-08-25HE,train,high,5.4563,97.44,2,39936,11264,512,1.0,,,,514
R25-264-10_x033792_y015872,R25-264-10,MASH,unknown,2025-08-25HE,test,high,5.1101,91.19,1,33792,15872,512,1.0,,,,515
R25-264-30_x035840_y026112,R25-264-30,MASH,unknown,2025-08-25HE,train,high,4.8828,94.86,1,35840,26112,512,1.0,,,,516
R25-264-10_x026112_y016384,R25-264-10,MASH,unknown,2025-08-25HE,test,anchor,3.2949,65.34,2,26112,16384,512,1.0,,,,517
R26-122-3_HE_72_x012800_y016384,R26-122-3_HE_72,CCl4,unknown,2026-04-20_CCl4_HE,train,mid,3.1939,65.73,7,12800,16384,512,1.0,,,,518
R25-264-34_x009728_y011776,R25-264-34,MASH,unknown,2025-08-25HE,train,anchor,2.9879,81.65,5,9728,11776,512,1.0,,,,519
R25-264-36_x035328_y012288,R25-264-36,MASH,unknown,2025-08-25HE,train,upper,3.9136,71.43,2,35328,12288,512,1.0,,,,520
R25-264-32_x037888_y019968,R25-264-32,MASH,unknown,2025-08-25HE,test,anchor,-9.5194,0.38,1,37888,19968,512,1.0,,,,521
R26-122-12_HE_81_x022016_y009216,R26-122-12_HE_81,CCl4,unknown,2026-04-20_CCl4_HE,train,high,6.1452,96.79,5,22016,9216,512,1.0,,,,522
R25-264-1_x010240_y022016,R25-264-1,MASH,unknown,2025-08-25HE,train,low,,0.0,0,10240,22016,512,1.0,,,,523
R25-264-11_x024576_y011264,R25-264-11,MASH,unknown,2025-08-25HE,train,high,7.0249,95.81,4,24576,11264,512,1.0,,,,524
R26-122-15_HE_85_x025600_y014336,R26-122-15_HE_85,CCl4,unknown,2026-04-20_CCl4_HE,train,high,5.7998,91.94,8,25600,14336,512,0.9073,,,,525
R25-264-32_x031232_y019456,R25-264-32,MASH,unknown,2025-08-25HE,test,anchor,-0.8914,16.35,2,31232,19456,512,1.0,,,,526
R25-264-3_x024064_y014336,R25-264-3,MASH,unknown,2025-08-25HE,train,high,8.9199,99.66,2,24064,14336,512,1.0,,,,527
R26-122-36_HE_95_x017920_y014336,R26-122-36_HE_95,CCl4,unknown,2026-04-20_CCl4_HE,train,mid,2.7805,51.49,4,17920,14336,512,0.8669,,,,528
R25-264-35_x004096_y019968,R25-264-35,MASH,unknown,2025-08-25HE,test,mid,2.6282,53.04,4,4096,19968,512,1.0,,,,529
R25-264-31_x026112_y009728,R25-264-31,MASH,unknown,2025-08-25HE,test,low,-4.5142,0.61,1,26112,9728,512,1.0,,,,530
R25-264-31_x013312_y009728,R25-264-31,MASH,unknown,2025-08-25HE,test,upper,4.575,88.04,2,13312,9728,512,1.0,,,,531
R26-122-3_HE_72_x006656_y009728,R26-122-3_HE_72,CCl4,unknown,2026-04-20_CCl4_HE,train,anchor,2.2499,43.26,3,6656,9728,512,1.0,,,,532
R26-122-9_HE_78_x015872_y018944,R26-122-9_HE_78,CCl4,unknown,2026-04-20_CCl4_HE,test,upper,3.9868,75.68,3,15872,18944,512,1.0,,,,533
R25-264-31_x018944_y019456,R25-264-31,MASH,unknown,2025-08-25HE,test,upper,3.506,74.85,6,18944,19456,512,1.0,,,,534
R25-264-12_x035328_y010752,R25-264-12,MASH,unknown,2025-08-25HE,test,high,3.3055,90.91,1,35328,10752,512,1.0,,,,535
R25-264-34_x028672_y018432,R25-264-34,MASH,unknown,2025-08-25HE,train,low,-1.6423,8.56,1,28672,18432,512,1.0,,,,536
R25-264-33_x030208_y007680,R25-264-33,MASH,unknown,2025-08-25HE,train,anchor,0.0399,11.18,2,30208,7680,512,1.0,,,,537
R25-264-11_x037376_y011264,R25-264-11,MASH,unknown,2025-08-25HE,train,high,6.0291,94.52,6,37376,11264,512,1.0,,,,538
R25-264-10_x014848_y016896,R25-264-10,MASH,unknown,2025-08-25HE,test,high,5.5415,94.6,1,14848,16896,512,1.0,,,,539
R25-264-35_x008192_y015360,R25-264-35,MASH,unknown,2025-08-25HE,test,upper,4.5351,83.98,5,8192,15360,512,1.0,,,,540
R25-264-13_x040960_y023040,R25-264-13,MASH,unknown,2025-08-25HE,train,upper,4.2463,89.78,4,40960,23040,512,1.0,,,,541
R25-264-10_x019968_y011776,R25-264-10,MASH,unknown,2025-08-25HE,test,anchor,0.4165,18.75,3,19968,11776,512,1.0,,,,542
R25-264-34_x033792_y010752,R25-264-34,MASH,unknown,2025-08-25HE,train,anchor,3.463,89.6,5,33792,10752,512,1.0,,,,543
R25-264-3_x038912_y020992,R25-264-3,MASH,unknown,2025-08-25HE,train,anchor,,0.0,0,38912,20992,512,1.0,,,,544
R25-264-30_x008192_y014336,R25-264-30,MASH,unknown,2025-08-25HE,train,high,4.4607,90.91,12,8192,14336,512,1.0,,,,545
R25-264-11_x010240_y012800,R25-264-11,MASH,unknown,2025-08-25HE,train,upper,3.4608,73.87,2,10240,12800,512,1.0,,,,546
R25-264-13_x022528_y011264,R25-264-13,MASH,unknown,2025-08-25HE,train,high,4.5835,93.29,1,22528,11264,512,1.0,,,,547
R26-122-10_HE_79_x021504_y008704,R26-122-10_HE_79,CCl4,unknown,2026-04-20_CCl4_HE,train,upper,4.0766,81.39,4,21504,8704,512,1.0,,,,548
R25-264-3_x025088_y027648,R25-264-3,MASH,unknown,2025-08-25HE,train,low,-1.3686,6.42,2,25088,27648,512,0.8558,,,,549
R25-264-34_x010752_y011776,R25-264-34,MASH,unknown,2025-08-25HE,train,high,4.3628,95.41,5,10752,11776,512,1.0,,,,550
R25-264-32_x014336_y022528,R25-264-32,MASH,unknown,2025-08-25HE,test,upper,3.9534,85.93,1,14336,22528,512,1.0,,,,551
R25-264-3_x024576_y020992,R25-264-3,MASH,unknown,2025-08-25HE,train,mid,2.1301,55.41,2,24576,20992,512,1.0,,,,552
R25-264-34_x020480_y009728,R25-264-34,MASH,unknown,2025-08-25HE,train,upper,2.6181,74.31,2,20480,9728,512,1.0,,,,553
R26-122-31_HE_98_x027136_y010240,R26-122-31_HE_98,CCl4,unknown,2026-04-20_CCl4_HE,test,upper,2.9298,73.48,7,27136,10240,512,1.0,,,,554
R25-264-32_x016896_y019968,R25-264-32,MASH,unknown,2025-08-25HE,test,anchor,1.5566,48.67,2,16896,19968,512,1.0,,,,555
R25-264-11_x006656_y010752,R25-264-11,MASH,unknown,2025-08-25HE,train,anchor,,0.0,0,6656,10752,512,1.0,,,,556
R26-122-19_HE_103_x015360_y019968,R26-122-19_HE_103,CCl4,unknown,2026-04-20_CCl4_HE,train,upper,3.7134,75.29,4,15360,19968,512,1.0,,,,557
R26-122-17_HE_101_x014848_y018944,R26-122-17_HE_101,CCl4,unknown,2026-04-20_CCl4_HE,train,low,-2.8936,1.15,1,14848,18944,512,0.9862,,,,558
R25-264-10_x035840_y011264,R25-264-10,MASH,unknown,2025-08-25HE,test,high,5.7463,95.74,5,35840,11264,512,1.0,,,,559
R25-264-12_x008192_y022016__r2,R25-264-12,MASH,unknown,2025-08-25HE,test,mid,0.1066,44.16,2,8192,22016,512,1.0,,,R25-264-12_x008192_y022016,560
R25-264-35_x025088_y009728,R25-264-35,MASH,unknown,2025-08-25HE,test,low,0.6921,16.02,1,25088,9728,512,1.0,,,,561
R26-122-29_HE_82_x019456_y016896,R26-122-29_HE_82,CCl4,unknown,2026-04-20_CCl4_HE,test,high,7.1657,99.44,5,19456,16896,512,1.0,,,,562
R25-264-13_x022528_y018944,R25-264-13,MASH,unknown,2025-08-25HE,train,mid,0.7162,32.27,3,22528,18944,512,1.0,,,,563
R25-264-1_x024576_y022528,R25-264-1,MASH,unknown,2025-08-25HE,train,low,,0.0,0,24576,22528,512,1.0,,,,564
R25-264-30_x006656_y019968,R25-264-30,MASH,unknown,2025-08-25HE,train,upper,2.919,71.54,1,6656,19968,512,1.0,,,,565
R25-264-30_x047104_y013824,R25-264-30,MASH,unknown,2025-08-25HE,train,high,4.5396,91.7,2,47104,13824,512,1.0,,,,566
R25-264-34_x016384_y009728,R25-264-34,MASH,unknown,2025-08-25HE,train,low,0.0518,23.24,2,16384,9728,512,1.0,,,,567
R25-264-10_x034304_y006656,R25-264-10,MASH,unknown,2025-08-25HE,test,upper,3.6722,73.86,3,34304,6656,512,1.0,,,,568
R25-264-32_x006656_y022528,R25-264-32,MASH,unknown,2025-08-25HE,test,anchor,2.4884,64.64,2,6656,22528,512,1.0,,,,569
R26-122-12_HE_81_x011264_y008704,R26-122-12_HE_81,CCl4,unknown,2026-04-20_CCl4_HE,train,low,-0.2719,4.81,2,11264,8704,512,1.0,,,,570
R25-264-37_x036352_y009728,R25-264-37,MASH,unknown,2025-08-25HE,train,high,6.3779,94.37,8,36352,9728,512,1.0,,,,571
R25-264-34_x009728_y010752,R25-264-34,MASH,unknown,2025-08-25HE,train,upper,2.7959,79.51,2,9728,10752,512,1.0,,,,572
R25-264-13_x006144_y011776,R25-264-13,MASH,unknown,2025-08-25HE,train,high,4.5508,92.97,3,6144,11776,512,1.0,,,,573
R25-264-35_x012800_y008704__r2,R25-264-35,MASH,unknown,2025-08-25HE,test,low,1.0157,22.1,3,12800,8704,512,1.0,,,R25-264-35_x012800_y008704,574
R25-264-11_x011776_y026624,R25-264-11,MASH,unknown,2025-08-25HE,train,mid,1.6336,39.68,2,11776,26624,512,1.0,,,,575
R25-264-33_x013312_y017920,R25-264-33,MASH,unknown,2025-08-25HE,train,mid,2.7992,62.06,2,13312,17920,512,1.0,,,,576
R25-264-3_x016384_y014336,R25-264-3,MASH,unknown,2025-08-25HE,train,high,4.6835,90.88,4,16384,14336,512,1.0,,,,577
R26-122-36_HE_95_x005632_y012288,R26-122-36_HE_95,CCl4,unknown,2026-04-20_CCl4_HE,train,mid,2.662,48.51,3,5632,12288,512,0.9467,,,,578
R25-264-13_x020992_y023552,R25-264-13,MASH,unknown,2025-08-25HE,train,mid,1.7269,51.12,2,20992,23552,512,1.0,,,,579
R25-264-37_x032768_y007168,R25-264-37,MASH,unknown,2025-08-25HE,train,low,-0.7852,2.56,4,32768,7168,512,1.0,,,,580
R25-264-33_x016896_y015360,R25-264-33,MASH,unknown,2025-08-25HE,train,low,0.4569,15.59,1,16896,15360,512,1.0,,,,581
R26-122-31_HE_98_x015360_y018944,R26-122-31_HE_98,CCl4,unknown,2026-04-20_CCl4_HE,test,high,4.5451,90.61,5,15360,18944,512,1.0,,,,582
R25-264-37_x012800_y020480,R25-264-37,MASH,unknown,2025-08-25HE,train,high,7.4746,98.47,9,12800,20480,512,1.0,,,,583
R25-264-33_x013312_y018944,R25-264-33,MASH,unknown,2025-08-25HE,train,upper,3.7513,76.47,5,13312,18944,512,1.0,,,,584
R26-122-12_HE_81_x016896_y009216,R26-122-12_HE_81,CCl4,unknown,2026-04-20_CCl4_HE,train,mid,3.9167,65.24,2,16896,9216,512,1.0,,,,585
R25-264-13_x033280_y023040,R25-264-13,MASH,unknown,2025-08-25HE,train,high,5.2499,96.49,2,33280,23040,512,1.0,,,,586
R26-122-29_HE_82_x021504_y016896,R26-122-29_HE_82,CCl4,unknown,2026-04-20_CCl4_HE,test,anchor,2.9473,45.56,5,21504,16896,512,1.0,,,,587
R26-122-29_HE_82_x004608_y010752,R26-122-29_HE_82,CCl4,unknown,2026-04-20_CCl4_HE,test,mid,3.4597,61.67,3,4608,10752,512,1.0,,,,588
R26-122-17_HE_101_x008704_y016896__r2,R26-122-17_HE_101,CCl4,unknown,2026-04-20_CCl4_HE,train,anchor,0.1359,8.43,1,8704,16896,512,1.0,,,R26-122-17_HE_101_x008704_y016896,589
R25-264-31_x010752_y016896,R25-264-31,MASH,unknown,2025-08-25HE,test,anchor,2.2072,52.76,2,10752,16896,512,1.0,,,,590
R25-264-13_x005120_y023552,R25-264-13,MASH,unknown,2025-08-25HE,train,upper,3.0646,72.52,3,5120,23552,512,1.0,,,,591
R25-264-11_x009728_y011264__r2,R25-264-11,MASH,unknown,2025-08-25HE,train,anchor,0.5287,26.77,1,9728,11264,512,1.0,,,R25-264-11_x009728_y011264,592
R25-264-1_x023552_y024064,R25-264-1,MASH,unknown,2025-08-25HE,train,low,,0.0,0,23552,24064,512,1.0,,,,593
R25-264-30_x020480_y008192,R25-264-30,MASH,unknown,2025-08-25HE,train,upper,4.35,88.93,6,20480,8192,512,1.0,,,,594
R25-264-12_x024064_y010752,R25-264-12,MASH,unknown,2025-08-25HE,test,mid,-0.0603,41.13,1,24064,10752,512,1.0,,,,595
R25-264-30_x017408_y014336,R25-264-30,MASH,unknown,2025-08-25HE,train,anchor,,0.0,0,17408,14336,512,1.0,,,,596
R25-264-35_x015872_y009728,R25-264-35,MASH,unknown,2025-08-25HE,test,high,5.6167,94.48,1,15872,9728,512,1.0,,,,597
R25-264-13_x029184_y018944,R25-264-13,MASH,unknown,2025-08-25HE,train,low,0.0133,21.73,2,29184,18944,512,1.0,,,,598
R25-264-3_x039936_y027648,R25-264-3,MASH,unknown,2025-08-25HE,train,high,7.3413,98.99,1,39936,27648,512,1.0,,,,599
R25-264-3_x033792_y014336,R25-264-3,MASH,unknown,2025-08-25HE,train,mid,1.6233,47.64,2,33792,14336,512,0.8237,,,,600
R25-264-30_x044032_y007680,R25-264-30,MASH,unknown,2025-08-25HE,train,upper,2.8965,71.15,3,44032,7680,512,0.8926,,,,601
R25-264-32_x032256_y019968,R25-264-32,MASH,unknown,2025-08-25HE,test,low,,0.0,0,32256,19968,512,1.0,,,,602
R25-264-32_x018944_y022528,R25-264-32,MASH,unknown,2025-08-25HE,test,high,5.1314,95.44,1,18944,22528,512,1.0,,,,603
R25-264-33_x018944_y007680,R25-264-33,MASH,unknown,2025-08-25HE,train,low,1.1962,26.18,2,18944,7680,512,1.0,,,,604
R25-264-33_x011264_y019968,R25-264-33,MASH,unknown,2025-08-25HE,train,upper,3.6421,75.29,6,11264,19968,512,1.0,,,,605
R25-264-10_x024064_y011264,R25-264-10,MASH,unknown,2025-08-25HE,test,upper,3.6455,73.01,5,24064,11264,512,1.0,,,,606
R25-264-11_x036352_y026624,R25-264-11,MASH,unknown,2025-08-25HE,train,low,,0.0,0,36352,26624,512,1.0,,,,607
R25-264-37_x028160_y007680,R25-264-37,MASH,unknown,2025-08-25HE,train,high,6.3216,93.61,3,28160,7680,512,1.0,,,,608
R26-122-19_HE_103_x004608_y013312,R26-122-19_HE_103,CCl4,unknown,2026-04-20_CCl4_HE,train,anchor,2.6387,58.62,4,4608,13312,512,1.0,,,,609
R25-264-12_x016384_y011264,R25-264-12,MASH,unknown,2025-08-25HE,test,upper,2.8107,83.98,3,16384,11264,512,1.0,,,,610
R25-264-1_x024576_y020992,R25-264-1,MASH,unknown,2025-08-25HE,train,anchor,,0.0,0,24576,20992,512,1.0,,,,611
R25-264-37_x019968_y020480,R25-264-37,MASH,unknown,2025-08-25HE,train,upper,4.6039,77.24,7,19968,20480,512,1.0,,,,612
R25-264-13_x015360_y019456__r2,R25-264-13,MASH,unknown,2025-08-25HE,train,anchor,0.9224,36.74,3,15360,19456,512,1.0,,,R25-264-13_x015360_y019456,613
R25-264-37_x029696_y009216,R25-264-37,MASH,unknown,2025-08-25HE,train,anchor,1.0566,14.83,3,29696,9216,512,1.0,,,,614
R25-264-37_x030720_y009216,R25-264-37,MASH,unknown,2025-08-25HE,train,upper,5.3452,85.93,4,30720,9216,512,1.0,,,,615
R25-264-13_x015872_y023040__r2,R25-264-13,MASH,unknown,2025-08-25HE,train,anchor,-0.3479,18.53,1,15872,23040,512,1.0,,,R25-264-13_x015872_y023040,616
R25-264-33_x019968_y017408,R25-264-33,MASH,unknown,2025-08-25HE,train,upper,4.2224,82.35,7,19968,17408,512,1.0,,,,617
R25-264-31_x007168_y016384,R25-264-31,MASH,unknown,2025-08-25HE,test,mid,3.0842,69.94,2,7168,16384,512,1.0,,,,618
R25-264-11_x014336_y012288,R25-264-11,MASH,unknown,2025-08-25HE,train,low,0.7169,29.68,3,14336,12288,512,1.0,,,,619
R25-264-13_x044544_y023040,R25-264-13,MASH,unknown,2025-08-25HE,train,high,4.7811,95.21,2,44544,23040,512,1.0,,,,620
R25-264-13_x022016_y023552,R25-264-13,MASH,unknown,2025-08-25HE,train,upper,3.4866,80.83,1,22016,23552,512,1.0,,,,621
R26-122-29_HE_82_x027136_y016384,R26-122-29_HE_82,CCl4,unknown,2026-04-20_CCl4_HE,test,upper,4.3564,79.44,3,27136,16384,512,1.0,,,,622
R25-264-30_x026112_y008192,R25-264-30,MASH,unknown,2025-08-25HE,train,low,,0.0,0,26112,8192,512,1.0,,,,623
R25-264-11_x039936_y011264,R25-264-11,MASH,unknown,2025-08-25HE,train,high,5.6854,92.9,7,39936,11264,512,1.0,,,,624
R25-264-37_x009728_y020992__r2,R25-264-37,MASH,unknown,2025-08-25HE,train,mid,2.8618,48.08,11,9728,20992,512,1.0,,,R25-264-37_x009728_y020992,625
R25-264-1_x031232_y020992,R25-264-1,MASH,unknown,2025-08-25HE,train,upper,1.8228,84.52,1,31232,20992,512,0.831,,,,626
R25-264-3_x040960_y020992,R25-264-3,MASH,unknown,2025-08-25HE,train,anchor,0.4831,27.03,1,40960,20992,512,1.0,,,,627
R25-264-36_x009216_y012288,R25-264-36,MASH,unknown,2025-08-25HE,train,low,,0.0,0,9216,12288,512,1.0,,,,628
R25-264-1_x005632_y024064,R25-264-1,MASH,unknown,2025-08-25HE,train,anchor,,0.0,0,5632,24064,512,1.0,,,,629
R25-264-33_x019456_y019968__r2,R25-264-33,MASH,unknown,2025-08-25HE,train,anchor,3.0852,68.24,2,19456,19968,512,1.0,,,R25-264-33_x019456_y019968,630
R25-264-34_x037376_y018432,R25-264-34,MASH,unknown,2025-08-25HE,train,anchor,4.839,96.94,2,37376,18432,512,1.0,,,,631
R25-264-10_x031232_y011776,R25-264-10,MASH,unknown,2025-08-25HE,test,upper,4.3729,84.66,3,31232,11776,512,1.0,,,,632
R25-264-32_x043008_y022016,R25-264-32,MASH,unknown,2025-08-25HE,test,mid,2.7543,69.58,3,43008,22016,512,1.0,,,,633
R26-122-1_HE_70_x026112_y009216,R26-122-1_HE_70,CCl4,unknown,2026-04-20_CCl4_HE,train,anchor,1.0356,14.54,5,26112,9216,512,1.0,,,,634
R25-264-37_x017920_y007680,R25-264-37,MASH,unknown,2025-08-25HE,train,low,-0.7196,2.81,2,17920,7680,512,1.0,,,,635
R25-264-35_x007168_y026112,R25-264-35,MASH,unknown,2025-08-25HE,test,upper,3.8848,75.97,3,7168,26112,512,1.0,,,,636
R25-264-12_x025600_y015360,R25-264-12,MASH,unknown,2025-08-25HE,test,upper,2.6897,80.52,1,25600,15360,512,1.0,,,,637
R25-264-11_x007680_y011776,R25-264-11,MASH,unknown,2025-08-25HE,train,mid,2.9773,65.81,4,7680,11776,512,1.0,,,,638
R25-264-34_x011264_y010752,R25-264-34,MASH,unknown,2025-08-25HE,train,upper,3.1856,85.02,6,11264,10752,512,1.0,,,,639
R25-264-11_x018432_y011264,R25-264-11,MASH,unknown,2025-08-25HE,train,anchor,-0.5312,17.1,3,18432,11264,512,1.0,,,,640
R26-122-26_HE_107_x010240_y017408,R26-122-26_HE_107,CCl4,unknown,2026-04-20_CCl4_HE,train,low,1.8331,21.51,4,10240,17408,512,1.0,,,,641
R25-264-10_x026624_y011264,R25-264-10,MASH,unknown,2025-08-25HE,test,high,6.4515,97.16,4,26624,11264,512,1.0,,,,642
R26-122-12_HE_81_x009728_y016384,R26-122-12_HE_81,CCl4,unknown,2026-04-20_CCl4_HE,train,anchor,2.3309,34.22,5,9728,16384,512,1.0,,,,643
R25-264-10_x029184_y016384,R25-264-10,MASH,unknown,2025-08-25HE,test,high,5.2436,92.05,3,29184,16384,512,1.0,,,,644
R26-122-38_HE_97_x017408_y015360,R26-122-38_HE_97,CCl4,unknown,2026-04-20_CCl4_HE,test,high,8.9561,98.9,11,17408,15360,512,0.9229,,,,645
R25-264-10_x032768_y015872,R25-264-10,MASH,unknown,2025-08-25HE,test,low,0.5127,19.89,1,32768,15872,512,1.0,,,,646
R26-122-1_HE_70_x009216_y018944,R26-122-1_HE_70,CCl4,unknown,2026-04-20_CCl4_HE,train,mid,2.0786,33.82,4,9216,18944,512,1.0,,,,647
R25-264-36_x008192_y007168,R25-264-36,MASH,unknown,2025-08-25HE,train,anchor,4.5224,83.19,4,8192,7168,512,1.0,,,,648
R25-264-30_x028160_y014336,R25-264-30,MASH,unknown,2025-08-25HE,train,low,-0.2689,23.32,2,28160,14336,512,1.0,,,,649
R25-264-1_x016896_y023040,R25-264-1,MASH,unknown,2025-08-25HE,train,upper,1.3478,77.98,1,16896,23040,512,1.0,,,,650
R25-264-30_x043520_y013824,R25-264-30,MASH,unknown,2025-08-25HE,train,low,-0.5056,20.16,2,43520,13824,512,1.0,,,,651
R26-122-1_HE_70_x015360_y013312,R26-122-1_HE_70,CCl4,unknown,2026-04-20_CCl4_HE,train,upper,4.7368,87.15,11,15360,13312,512,1.0,,,,652
R25-264-1_x019968_y023040,R25-264-1,MASH,unknown,2025-08-25HE,train,high,2.687,92.26,4,19968,23040,512,1.0,,,,653
R25-264-34_x035840_y010752,R25-264-34,MASH,unknown,2025-08-25HE,train,anchor,0.7966,39.45,2,35840,10752,512,1.0,,,,654
R26-122-34_HE_93_x006144_y013312,R26-122-34_HE_93,CCl4,unknown,2026-04-20_CCl4_HE,test,anchor,3.6005,69.02,7,6144,13312,512,1.0,,,,655
R25-264-13_x039936_y018432__r2,R25-264-13,MASH,unknown,2025-08-25HE,train,mid,0.8671,34.82,4,39936,18432,512,1.0,,,R25-264-13_x039936_y018432,656
R25-264-11_x031232_y012288,R25-264-11,MASH,unknown,2025-08-25HE,train,high,7.7383,98.71,1,31232,12288,512,1.0,,,,657
R25-264-34_x032256_y018944,R25-264-34,MASH,unknown,2025-08-25HE,train,high,6.737,99.69,4,32256,18944,512,1.0,,,,658
R25-264-30_x030720_y019968,R25-264-30,MASH,unknown,2025-08-25HE,train,mid,1.3121,49.8,3,30720,19968,512,1.0,,,,659
R26-122-6_HE_75_x018944_y018432,R26-122-6_HE_75,CCl4,unknown,2026-04-20_CCl4_HE,train,low,-0.686,4.62,2,18944,18432,512,1.0,,,,660
R25-264-13_x016896_y023552,R25-264-13,MASH,unknown,2025-08-25HE,train,upper,3.2727,76.68,1,16896,23552,512,1.0,,,,661
R25-264-10_x007680_y022528,R25-264-10,MASH,unknown,2025-08-25HE,test,mid,2.823,55.4,1,7680,22528,512,1.0,,,,662
R26-122-6_HE_75_x026112_y018944,R26-122-6_HE_75,CCl4,unknown,2026-04-20_CCl4_HE,train,high,6.3212,98.27,3,26112,18944,512,1.0,,,,663
R25-264-32_x041984_y022016,R25-264-32,MASH,unknown,2025-08-25HE,test,anchor,5.6511,96.2,1,41984,22016,512,1.0,,,,664
R25-264-3_x045568_y006656,R25-264-3,MASH,unknown,2025-08-25HE,train,high,4.9651,93.58,4,45568,6656,512,1.0,,,,665
R25-264-11_x027648_y026112,R25-264-11,MASH,unknown,2025-08-25HE,train,anchor,2.689,58.71,5,27648,26112,512,1.0,,,,666
R25-264-10_x004608_y016896,R25-264-10,MASH,unknown,2025-08-25HE,test,high,5.5548,94.89,7,4608,16896,512,1.0,,,,667
R26-122-15_HE_85_x022016_y009216,R26-122-15_HE_85,CCl4,unknown,2026-04-20_CCl4_HE,train,anchor,4.0288,60.22,6,22016,9216,512,1.0,,,,668
R26-122-9_HE_78_x011776_y011776,R26-122-9_HE_78,CCl4,unknown,2026-04-20_CCl4_HE,test,high,5.3736,95.68,9,11776,11776,512,1.0,,,,669
R25-264-36_x011776_y020992,R25-264-36,MASH,unknown,2025-08-25HE,train,anchor,3.3729,62.75,4,11776,20992,512,1.0,,,,670
R25-264-10_x026112_y021504,R25-264-10,MASH,unknown,2025-08-25HE,test,mid,3.5274,69.6,5,26112,21504,512,1.0,,,,671
R25-264-1_x030720_y023552,R25-264-1,MASH,unknown,2025-08-25HE,train,low,,0.0,0,30720,23552,512,1.0,,,,672
R26-122-1_HE_70_x022016_y006144,R26-122-1_HE_70,CCl4,unknown,2026-04-20_CCl4_HE,train,high,5.3051,92.9,5,22016,6144,512,1.0,,,,673
R25-264-3_x017408_y027648,R25-264-3,MASH,unknown,2025-08-25HE,train,anchor,,0.0,0,17408,27648,512,1.0,,,,674
R25-264-1_x011264_y023040,R25-264-1,MASH,unknown,2025-08-25HE,train,low,-3.162,9.52,1,11264,23040,512,1.0,,,,675
R25-264-13_x032256_y011264,R25-264-13,MASH,unknown,2025-08-25HE,train,mid,1.3701,43.77,1,32256,11264,512,1.0,,,,676
R25-264-11_x025600_y026624,R25-264-11,MASH,unknown,2025-08-25HE,train,high,5.2301,90.97,2,25600,26624,512,1.0,,,,677
R25-264-36_x024064_y007168,R25-264-36,MASH,unknown,2025-08-25HE,train,high,5.4761,93.28,6,24064,7168,512,1.0,,,,678
R25-264-31_x023040_y019968,R25-264-31,MASH,unknown,2025-08-25HE,test,high,7.8722,99.39,2,23040,19968,512,1.0,,,,679
R25-264-30_x041472_y026112,R25-264-30,MASH,unknown,2025-08-25HE,train,mid,2.0236,59.29,2,41472,26112,512,1.0,,,,680
R25-264-13_x030208_y018432,R25-264-13,MASH,unknown,2025-08-25HE,train,upper,3.8226,86.26,1,30208,18432,512,1.0,,,,681
R25-264-37_x010752_y020480,R25-264-37,MASH,unknown,2025-08-25HE,train,anchor,4.7462,79.03,6,10752,20480,512,1.0,,,,682
R25-264-3_x023552_y020992,R25-264-3,MASH,unknown,2025-08-25HE,train,high,6.2024,97.3,5,23552,20992,512,1.0,,,,683
R26-122-2_HE_71_x003584_y012800,R26-122-2_HE_71,CCl4,unknown,2026-04-20_CCl4_HE,train,anchor,5.224,96.27,5,3584,12800,512,1.0,,,,684
R25-264-36_x033280_y011776,R25-264-36,MASH,unknown,2025-08-25HE,train,mid,2.8365,50.7,2,33280,11776,512,1.0,,,,685
R26-122-12_HE_81_x021504_y008192,R26-122-12_HE_81,CCl4,unknown,2026-04-20_CCl4_HE,train,high,5.5722,90.37,6,21504,8192,512,1.0,,,,686
R25-264-35_x004608_y026112,R25-264-35,MASH,unknown,2025-08-25HE,test,upper,3.7732,74.59,2,4608,26112,512,1.0,,,,687
R25-264-10_x010240_y022016__r2,R25-264-10,MASH,unknown,2025-08-25HE,test,upper,3.9927,79.26,6,10240,22016,512,1.0,,,R25-264-10_x010240_y022016,688
R25-264-31_x030720_y016384,R25-264-31,MASH,unknown,2025-08-25HE,test,anchor,-3.2877,2.45,1,30720,16384,512,1.0,,,,689
R26-122-29_HE_82_x014336_y011264,R26-122-29_HE_82,CCl4,unknown,2026-04-20_CCl4_HE,test,high,7.25,100.0,10,14336,11264,512,1.0,,,,690
R25-264-12_x015360_y014848,R25-264-12,MASH,unknown,2025-08-25HE,test,low,,0.0,0,15360,14848,512,1.0,,,,691
R25-264-13_x035840_y023040,R25-264-13,MASH,unknown,2025-08-25HE,train,high,9.2559,100.0,5,35840,23040,512,1.0,,,,692
R25-264-37_x018944_y010240__r2,R25-264-37,MASH,unknown,2025-08-25HE,train,low,0.9527,14.07,4,18944,10240,512,1.0,,,R25-264-37_x018944_y010240,693
R25-264-37_x031232_y020480,R25-264-37,MASH,unknown,2025-08-25HE,train,high,5.8664,91.56,6,31232,20480,512,1.0,,,,694
R26-122-15_HE_85_x017920_y014336,R26-122-15_HE_85,CCl4,unknown,2026-04-20_CCl4_HE,train,low,-1.3033,1.61,1,17920,14336,512,0.8108,,,,695
R25-264-37_x026112_y007680,R25-264-37,MASH,unknown,2025-08-25HE,train,low,1.6422,21.99,4,26112,7680,512,1.0,,,,696
R25-264-31_x016896_y016384,R25-264-31,MASH,unknown,2025-08-25HE,test,high,4.7535,90.18,3,16896,16384,512,1.0,,,,697
R25-264-12_x034304_y010752,R25-264-12,MASH,unknown,2025-08-25HE,test,upper,2.4298,78.35,3,34304,10752,512,1.0,,,,698
R25-264-3_x034816_y020992,R25-264-3,MASH,unknown,2025-08-25HE,train,mid,0.9562,34.12,6,34816,20992,512,1.0,,,,699
R25-264-13_x041472_y018944,R25-264-13,MASH,unknown,2025-08-25HE,train,low,,0.0,0,41472,18944,512,1.0,,,,700
R25-264-12_x038912_y021504,R25-264-12,MASH,unknown,2025-08-25HE,test,anchor,,0.0,0,38912,21504,512,1.0,,,,701
R25-264-1_x016896_y021504,R25-264-1,MASH,unknown,2025-08-25HE,train,high,2.4339,90.48,1,16896,21504,512,1.0,,,,702
R25-264-37_x024064_y008704,R25-264-37,MASH,unknown,2025-08-25HE,train,anchor,4.3749,73.66,8,24064,8704,512,1.0,,,,703
R26-122-3_HE_72_x011264_y015872,R26-122-3_HE_72,CCl4,unknown,2026-04-20_CCl4_HE,train,anchor,2.8702,58.43,3,11264,15872,512,1.0,,,,704
R26-122-31_HE_98_x023040_y009728,R26-122-31_HE_98,CCl4,unknown,2026-04-20_CCl4_HE,test,anchor,1.9399,51.93,1,23040,9728,512,1.0,,,,705
R26-122-2_HE_71_x017408_y012800,R26-122-2_HE_71,CCl4,unknown,2026-04-20_CCl4_HE,train,anchor,1.1564,19.4,4,17408,12800,512,1.0,,,,706
R25-264-36_x008192_y016384__r2,R25-264-36,MASH,unknown,2025-08-25HE,train,upper,4.6685,85.15,6,8192,16384,512,1.0,,,R25-264-36_x008192_y016384,707
R25-264-35_x020480_y009728,R25-264-35,MASH,unknown,2025-08-25HE,test,high,5.5682,93.92,4,20480,9728,512,1.0,,,,708
R25-264-12_x025088_y022016,R25-264-12,MASH,unknown,2025-08-25HE,test,high,3.6946,93.07,5,25088,22016,512,1.0,,,,709
R25-264-33_x025600_y015360,R25-264-33,MASH,unknown,2025-08-25HE,train,high,5.8275,96.76,4,25600,15360,512,1.0,,,,710
R25-264-3_x010752_y014848__r2,R25-264-3,MASH,unknown,2025-08-25HE,train,low,-1.9188,4.73,1,10752,14848,512,1.0,,,R25-264-3_x010752_y014848,711
R25-264-36_x007168_y007168,R25-264-36,MASH,unknown,2025-08-25HE,train,mid,2.1233,35.57,2,7168,7168,512,1.0,,,,712
R25-264-33_x011776_y018432,R25-264-33,MASH,unknown,2025-08-25HE,train,anchor,,0.0,0,11776,18432,512,1.0,,,,713
R26-122-1_HE_70_x018944_y014848__r2,R26-122-1_HE_70,CCl4,unknown,2026-04-20_CCl4_HE,train,upper,4.6864,86.58,10,18944,14848,512,1.0,,,R26-122-1_HE_70_x018944_y014848,714
R26-122-26_HE_107_x014336_y011264,R26-122-26_HE_107,CCl4,unknown,2026-04-20_CCl4_HE,train,low,2.0129,26.34,3,14336,11264,512,1.0,,,,715
R25-264-12_x040960_y022016,R25-264-12,MASH,unknown,2025-08-25HE,test,anchor,2.363,77.06,2,40960,22016,512,0.9954,,,,716
R26-122-6_HE_75_x007680_y011264,R26-122-6_HE_75,CCl4,unknown,2026-04-20_CCl4_HE,train,anchor,3.6652,71.68,4,7680,11264,512,1.0,,,,717
R26-122-1_HE_70_x010752_y013824,R26-122-1_HE_70,CCl4,unknown,2026-04-20_CCl4_HE,train,anchor,2.4227,41.6,6,10752,13824,512,1.0,,,,718
R26-122-9_HE_78_x006144_y011264,R26-122-9_HE_78,CCl4,unknown,2026-04-20_CCl4_HE,test,low,1.5871,23.24,5,6144,11264,512,0.9963,,,,719
R25-264-3_x019968_y020992,R25-264-3,MASH,unknown,2025-08-25HE,train,low,0.1331,22.64,1,19968,20992,512,1.0,,,,720
R25-264-1_x017920_y023040,R25-264-1,MASH,unknown,2025-08-25HE,train,anchor,-1.0575,33.33,4,17920,23040,512,1.0,,,,721
R25-264-31_x027136_y009728,R25-264-31,MASH,unknown,2025-08-25HE,test,mid,1.2839,34.66,2,27136,9728,512,1.0,,,,722
R25-264-1_x026112_y023040,R25-264-1,MASH,unknown,2025-08-25HE,train,anchor,,0.0,0,26112,23040,512,1.0,,,,723
R25-264-11_x016384_y027136,R25-264-11,MASH,unknown,2025-08-25HE,train,low,0.4336,25.48,2,16384,27136,512,1.0,,,,724
R26-122-12_HE_81_x005632_y016384,R26-122-12_HE_81,CCl4,unknown,2026-04-20_CCl4_HE,train,anchor,2.3118,32.62,9,5632,16384,512,1.0,,,,725
R25-264-11_x017920_y012288,R25-264-11,MASH,unknown,2025-08-25HE,train,mid,1.5009,38.06,1,17920,12288,512,1.0,,,,726
R26-122-2_HE_71_x007168_y010240__r2,R26-122-2_HE_71,CCl4,unknown,2026-04-20_CCl4_HE,train,low,,0.0,0,7168,10240,512,1.0,,,R26-122-2_HE_71_x007168_y010240,727
R25-264-36_x007168_y016384,R25-264-36,MASH,unknown,2025-08-25HE,train,high,9.5575,99.44,4,7168,16384,512,1.0,,,,728
R25-264-36_x031232_y007168,R25-264-36,MASH,unknown,2025-08-25HE,train,mid,3.2725,61.06,3,31232,7168,512,1.0,,,,729
R25-264-31_x027648_y015360,R25-264-31,MASH,unknown,2025-08-25HE,test,high,4.9333,90.49,1,27648,15360,512,1.0,,,,730
R25-264-1_x006656_y020992,R25-264-1,MASH,unknown,2025-08-25HE,train,upper,2.1402,87.5,4,6656,20992,512,1.0,,,,731
R26-122-34_HE_93_x005120_y008704,R26-122-34_HE_93,CCl4,unknown,2026-04-20_CCl4_HE,test,low,1.2416,15.76,3,5120,8704,512,1.0,,,,732
R26-122-3_HE_72_x011264_y010240,R26-122-3_HE_72,CCl4,unknown,2026-04-20_CCl4_HE,train,mid,3.1063,64.04,2,11264,10240,512,1.0,,,,733
R25-264-36_x012288_y012288,R25-264-36,MASH,unknown,2025-08-25HE,train,upper,4.2948,79.55,10,12288,12288,512,1.0,,,,734
R25-264-37_x025600_y009216,R25-264-37,MASH,unknown,2025-08-25HE,train,upper,4.1602,70.84,1,25600,9216,512,1.0,,,,735
R25-264-33_x012288_y019968,R25-264-33,MASH,unknown,2025-08-25HE,train,anchor,2.77,61.47,4,12288,19968,512,1.0,,,,736
R25-264-3_x030208_y027648,R25-264-3,MASH,unknown,2025-08-25HE,train,high,4.6664,90.2,3,30208,27648,512,1.0,,,,737
R25-264-37_x024064_y007680,R25-264-37,MASH,unknown,2025-08-25HE,train,mid,2.6453,40.92,5,24064,7680,512,1.0,,,,738
R26-122-6_HE_75_x022016_y018432,R26-122-6_HE_75,CCl4,unknown,2026-04-20_CCl4_HE,train,high,4.9095,90.75,3,22016,18432,512,1.0,,,,739
R25-264-36_x022528_y007168,R25-264-36,MASH,unknown,2025-08-25HE,train,anchor,,0.0,0,22528,7168,512,1.0,,,,740
R25-264-13_x026624_y023040,R25-264-13,MASH,unknown,2025-08-25HE,train,mid,1.3746,44.41,1,26624,23040,512,1.0,,,,741
R25-264-13_x027648_y023040,R25-264-13,MASH,unknown,2025-08-25HE,train,high,4.3272,90.42,4,27648,23040,512,1.0,,,,742
R26-122-15_HE_85_x011264_y014336,R26-122-15_HE_85,CCl4,unknown,2026-04-20_CCl4_HE,train,mid,4.0069,59.14,5,11264,14336,512,1.0,,,,743
R25-264-35_x007168_y015360,R25-264-35,MASH,unknown,2025-08-25HE,test,high,5.3121,91.44,3,7168,15360,512,1.0,,,,744
R25-264-36_x036864_y015872,R25-264-36,MASH,unknown,2025-08-25HE,train,mid,3.2003,59.66,3,36864,15872,512,1.0,,,,745
R25-264-1_x007680_y024064,R25-264-1,MASH,unknown,2025-08-25HE,train,low,,0.0,0,7680,24064,512,1.0,,,,746
R26-122-6_HE_75_x012800_y010240,R26-122-6_HE_75,CCl4,unknown,2026-04-20_CCl4_HE,train,upper,3.69,72.83,6,12800,10240,512,1.0,,,,747
R26-122-12_HE_81_x012288_y016896__r2,R26-122-12_HE_81,CCl4,unknown,2026-04-20_CCl4_HE,train,mid,3.8045,63.1,9,12288,16896,512,1.0,,,R26-122-12_HE_81_x012288_y016896,748
R25-264-3_x033792_y020992,R25-264-3,MASH,unknown,2025-08-25HE,train,high,7.3419,99.32,3,33792,20992,512,1.0,,,,749
R26-122-6_HE_75_x003584_y011264,R26-122-6_HE_75,CCl4,unknown,2026-04-20_CCl4_HE,train,low,1.584,26.01,7,3584,11264,512,0.8264,,,,750
R25-264-13_x038400_y023040,R25-264-13,MASH,unknown,2025-08-25HE,train,high,4.5904,93.61,2,38400,23040,512,1.0,,,,751
R25-264-12_x015360_y011264,R25-264-12,MASH,unknown,2025-08-25HE,test,anchor,2.2791,75.76,1,15360,11264,512,1.0,,,,752
R25-264-33_x008192_y015360,R25-264-33,MASH,unknown,2025-08-25HE,train,high,5.9968,97.06,2,8192,15360,512,1.0,,,,753
R25-264-34_x026112_y018432,R25-264-34,MASH,unknown,2025-08-25HE,train,anchor,,0.0,0,26112,18432,512,1.0,,,,754
R26-122-34_HE_93_x010752_y007680,R26-122-34_HE_93,CCl4,unknown,2026-04-20_CCl4_HE,test,anchor,0.144,6.52,4,10752,7680,512,1.0,,,,755
R25-264-3_x028672_y014336,R25-264-3,MASH,unknown,2025-08-25HE,train,upper,3.1408,73.31,2,28672,14336,512,1.0,,,,756
R25-264-37_x018944_y008192,R25-264-37,MASH,unknown,2025-08-25HE,train,anchor,3.2753,56.52,6,18944,8192,512,1.0,,,,757
R25-264-11_x028672_y026112,R25-264-11,MASH,unknown,2025-08-25HE,train,low,0.2565,23.23,2,28672,26112,512,1.0,,,,758
R25-264-31_x021504_y010240,R25-264-31,MASH,unknown,2025-08-25HE,test,low,,0.0,0,21504,10240,512,1.0,,,,759
R26-122-10_HE_79_x016384_y008704,R26-122-10_HE_79,CCl4,unknown,2026-04-20_CCl4_HE,train,low,,0.0,0,16384,8704,512,1.0,,,,760
R25-264-31_x015872_y016896,R25-264-31,MASH,unknown,2025-08-25HE,test,anchor,,0.0,0,15872,16896,512,1.0,,,,761
R25-264-10_x028160_y011264,R25-264-10,MASH,unknown,2025-08-25HE,test,mid,1.5406,32.39,1,28160,11264,512,1.0,,,,762
R25-264-32_x010752_y022528,R25-264-32,MASH,unknown,2025-08-25HE,test,anchor,3.8441,84.79,1,10752,22528,512,1.0,,,,763
R25-264-34_x008704_y009728,R25-264-34,MASH,unknown,2025-08-25HE,train,upper,2.7143,77.68,4,8704,9728,512,1.0,,,,764
R25-264-12_x031744_y015360__r2,R25-264-12,MASH,unknown,2025-08-25HE,test,anchor,-0.4738,33.77,1,31744,15360,512,1.0,,,R25-264-12_x031744_y015360,765
R25-264-3_x015872_y007680,R25-264-3,MASH,unknown,2025-08-25HE,train,anchor,-1.3324,7.09,2,15872,7680,512,1.0,,,,766
R25-264-13_x030208_y023040,R25-264-13,MASH,unknown,2025-08-25HE,train,low,,0.0,0,30208,23040,512,1.0,,,,767
R25-264-3_x030208_y014336,R25-264-3,MASH,unknown,2025-08-25HE,train,anchor,0.0054,18.92,2,30208,14336,512,1.0,,,,768
R25-264-1_x007680_y021504,R25-264-1,MASH,unknown,2025-08-25HE,train,anchor,,0.0,0,7680,21504,512,1.0,,,,769
R25-264-30_x012288_y026624,R25-264-30,MASH,unknown,2025-08-25HE,train,mid,1.7316,56.52,2,12288,26624,512,1.0,,,,770
R25-264-10_x017920_y021504,R25-264-10,MASH,unknown,2025-08-25HE,test,high,9.6897,99.72,4,17920,21504,512,1.0,,,,771
R25-264-35_x007680_y019968,R25-264-35,MASH,unknown,2025-08-25HE,test,high,6.0168,96.41,4,7680,19968,512,1.0,,,,772
R25-264-10_x026112_y016384__r2,R25-264-10,MASH,unknown,2025-08-25HE,test,anchor,3.2949,65.34,2,26112,16384,512,1.0,,,R25-264-10_x026112_y016384,773
R25-264-33_x008192_y007680,R25-264-33,MASH,unknown,2025-08-25HE,train,low,0.7485,18.53,2,8192,7680,512,1.0,,,,774
R25-264-33_x007168_y007680,R25-264-33,MASH,unknown,2025-08-25HE,train,anchor,5.1496,92.06,2,7168,7680,512,1.0,,,,775
R26-122-1_HE_70_x022528_y018944,R26-122-1_HE_70,CCl4,unknown,2026-04-20_CCl4_HE,train,low,1.6914,26.38,2,22528,18944,512,1.0,,,,776
R25-264-34_x020992_y018944,R25-264-34,MASH,unknown,2025-08-25HE,train,high,5.29,98.47,2,20992,18944,512,1.0,,,,777
R25-264-3_x032768_y027648,R25-264-3,MASH,unknown,2025-08-25HE,train,high,5.213,94.93,6,32768,27648,512,1.0,,,,778
R26-122-17_HE_101_x026112_y017408,R26-122-17_HE_101,CCl4,unknown,2026-04-20_CCl4_HE,train,anchor,4.6783,84.67,4,26112,17408,512,1.0,,,,779
R25-264-3_x016896_y007168,R25-264-3,MASH,unknown,2025-08-25HE,train,mid,1.5484,45.95,3,16896,7168,512,1.0,,,,780
R26-122-23_HE_91_x010240_y015360,R26-122-23_HE_91,CCl4,unknown,2026-04-20_CCl4_HE,train,low,-5.5369,0.36,2,10240,15360,512,1.0,,,,781
R25-264-33_x010240_y018432,R25-264-33,MASH,unknown,2025-08-25HE,train,anchor,0.6457,17.35,2,10240,18432,512,1.0,,,,782
R25-264-31_x032256_y019968,R25-264-31,MASH,unknown,2025-08-25HE,test,high,7.6972,98.77,4,32256,19968,512,1.0,,,,783
R25-264-36_x030208_y006656,R25-264-36,MASH,unknown,2025-08-25HE,train,low,-1.6543,3.64,1,30208,6656,512,1.0,,,,784
R26-122-34_HE_93_x006144_y013312__r2,R26-122-34_HE_93,CCl4,unknown,2026-04-20_CCl4_HE,test,anchor,3.6005,69.02,7,6144,13312,512,1.0,,,R26-122-34_HE_93_x006144_y013312,785
R25-264-37_x015872_y010240,R25-264-37,MASH,unknown,2025-08-25HE,train,high,6.9277,96.42,6,15872,10240,512,1.0,,,,786
R25-264-30_x018432_y008192,R25-264-30,MASH,unknown,2025-08-25HE,train,upper,4.3851,89.33,2,18432,8192,512,1.0,,,,787
R26-122-9_HE_78_x012800_y019968,R26-122-9_HE_78,CCl4,unknown,2026-04-20_CCl4_HE,test,mid,2.0747,34.59,6,12800,19968,512,1.0,,,,788
R25-264-1_x021504_y023040,R25-264-1,MASH,unknown,2025-08-25HE,train,low,,0.0,0,21504,23040,512,1.0,,,,789
R25-264-31_x012288_y016896,R25-264-31,MASH,unknown,2025-08-25HE,test,mid,1.0674,31.6,1,12288,16896,512,1.0,,,,790
R25-264-36_x013824_y012288,R25-264-36,MASH,unknown,2025-08-25HE,train,mid,3.3081,61.34,5,13824,12288,512,1.0,,,,791
R25-264-3_x013312_y028160,R25-264-3,MASH,unknown,2025-08-25HE,train,upper,4.5115,88.51,2,13312,28160,512,1.0,,,,792
R25-264-36_x022016_y016384,R25-264-36,MASH,unknown,2025-08-25HE,train,low,,0.0,0,22016,16384,512,1.0,,,,793
R26-122-10_HE_79_x006656_y010240,R26-122-10_HE_79,CCl4,unknown,2026-04-20_CCl4_HE,train,low,-0.6358,4.74,1,6656,10240,512,1.0,,,,794
R25-264-33_x015872_y019456,R25-264-33,MASH,unknown,2025-08-25HE,train,high,4.9724,90.59,3,15872,19456,512,1.0,,,,795
R26-122-6_HE_75_x018432_y009728,R26-122-6_HE_75,CCl4,unknown,2026-04-20_CCl4_HE,train,mid,2.2336,39.88,4,18432,9728,512,1.0,,,,796
R25-264-35_x035328_y019456,R25-264-35,MASH,unknown,2025-08-25HE,test,high,5.3593,92.27,2,35328,19456,512,1.0,,,,797
R26-122-23_HE_91_x024576_y014336,R26-122-23_HE_91,CCl4,unknown,2026-04-20_CCl4_HE,train,mid,2.0904,30.55,4,24576,14336,512,0.9752,,,,798
R25-264-36_x022528_y020992,R25-264-36,MASH,unknown,2025-08-25HE,train,upper,3.8456,70.59,4,22528,20992,512,1.0,,,,799
R25-264-3_x048128_y014336,R25-264-3,MASH,unknown,2025-08-25HE,train,upper,4.1892,86.49,3,48128,14336,512,0.9522,,,,800
R25-264-11_x030208_y011776,R25-264-11,MASH,unknown,2025-08-25HE,train,high,5.2665,91.29,4,30208,11776,512,0.9302,,,,801
R25-264-32_x026112_y019456,R25-264-32,MASH,unknown,2025-08-25HE,test,mid,1.5905,49.43,1,26112,19456,512,1.0,,,,802
R25-264-1_x023552_y022528,R25-264-1,MASH,unknown,2025-08-25HE,train,upper,1.5466,79.17,1,23552,22528,512,1.0,,,,803
R26-122-9_HE_78_x010752_y019456,R26-122-9_HE_78,CCl4,unknown,2026-04-20_CCl4_HE,test,anchor,2.7308,47.03,1,10752,19456,512,0.9881,,,,804
R25-264-10_x022528_y021504,R25-264-10,MASH,unknown,2025-08-25HE,test,upper,4.834,89.2,2,22528,21504,512,1.0,,,,805
R25-264-34_x014848_y010240,R25-264-34,MASH,unknown,2025-08-25HE,train,anchor,0.2709,26.61,1,14848,10240,512,1.0,,,,806
R25-264-32_x044032_y022016,R25-264-32,MASH,unknown,2025-08-25HE,test,high,4.5264,92.02,4,44032,22016,512,1.0,,,,807
R26-122-29_HE_82_x006144_y017408,R26-122-29_HE_82,CCl4,unknown,2026-04-20_CCl4_HE,test,anchor,4.333,78.33,5,6144,17408,512,1.0,,,,808
R26-122-19_HE_103_x021504_y013312,R26-122-19_HE_103,CCl4,unknown,2026-04-20_CCl4_HE,train,high,6.7379,100.0,4,21504,13312,512,0.978,,,,809
R25-264-30_x012288_y008192,R25-264-30,MASH,unknown,2025-08-25HE,train,mid,1.5973,54.94,2,12288,8192,512,1.0,,,,810
R26-122-23_HE_91_x016896_y015360,R26-122-23_HE_91,CCl4,unknown,2026-04-20_CCl4_HE,train,upper,4.1161,76.73,4,16896,15360,512,1.0,,,,811
R25-264-36_x014848_y016896,R25-264-36,MASH,unknown,2025-08-25HE,train,high,5.3073,91.6,4,14848,16896,512,1.0,,,,812
R25-264-3_x048128_y027648,R25-264-3,MASH,unknown,2025-08-25HE,train,low,,0.0,0,48128,27648,512,1.0,,,,813
R25-264-13_x016384_y011776,R25-264-13,MASH,unknown,2025-08-25HE,train,low,-1.886,5.75,1,16384,11776,512,1.0,,,,814
R25-264-31_x015360_y009728__r2,R25-264-31,MASH,unknown,2025-08-25HE,test,low,,0.0,0,15360,9728,512,1.0,,,R25-264-31_x015360_y009728,815
R25-264-32_x030720_y010752,R25-264-32,MASH,unknown,2025-08-25HE,test,upper,3.1993,75.67,4,30720,10752,512,1.0,,,,816
R25-264-3_x032768_y014336,R25-264-3,MASH,unknown,2025-08-25HE,train,low,,0.0,0,32768,14336,512,1.0,,,,817
R25-264-37_x033280_y008192,R25-264-37,MASH,unknown,2025-08-25HE,train,anchor,2.6995,42.97,1,33280,8192,512,1.0,,,,818
R25-264-35_x019456_y019456,R25-264-35,MASH,unknown,2025-08-25HE,test,anchor,1.7406,34.53,5,19456,19456,512,1.0,,,,819
R25-264-32_x018944_y022528__r2,R25-264-32,MASH,unknown,2025-08-25HE,test,high,5.1314,95.44,1,18944,22528,512,1.0,,,R25-264-32_x018944_y022528,820
R25-264-35_x030720_y019968,R25-264-35,MASH,unknown,2025-08-25HE,test,anchor,-1.0586,4.14,1,30720,19968,512,1.0,,,,821
R25-264-32_x008192_y022528,R25-264-32,MASH,unknown,2025-08-25HE,test,anchor,1.348,44.11,3,8192,22528,512,0.8815,,,,822
R25-264-3_x027648_y014336,R25-264-3,MASH,unknown,2025-08-25HE,train,high,6.7694,97.97,11,27648,14336,512,1.0,,,,823
R26-122-34_HE_93_x019456_y012288,R26-122-34_HE_93,CCl4,unknown,2026-04-20_CCl4_HE,test,high,5.6773,95.11,3,19456,12288,512,1.0,,,,824
R25-264-37_x034816_y010240,R25-264-37,MASH,unknown,2025-08-25HE,train,anchor,3.6026,62.4,4,34816,10240,512,1.0,,,,825
R25-264-32_x017408_y022528,R25-264-32,MASH,unknown,2025-08-25HE,test,upper,3.9949,86.69,1,17408,22528,512,1.0,,,,826
R25-264-34_x024576_y011264,R25-264-34,MASH,unknown,2025-08-25HE,train,anchor,1.0341,44.95,1,24576,11264,512,1.0,,,,827
R25-264-37_x018944_y009216,R25-264-37,MASH,unknown,2025-08-25HE,train,high,6.7894,95.65,4,18944,9216,512,1.0,,,,828
R25-264-34_x017408_y009728__r2,R25-264-34,MASH,unknown,2025-08-25HE,train,low,,0.0,0,17408,9728,512,1.0,,,R25-264-34_x017408_y009728,829
R25-264-30_x015360_y026624,R25-264-30,MASH,unknown,2025-08-25HE,train,low,,0.0,0,15360,26624,512,1.0,,,,830
R25-264-37_x032768_y007168__r2,R25-264-37,MASH,unknown,2025-08-25HE,train,low,-0.7852,2.56,4,32768,7168,512,1.0,,,R25-264-37_x032768_y007168,831
R25-264-3_x012288_y028160,R25-264-3,MASH,unknown,2025-08-25HE,train,anchor,,0.0,0,12288,28160,512,1.0,,,,832
R25-264-11_x003584_y011776,R25-264-11,MASH,unknown,2025-08-25HE,train,high,5.9639,94.19,2,3584,11776,512,1.0,,,,833
R25-264-37_x026112_y020480,R25-264-37,MASH,unknown,2025-08-25HE,train,high,9.1007,99.74,9,26112,20480,512,1.0,,,,834
R26-122-9_HE_78_x006144_y019456,R26-122-9_HE_78,CCl4,unknown,2026-04-20_CCl4_HE,test,anchor,2.8141,48.11,7,6144,19456,512,1.0,,,,835
R25-264-37_x017920_y008704,R25-264-37,MASH,unknown,2025-08-25HE,train,low,1.4974,19.44,4,17920,8704,512,1.0,,,,836
R25-264-33_x019968_y007168,R25-264-33,MASH,unknown,2025-08-25HE,train,mid,2.6633,57.94,1,19968,7168,512,1.0,,,,837
R25-264-35_x031744_y015360,R25-264-35,MASH,unknown,2025-08-25HE,test,anchor,2.7393,54.97,3,31744,15360,512,1.0,,,,838
R25-264-37_x015360_y008704,R25-264-37,MASH,unknown,2025-08-25HE,train,anchor,2.0636,28.13,2,15360,8704,512,1.0,,,,839
R25-264-33_x035328_y014848,R25-264-33,MASH,unknown,2025-08-25HE,train,low,0.5592,16.76,1,35328,14848,512,1.0,,,,840
R25-264-30_x036864_y008192,R25-264-30,MASH,unknown,2025-08-25HE,train,anchor,,0.0,0,36864,8192,512,1.0,,,,841
R26-122-15_HE_85_x023552_y014848,R26-122-15_HE_85,CCl4,unknown,2026-04-20_CCl4_HE,train,upper,5.1628,80.65,3,23552,14848,512,1.0,,,,842
R25-264-34_x034304_y009728,R25-264-34,MASH,unknown,2025-08-25HE,train,anchor,-0.7582,14.98,1,34304,9728,512,1.0,,,,843
R25-264-1_x032256_y023552,R25-264-1,MASH,unknown,2025-08-25HE,train,high,3.6476,98.81,1,32256,23552,512,1.0,,,,844
R25-264-3_x045568_y027648,R25-264-3,MASH,unknown,2025-08-25HE,train,anchor,,0.0,0,45568,27648,512,1.0,,,,845
R25-264-31_x006144_y017408,R25-264-31,MASH,unknown,2025-08-25HE,test,upper,3.2852,71.78,2,6144,17408,512,1.0,,,,846
R25-264-32_x022016_y022016__r2,R25-264-32,MASH,unknown,2025-08-25HE,test,high,5.9659,97.72,2,22016,22016,512,1.0,,,R25-264-32_x022016_y022016,847
R25-264-35_x020480_y026112,R25-264-35,MASH,unknown,2025-08-25HE,test,upper,4.374,82.6,3,20480,26112,512,1.0,,,,848
R25-264-36_x009216_y007168,R25-264-36,MASH,unknown,2025-08-25HE,train,high,5.5877,93.84,3,9216,7168,512,1.0,,,,849
R25-264-1_x028672_y020480,R25-264-1,MASH,unknown,2025-08-25HE,train,mid,0.3784,62.5,3,28672,20480,512,1.0,,,,850
R25-264-32_x013824_y019456,R25-264-32,MASH,unknown,2025-08-25HE,test,upper,3.0595,74.14,3,13824,19456,512,1.0,,,,851
R26-122-31_HE_98_x020992_y018944,R26-122-31_HE_98,CCl4,unknown,2026-04-20_CCl4_HE,test,anchor,0.6855,20.44,5,20992,18944,512,1.0,,,,852
R26-122-34_HE_93_x016896_y007680,R26-122-34_HE_93,CCl4,unknown,2026-04-20_CCl4_HE,test,upper,4.5127,80.98,9,16896,7680,512,0.9238,,,,853
R25-264-3_x012800_y007680__r2,R25-264-3,MASH,unknown,2025-08-25HE,train,anchor,,0.0,0,12800,7680,512,1.0,,,R25-264-3_x012800_y007680,854
R25-264-35_x014848_y026112,R25-264-35,MASH,unknown,2025-08-25HE,test,anchor,2.3558,47.51,3,14848,26112,512,1.0,,,,855
R26-122-23_HE_91_x007680_y014848__r2,R26-122-23_HE_91,CCl4,unknown,2026-04-20_CCl4_HE,train,anchor,4.9515,89.45,5,7680,14848,512,1.0,,,R26-122-23_HE_91_x007680_y014848,856
R26-122-19_HE_103_x010752_y013312,R26-122-19_HE_103,CCl4,unknown,2026-04-20_CCl4_HE,train,high,5.1659,95.98,5,10752,13312,512,1.0,,,,857
R25-264-12_x030208_y014848,R25-264-12,MASH,unknown,2025-08-25HE,test,high,4.8252,98.27,2,30208,14848,512,1.0,,,,858
R25-264-34_x015360_y018944,R25-264-34,MASH,unknown,2025-08-25HE,train,anchor,,0.0,0,15360,18944,512,1.0,,,,859
R25-264-31_x011776_y019968,R25-264-31,MASH,unknown,2025-08-25HE,test,low,,0.0,0,11776,19968,512,1.0,,,,860
R25-264-1_x015360_y023040,R25-264-1,MASH,unknown,2025-08-25HE,train,low,,0.0,0,15360,23040,512,1.0,,,,861
R25-264-3_x037376_y020992,R25-264-3,MASH,unknown,2025-08-25HE,train,low,,0.0,0,37376,20992,512,1.0,,,,862
R25-264-12_x026112_y014336,R25-264-12,MASH,unknown,2025-08-25HE,test,mid,-0.1237,38.53,1,26112,14336,512,1.0,,,,863
R25-264-30_x012800_y014336__r2,R25-264-30,MASH,unknown,2025-08-25HE,train,mid,1.2949,49.01,2,12800,14336,512,1.0,,,R25-264-30_x012800_y014336,864
R25-264-37_x017920_y007680__r2,R25-264-37,MASH,unknown,2025-08-25HE,train,low,-0.7196,2.81,2,17920,7680,512,1.0,,,R25-264-37_x017920_y007680,865
R26-122-26_HE_107_x009216_y017408,R26-122-26_HE_107,CCl4,unknown,2026-04-20_CCl4_HE,train,upper,4.3344,74.19,3,9216,17408,512,1.0,,,,866
R25-264-12_x023040_y015360,R25-264-12,MASH,unknown,2025-08-25HE,test,anchor,-0.6139,29.44,1,23040,15360,512,1.0,,,,867
R26-122-3_HE_72_x006656_y009728__r2,R26-122-3_HE_72,CCl4,unknown,2026-04-20_CCl4_HE,train,anchor,2.2499,43.26,3,6656,9728,512,1.0,,,R26-122-3_HE_72_x006656_y009728,868
R26-122-15_HE_85_x022016_y015360,R26-122-15_HE_85,CCl4,unknown,2026-04-20_CCl4_HE,train,upper,5.3737,84.41,11,22016,15360,512,1.0,,,,869
R25-264-30_x033792_y026112,R25-264-30,MASH,unknown,2025-08-25HE,train,anchor,0.8079,39.92,1,33792,26112,512,1.0,,,,870
R25-264-12_x032768_y014336,R25-264-12,MASH,unknown,2025-08-25HE,test,upper,2.1145,72.73,2,32768,14336,512,1.0,,,,871
R25-264-35_x010240_y015360,R25-264-35,MASH,unknown,2025-08-25HE,test,high,5.9254,95.3,6,10240,15360,512,1.0,,,,872
R25-264-11_x034816_y026624,R25-264-11,MASH,unknown,2025-08-25HE,train,high,7.9579,99.03,4,34816,26624,512,1.0,,,,873
R26-122-31_HE_98_x028160_y011264,R26-122-31_HE_98,CCl4,unknown,2026-04-20_CCl4_HE,test,low,0.1,12.15,11,28160,11264,512,0.9109,,,,874
R25-264-1_x029696_y024064,R25-264-1,MASH,unknown,2025-08-25HE,train,anchor,,0.0,0,29696,24064,512,1.0,,,,875
R25-264-10_x015872_y016896,R25-264-10,MASH,unknown,2025-08-25HE,test,upper,3.5313,70.17,2,15872,16896,512,1.0,,,,876
R25-264-12_x033792_y021504,R25-264-12,MASH,unknown,2025-08-25HE,test,anchor,,0.0,0,33792,21504,512,1.0,,,,877
R25-264-3_x040960_y020992__r2,R25-264-3,MASH,unknown,2025-08-25HE,train,anchor,0.4831,27.03,1,40960,20992,512,1.0,,,R25-264-3_x040960_y020992,878
R25-264-30_x014848_y014336,R25-264-30,MASH,unknown,2025-08-25HE,train,low,,0.0,0,14848,14336,512,1.0,,,,879
R25-264-36_x027648_y016384,R25-264-36,MASH,unknown,2025-08-25HE,train,low,1.5864,27.17,2,27648,16384,512,1.0,,,,880
R25-264-1_x008704_y024064,R25-264-1,MASH,unknown,2025-08-25HE,train,mid,-0.6347,39.29,1,8704,24064,512,1.0,,,,881
R25-264-31_x033792_y009728,R25-264-31,MASH,unknown,2025-08-25HE,test,low,-2.2633,4.6,2,33792,9728,512,1.0,,,,882
R25-264-11_x019968_y012288,R25-264-11,MASH,unknown,2025-08-25HE,train,anchor,3.9653,80.0,2,19968,12288,512,1.0,,,,883
R25-264-31_x025600_y019968,R25-264-31,MASH,unknown,2025-08-25HE,test,mid,2.8389,65.03,3,25600,19968,512,1.0,,,,884
R25-264-32_x032768_y010752,R25-264-32,MASH,unknown,2025-08-25HE,test,anchor,-6.1997,0.76,1,32768,10752,512,1.0,,,,885
R25-264-33_x017920_y007168,R25-264-33,MASH,unknown,2025-08-25HE,train,low,-1.127,4.41,2,17920,7168,512,1.0,,,,886
R25-264-34_x019456_y018944,R25-264-34,MASH,unknown,2025-08-25HE,train,high,4.8829,97.25,3,19456,18944,512,1.0,,,,887
R25-264-30_x043008_y008192,R25-264-30,MASH,unknown,2025-08-25HE,train,anchor,0.5336,35.57,2,43008,8192,512,1.0,,,,888
R26-122-22_HE_106_x016384_y017920,R26-122-22_HE_106,CCl4,unknown,2026-04-20_CCl4_HE,train,low,2.005,19.05,4,16384,17920,512,1.0,,,,889
R25-264-11_x023552_y012288,R25-264-11,MASH,unknown,2025-08-25HE,train,high,5.9415,93.87,1,23552,12288,512,1.0,,,,890
R25-264-11_x039424_y012288,R25-264-11,MASH,unknown,2025-08-25HE,train,upper,3.5718,76.13,2,39424,12288,512,1.0,,,,891
R25-264-11_x010752_y011776,R25-264-11,MASH,unknown,2025-08-25HE,train,mid,2.6525,58.39,1,10752,11776,512,1.0,,,,892
R26-122-36_HE_95_x004608_y012800,R26-122-36_HE_95,CCl4,unknown,2026-04-20_CCl4_HE,train,upper,4.3459,84.7,2,4608,12800,512,1.0,,,,893
R25-264-1_x009728_y024064__r2,R25-264-1,MASH,unknown,2025-08-25HE,train,mid,0.0138,52.98,1,9728,24064,512,1.0,,,R25-264-1_x009728_y024064,894
R25-264-3_x035840_y014336,R25-264-3,MASH,unknown,2025-08-25HE,train,high,5.3034,95.61,4,35840,14336,512,1.0,,,,895
R25-264-13_x022528_y018944__r2,R25-264-13,MASH,unknown,2025-08-25HE,train,mid,0.7162,32.27,3,22528,18944,512,1.0,,,R25-264-13_x022528_y018944,896
R25-264-37_x027136_y010240,R25-264-37,MASH,unknown,2025-08-25HE,train,mid,3.1913,54.99,6,27136,10240,512,1.0,,,,897
R25-264-37_x025088_y007680,R25-264-37,MASH,unknown,2025-08-25HE,train,anchor,1.2201,16.62,6,25088,7680,512,1.0,,,,898
R25-264-37_x015872_y007680,R25-264-37,MASH,unknown,2025-08-25HE,train,upper,5.2269,84.91,5,15872,7680,512,1.0,,,,899
R25-264-1_x012800_y022016,R25-264-1,MASH,unknown,2025-08-25HE,train,upper,1.6214,80.95,1,12800,22016,512,1.0,,,,900
R25-264-32_x034304_y022016,R25-264-32,MASH,unknown,2025-08-25HE,test,upper,4.002,87.07,2,34304,22016,512,1.0,,,,901
R25-264-31_x008704_y015872,R25-264-31,MASH,unknown,2025-08-25HE,test,high,7.7421,99.08,3,8704,15872,512,1.0,,,,902
R25-264-33_x021504_y018944,R25-264-33,MASH,unknown,2025-08-25HE,train,anchor,1.2535,27.06,3,21504,18944,512,1.0,,,,903
R26-122-9_HE_78_x009216_y019456,R26-122-9_HE_78,CCl4,unknown,2026-04-20_CCl4_HE,test,anchor,3.8546,71.35,5,9216,19456,512,1.0,,,,904
R25-264-3_x036352_y020992,R25-264-3,MASH,unknown,2025-08-25HE,train,mid,1.2519,40.2,3,36352,20992,512,1.0,,,,905
R25-264-35_x006144_y026112,R25-264-35,MASH,unknown,2025-08-25HE,test,upper,4.0099,77.62,3,6144,26112,512,1.0,,,,906
R25-264-37_x015360_y020480,R25-264-37,MASH,unknown,2025-08-25HE,train,high,5.7004,90.79,7,15360,20480,512,1.0,,,,907
R25-264-1_x022528_y020480__r2,R25-264-1,MASH,unknown,2025-08-25HE,train,mid,-0.6541,38.69,1,22528,20480,512,1.0,,,R25-264-1_x022528_y020480,908
R25-264-13_x011264_y011776,R25-264-13,MASH,unknown,2025-08-25HE,train,high,5.4438,97.12,5,11264,11776,512,1.0,,,,909
R26-122-29_HE_82_x015872_y017408,R26-122-29_HE_82,CCl4,unknown,2026-04-20_CCl4_HE,test,low,-1.5391,2.22,1,15872,17408,512,1.0,,,,910
R25-264-35_x007680_y019968__r2,R25-264-35,MASH,unknown,2025-08-25HE,test,high,6.0168,96.41,4,7680,19968,512,1.0,,,R25-264-35_x007680_y019968,911
R25-264-32_x020480_y022528,R25-264-32,MASH,unknown,2025-08-25HE,test,mid,0.5155,32.32,1,20480,22528,512,1.0,,,,912
R25-264-13_x041984_y011264,R25-264-13,MASH,unknown,2025-08-25HE,train,anchor,4.4142,92.01,1,41984,11264,512,1.0,,,,913
R25-264-32_x023552_y010752,R25-264-32,MASH,unknown,2025-08-25HE,test,upper,3.5482,80.99,6,23552,10752,512,0.888,,,,914
R25-264-30_x023552_y008192,R25-264-30,MASH,unknown,2025-08-25HE,train,anchor,4.6168,92.49,4,23552,8192,512,1.0,,,,915
R26-122-29_HE_82_x017920_y016896,R26-122-29_HE_82,CCl4,unknown,2026-04-20_CCl4_HE,test,upper,4.063,71.67,5,17920,16896,512,1.0,,,,916
R25-264-35_x031744_y019456,R25-264-35,MASH,unknown,2025-08-25HE,test,upper,3.5823,70.99,4,31744,19456,512,1.0,,,,917
R25-264-35_x009216_y009216,R25-264-35,MASH,unknown,2025-08-25HE,test,low,0.1545,10.5,3,9216,9216,512,1.0,,,,918
R25-264-3_x023040_y014336,R25-264-3,MASH,unknown,2025-08-25HE,train,mid,0.8838,33.45,1,23040,14336,512,1.0,,,,919
R26-122-6_HE_75_x012800_y010240__r2,R26-122-6_HE_75,CCl4,unknown,2026-04-20_CCl4_HE,train,upper,3.69,72.83,6,12800,10240,512,1.0,,,R26-122-6_HE_75_x012800_y010240,920
R25-264-37_x012800_y020480__r2,R25-264-37,MASH,unknown,2025-08-25HE,train,high,7.4746,98.47,9,12800,20480,512,1.0,,,R25-264-37_x012800_y020480,921
R25-264-36_x016384_y007680,R25-264-36,MASH,unknown,2025-08-25HE,train,anchor,4.0297,73.11,6,16384,7680,512,1.0,,,,922
R26-122-9_HE_78_x010752_y012800,R26-122-9_HE_78,CCl4,unknown,2026-04-20_CCl4_HE,test,anchor,2.5594,43.78,2,10752,12800,512,1.0,,,,923
R25-264-1_x024576_y023552,R25-264-1,MASH,unknown,2025-08-25HE,train,high,3.3064,97.02,1,24576,23552,512,1.0,,,,924
R25-264-3_x017920_y020992,R25-264-3,MASH,unknown,2025-08-25HE,train,anchor,0.416,26.01,2,17920,20992,512,1.0,,,,925
R25-264-3_x009728_y014848,R25-264-3,MASH,unknown,2025-08-25HE,train,anchor,2.7303,67.23,2,9728,14848,512,1.0,,,,926
R26-122-3_HE_72_x009216_y016384,R26-122-3_HE_72,CCl4,unknown,2026-04-20_CCl4_HE,train,high,4.9769,92.7,4,9216,16384,512,1.0,,,,927
R25-264-33_x023552_y018944,R25-264-33,MASH,unknown,2025-08-25HE,train,upper,4.5705,85.88,5,23552,18944,512,1.0,,,,928
R25-264-1_x016896_y020480,R25-264-1,MASH,unknown,2025-08-25HE,train,anchor,-2.4463,13.1,1,16896,20480,512,1.0,,,,929
R25-264-3_x030208_y014336__r2,R25-264-3,MASH,unknown,2025-08-25HE,train,anchor,0.0054,18.92,2,30208,14336,512,1.0,,,R25-264-3_x030208_y014336,930
R25-264-1_x006656_y024064,R25-264-1,MASH,unknown,2025-08-25HE,train,upper,1.2705,77.38,2,6656,24064,512,1.0,,,,931
R25-264-33_x019968_y017408__r2,R25-264-33,MASH,unknown,2025-08-25HE,train,upper,4.2224,82.35,7,19968,17408,512,1.0,,,R25-264-33_x019968_y017408,932
R26-122-1_HE_70_x023040_y005632,R26-122-1_HE_70,CCl4,unknown,2026-04-20_CCl4_HE,train,anchor,0.792,11.39,5,23040,5632,512,1.0,,,,933
R26-122-1_HE_70_x017408_y022016,R26-122-1_HE_70,CCl4,unknown,2026-04-20_CCl4_HE,train,high,5.4761,94.36,6,17408,22016,512,1.0,,,,934
R25-264-36_x026112_y011776__r2,R25-264-36,MASH,unknown,2025-08-25HE,train,anchor,2.238,39.78,3,26112,11776,512,1.0,,,R25-264-36_x026112_y011776,935
R25-264-35_x012800_y009728,R25-264-35,MASH,unknown,2025-08-25HE,test,high,5.448,92.82,6,12800,9728,512,1.0,,,,936
R25-264-36_x017920_y011776,R25-264-36,MASH,unknown,2025-08-25HE,train,high,9.6543,99.72,5,17920,11776,512,1.0,,,,937
R25-264-32_x028160_y022016,R25-264-32,MASH,unknown,2025-08-25HE,test,anchor,-0.5023,21.29,1,28160,22016,512,1.0,,,,938
R25-264-31_x022016_y019968,R25-264-31,MASH,unknown,2025-08-25HE,test,upper,3.4768,74.23,1,22016,19968,512,1.0,,,,939
R25-264-3_x032768_y027648__r2,R25-264-3,MASH,unknown,2025-08-25HE,train,high,5.213,94.93,6,32768,27648,512,1.0,,,R25-264-3_x032768_y027648,940
R25-264-33_x029184_y017920,R25-264-33,MASH,unknown,2025-08-25HE,train,upper,3.6084,74.41,4,29184,17920,512,1.0,,,,941
R25-264-12_x018432_y015360,R25-264-12,MASH,unknown,2025-08-25HE,test,low,,0.0,0,18432,15360,512,1.0,,,,942
R25-264-33_x021504_y007680,R25-264-33,MASH,unknown,2025-08-25HE,train,mid,2.3425,49.41,3,21504,7680,512,1.0,,,,943
R25-264-12_x010240_y014848,R25-264-12,MASH,unknown,2025-08-25HE,test,low,,0.0,0,10240,14848,512,1.0,,,,944
R25-264-31_x018944_y016384,R25-264-31,MASH,unknown,2025-08-25HE,test,anchor,-0.4776,12.58,2,18944,16384,512,1.0,,,,945
R25-264-12_x025088_y022016__r2,R25-264-12,MASH,unknown,2025-08-25HE,test,high,3.6946,93.07,5,25088,22016,512,1.0,,,R25-264-12_x025088_y022016,946
R25-264-37_x014336_y010752,R25-264-37,MASH,unknown,2025-08-25HE,train,anchor,1.6689,22.25,5,14336,10752,512,1.0,,,,947
R26-122-38_HE_97_x010240_y010752,R26-122-38_HE_97,CCl4,unknown,2026-04-20_CCl4_HE,test,upper,4.9656,80.77,6,10240,10752,512,1.0,,,,948
R25-264-11_x020480_y026112,R25-264-11,MASH,unknown,2025-08-25HE,train,anchor,,0.0,0,20480,26112,512,1.0,,,,949
R25-264-33_x034304_y014848__r2,R25-264-33,MASH,unknown,2025-08-25HE,train,mid,2.1704,45.59,7,34304,14848,512,1.0,,,R25-264-33_x034304_y014848,950
R25-264-35_x010240_y009728,R25-264-35,MASH,unknown,2025-08-25HE,test,low,1.2582,26.8,2,10240,9728,512,1.0,,,,951
R25-264-3_x017408_y014336,R25-264-3,MASH,unknown,2025-08-25HE,train,anchor,2.5184,62.16,1,17408,14336,512,1.0,,,,952
R25-264-1_x019456_y021504,R25-264-1,MASH,unknown,2025-08-25HE,train,mid,-0.2713,48.21,1,19456,21504,512,1.0,,,,953
R26-122-17_HE_101_x011776_y018944,R26-122-17_HE_101,CCl4,unknown,2026-04-20_CCl4_HE,train,mid,2.8414,47.51,4,11776,18944,512,1.0,,,,954
R25-264-35_x009728_y025600,R25-264-35,MASH,unknown,2025-08-25HE,test,mid,3.2471,64.92,4,9728,25600,512,1.0,,,,955
R25-264-32_x016896_y019968__r2,R25-264-32,MASH,unknown,2025-08-25HE,test,anchor,1.5566,48.67,2,16896,19968,512,1.0,,,R25-264-32_x016896_y019968,956
R26-122-3_HE_72_x016384_y015872,R26-122-3_HE_72,CCl4,unknown,2026-04-20_CCl4_HE,train,upper,3.6043,74.16,5,16384,15872,512,0.9963,,,,957
R25-264-1_x030208_y021504,R25-264-1,MASH,unknown,2025-08-25HE,train,low,,0.0,0,30208,21504,512,1.0,,,,958
R26-122-1_HE_70_x020992_y011776,R26-122-1_HE_70,CCl4,unknown,2026-04-20_CCl4_HE,train,high,6.7833,98.76,5,20992,11776,512,1.0,,,,959
R26-122-22_HE_106_x007680_y011264,R26-122-22_HE_106,CCl4,unknown,2026-04-20_CCl4_HE,train,anchor,6.7833,96.3,7,7680,11264,512,1.0,,,,960
R25-264-36_x004096_y016896,R25-264-36,MASH,unknown,2025-08-25HE,train,high,5.3267,91.88,8,4096,16896,512,1.0,,,,961
R25-264-1_x029184_y021504,R25-264-1,MASH,unknown,2025-08-25HE,train,high,2.5844,91.07,1,29184,21504,512,1.0,,,,962
R25-264-11_x039936_y011264__r2,R25-264-11,MASH,unknown,2025-08-25HE,train,high,5.6854,92.9,7,39936,11264,512,1.0,,,R25-264-11_x039936_y011264,963
R26-122-10_HE_79_x007168_y008704,R26-122-10_HE_79,CCl4,unknown,2026-04-20_CCl4_HE,train,anchor,3.4622,67.52,5,7168,8704,512,1.0,,,,964
R25-264-12_x022016_y015360,R25-264-12,MASH,unknown,2025-08-25HE,test,upper,2.8587,84.42,7,22016,15360,512,1.0,,,,965
R25-264-33_x031232_y018432,R25-264-33,MASH,unknown,2025-08-25HE,train,mid,2.9413,64.71,2,31232,18432,512,1.0,,,,966
R25-264-34_x028672_y011776,R25-264-34,MASH,unknown,2025-08-25HE,train,mid,0.6263,36.7,1,28672,11776,512,1.0,,,,967
R25-264-32_x029696_y022528,R25-264-32,MASH,unknown,2025-08-25HE,test,high,4.3182,90.49,2,29696,22528,512,1.0,,,,968
R26-122-3_HE_72_x012288_y009216,R26-122-3_HE_72,CCl4,unknown,2026-04-20_CCl4_HE,train,anchor,5.3764,95.51,4,12288,9216,512,1.0,,,,969
R25-264-30_x007168_y014336,R25-264-30,MASH,unknown,2025-08-25HE,train,high,5.8505,97.63,3,7168,14336,512,1.0,,,,970
R25-264-36_x004096_y012288,R25-264-36,MASH,unknown,2025-08-25HE,train,low,-3.3854,1.12,1,4096,12288,512,1.0,,,,971
R25-264-33_x011776_y018432__r2,R25-264-33,MASH,unknown,2025-08-25HE,train,anchor,,0.0,0,11776,18432,512,1.0,,,R25-264-33_x011776_y018432,972
R26-122-23_HE_91_x026624_y014848,R26-122-23_HE_91,CCl4,unknown,2026-04-20_CCl4_HE,train,anchor,4.0108,75.27,1,26624,14848,512,1.0,,,,973
R25-264-37_x032768_y010240,R25-264-37,MASH,unknown,2025-08-25HE,train,anchor,6.9638,96.93,8,32768,10240,512,1.0,,,,974
R25-264-35_x036352_y019456,R25-264-35,MASH,unknown,2025-08-25HE,test,upper,3.6186,71.55,2,36352,19456,512,0.9651,,,,975
R25-264-31_x012288_y009728,R25-264-31,MASH,unknown,2025-08-25HE,test,high,6.1886,96.01,1,12288,9728,512,1.0,,,,976
R25-264-1_x023552_y020480__r2,R25-264-1,MASH,unknown,2025-08-25HE,train,anchor,,0.0,0,23552,20480,512,1.0,,,R25-264-1_x023552_y020480,977
R25-264-13_x016384_y011776__r2,R25-264-13,MASH,unknown,2025-08-25HE,train,low,-1.886,5.75,1,16384,11776,512,1.0,,,R25-264-13_x016384_y011776,978
R25-264-37_x024576_y020480__r2,R25-264-37,MASH,unknown,2025-08-25HE,train,mid,3.2732,56.27,9,24576,20480,512,1.0,,,R25-264-37_x024576_y020480,979
R26-122-2_HE_71_x008704_y009728,R26-122-2_HE_71,CCl4,unknown,2026-04-20_CCl4_HE,train,anchor,0.0157,7.09,3,8704,9728,512,1.0,,,,980
R25-264-35_x029184_y019456,R25-264-35,MASH,unknown,2025-08-25HE,test,mid,3.279,66.3,3,29184,19456,512,1.0,,,,981
R25-264-31_x004096_y019968,R25-264-31,MASH,unknown,2025-08-25HE,test,anchor,0.091,19.02,1,4096,19968,512,1.0,,,,982
R26-122-38_HE_97_x010752_y009728,R26-122-38_HE_97,CCl4,unknown,2026-04-20_CCl4_HE,test,anchor,5.6977,92.86,8,10752,9728,512,1.0,,,,983
R25-264-30_x019968_y014336,R25-264-30,MASH,unknown,2025-08-25HE,train,mid,2.4265,65.22,1,19968,14336,512,1.0,,,,984
R25-264-36_x025088_y006656,R25-264-36,MASH,unknown,2025-08-25HE,train,high,6.9012,97.76,6,25088,6656,512,1.0,,,,985
R26-122-12_HE_81_x015872_y016896,R26-122-12_HE_81,CCl4,unknown,2026-04-20_CCl4_HE,train,anchor,1.2363,13.9,2,15872,16896,512,1.0,,,,986
R26-122-3_HE_72_x021504_y009728,R26-122-3_HE_72,CCl4,unknown,2026-04-20_CCl4_HE,train,high,5.2341,94.38,7,21504,9728,512,1.0,,,,987
R25-264-32_x024064_y018944,R25-264-32,MASH,unknown,2025-08-25HE,test,low,,0.0,0,24064,18944,512,1.0,,,,988
R25-264-13_x006144_y023552,R25-264-13,MASH,unknown,2025-08-25HE,train,anchor,1.46,46.33,1,6144,23552,512,1.0,,,,989
R25-264-32_x028672_y010752,R25-264-32,MASH,unknown,2025-08-25HE,test,low,,0.0,0,28672,10752,512,1.0,,,,990
R25-264-11_x010752_y026624,R25-264-11,MASH,unknown,2025-08-25HE,train,anchor,-1.6262,6.45,1,10752,26624,512,1.0,,,,991
R25-264-11_x035328_y010240,R25-264-11,MASH,unknown,2025-08-25HE,train,high,8.012,99.35,9,35328,10240,512,1.0,,,,992
R25-264-3_x043520_y027648,R25-264-3,MASH,unknown,2025-08-25HE,train,anchor,3.718,81.76,3,43520,27648,512,1.0,,,,993
R25-264-11_x039936_y010240,R25-264-11,MASH,unknown,2025-08-25HE,train,anchor,2.3554,53.55,7,39936,10240,512,1.0,,,,994
R25-264-3_x014848_y007680,R25-264-3,MASH,unknown,2025-08-25HE,train,mid,2.3942,60.47,1,14848,7680,512,1.0,,,,995
R25-264-12_x009216_y011264,R25-264-12,MASH,unknown,2025-08-25HE,test,anchor,,0.0,0,9216,11264,512,1.0,,,,996
R25-264-33_x022528_y019968,R25-264-33,MASH,unknown,2025-08-25HE,train,anchor,,0.0,0,22528,19968,512,0.8421,,,,997
R26-122-34_HE_93_x013312_y008704,R26-122-34_HE_93,CCl4,unknown,2026-04-20_CCl4_HE,test,anchor,5.3753,91.85,8,13312,8704,512,1.0,,,,998
R25-264-12_x036864_y021504,R25-264-12,MASH,unknown,2025-08-25HE,test,upper,2.0999,72.29,2,36864,21504,512,1.0,,,,999
R25-264-31_x032768_y016896,R25-264-31,MASH,unknown,2025-08-25HE,test,low,,0.0,0,32768,16896,512,1.0,,,,1000
R25-264-10_x032256_y011776,R25-264-10,MASH,unknown,2025-08-25HE,test,high,4.9946,90.34,4,32256,11776,512,1.0,,,,1001
R26-122-15_HE_85_x026112_y015360__r2,R26-122-15_HE_85,CCl4,unknown,2026-04-20_CCl4_HE,train,upper,4.6506,73.12,7,26112,15360,512,1.0,,,R26-122-15_HE_85_x026112_y015360,1002
R25-264-13_x003072_y023552,R25-264-13,MASH,unknown,2025-08-25HE,train,anchor,6.5004,98.4,8,3072,23552,512,1.0,,,,1003
R25-264-34_x013824_y010240,R25-264-34,MASH,unknown,2025-08-25HE,train,mid,1.142,46.48,2,13824,10240,512,1.0,,,,1004
R25-264-33_x010240_y015872,R25-264-33,MASH,unknown,2025-08-25HE,train,mid,2.8608,63.53,3,10240,15872,512,1.0,,,,1005
R25-264-34_x024576_y010240,R25-264-34,MASH,unknown,2025-08-25HE,train,anchor,0.4947,32.11,1,24576,10240,512,1.0,,,,1006
R25-264-34_x029696_y011264,R25-264-34,MASH,unknown,2025-08-25HE,train,anchor,-1.2223,11.62,1,29696,11264,512,1.0,,,,1007
R25-264-37_x029696_y019968,R25-264-37,MASH,unknown,2025-08-25HE,train,anchor,3.1292,53.96,4,29696,19968,512,1.0,,,,1008
R25-264-31_x006144_y016384,R25-264-31,MASH,unknown,2025-08-25HE,test,upper,3.9831,81.6,3,6144,16384,512,1.0,,,,1009
R25-264-30_x007168_y008192,R25-264-30,MASH,unknown,2025-08-25HE,train,anchor,4.8508,94.07,2,7168,8192,512,0.9155,,,,1010
R25-264-30_x004608_y019968,R25-264-30,MASH,unknown,2025-08-25HE,train,high,5.3863,96.05,1,4608,19968,512,0.8356,,,,1011
R25-264-34_x020992_y010752,R25-264-34,MASH,unknown,2025-08-25HE,train,upper,2.2419,70.03,4,20992,10752,512,1.0,,,,1012
R25-264-10_x005632_y012288__r2,R25-264-10,MASH,unknown,2025-08-25HE,test,anchor,3.447,67.33,2,5632,12288,512,1.0,,,R25-264-10_x005632_y012288,1013
R25-264-33_x036352_y007168,R25-264-33,MASH,unknown,2025-08-25HE,train,anchor,2.5053,53.24,4,36352,7168,512,1.0,,,,1014
R25-264-10_x013824_y011776,R25-264-10,MASH,unknown,2025-08-25HE,test,high,5.1822,91.48,3,13824,11776,512,1.0,,,,1015
R26-122-6_HE_75_x015872_y009728,R26-122-6_HE_75,CCl4,unknown,2026-04-20_CCl4_HE,train,high,6.7513,99.42,6,15872,9728,512,0.9972,,,,1016
R25-264-30_x039936_y013824,R25-264-30,MASH,unknown,2025-08-25HE,train,high,4.41,90.12,2,39936,13824,512,1.0,,,,1017
R26-122-22_HE_106_x017920_y011776,R26-122-22_HE_106,CCl4,unknown,2026-04-20_CCl4_HE,train,high,6.805,96.83,8,17920,11776,512,1.0,,,,1018
R25-264-3_x020480_y028160,R25-264-3,MASH,unknown,2025-08-25HE,train,high,5.6038,96.28,1,20480,28160,512,1.0,,,,1019
R25-264-37_x020480_y008192,R25-264-37,MASH,unknown,2025-08-25HE,train,low,-0.4371,3.84,1,20480,8192,512,1.0,,,,1020
R25-264-36_x006144_y016384,R25-264-36,MASH,unknown,2025-08-25HE,train,high,5.5864,93.56,2,6144,16384,512,1.0,,,,1021
R25-264-30_x039424_y019456,R25-264-30,MASH,unknown,2025-08-25HE,train,high,4.4794,91.3,1,39424,19456,512,1.0,,,,1022
R25-264-12_x023552_y022016,R25-264-12,MASH,unknown,2025-08-25HE,test,mid,-0.4942,32.9,2,23552,22016,512,1.0,,,,1023
R25-264-10_x020480_y016384,R25-264-10,MASH,unknown,2025-08-25HE,test,low,0.5626,20.17,2,20480,16384,512,1.0,,,,1024
R25-264-10_x028160_y016384,R25-264-10,MASH,unknown,2025-08-25HE,test,high,5.6175,95.17,2,28160,16384,512,1.0,,,,1025
R26-122-6_HE_75_x002560_y010240,R26-122-6_HE_75,CCl4,unknown,2026-04-20_CCl4_HE,train,high,6.3284,98.84,7,2560,10240,512,0.9421,,,,1026
R25-264-32_x027648_y018944,R25-264-32,MASH,unknown,2025-08-25HE,test,high,5.7565,96.96,4,27648,18944,512,1.0,,,,1027
R25-264-12_x031744_y022016,R25-264-12,MASH,unknown,2025-08-25HE,test,high,3.3752,91.34,3,31744,22016,512,1.0,,,,1028
R25-264-12_x041984_y014848,R25-264-12,MASH,unknown,2025-08-25HE,test,high,4.3599,96.1,2,41984,14848,512,1.0,,,,1029
R26-122-6_HE_75_x009728_y010752,R26-122-6_HE_75,CCl4,unknown,2026-04-20_CCl4_HE,train,mid,2.8001,59.54,6,9728,10752,512,1.0,,,,1030
R25-264-36_x033792_y016384,R25-264-36,MASH,unknown,2025-08-25HE,train,high,5.4353,93.0,4,33792,16384,512,1.0,,,,1031
R25-264-32_x034304_y010752,R25-264-32,MASH,unknown,2025-08-25HE,test,anchor,,0.0,0,34304,10752,512,1.0,,,,1032
R26-122-10_HE_79_x023040_y011264__r2,R26-122-10_HE_79,CCl4,unknown,2026-04-20_CCl4_HE,train,high,5.5269,94.16,7,23040,11264,512,1.0,,,R26-122-10_HE_79_x023040_y011264,1033
R25-264-1_x030208_y020480,R25-264-1,MASH,unknown,2025-08-25HE,train,upper,0.9099,70.83,1,30208,20480,512,1.0,,,,1034
R25-264-31_x009728_y016896,R25-264-31,MASH,unknown,2025-08-25HE,test,mid,2.0786,51.23,1,9728,16896,512,1.0,,,,1035
R25-264-13_x012288_y019456,R25-264-13,MASH,unknown,2025-08-25HE,train,upper,3.245,76.04,4,12288,19456,512,1.0,,,,1036
R25-264-11_x028160_y011264,R25-264-11,MASH,unknown,2025-08-25HE,train,anchor,-1.1981,9.35,1,28160,11264,512,0.9624,,,,1037
R25-264-37_x019968_y010240,R25-264-37,MASH,unknown,2025-08-25HE,train,high,5.6717,90.54,4,19968,10240,512,1.0,,,,1038
R25-264-36_x030720_y012288,R25-264-36,MASH,unknown,2025-08-25HE,train,upper,4.6369,84.31,3,30720,12288,512,1.0,,,,1039
R25-264-10_x007168_y016896,R25-264-10,MASH,unknown,2025-08-25HE,test,anchor,7.362,98.01,3,7168,16896,512,1.0,,,,1040
R25-264-31_x020992_y015872,R25-264-31,MASH,unknown,2025-08-25HE,test,anchor,2.7259,61.35,3,20992,15872,512,0.9982,,,,1041
R25-264-35_x005120_y015360,R25-264-35,MASH,unknown,2025-08-25HE,test,high,5.6694,94.75,3,5120,15360,512,1.0,,,,1042
R26-122-3_HE_72_x012800_y016384__r2,R26-122-3_HE_72,CCl4,unknown,2026-04-20_CCl4_HE,train,mid,3.1939,65.73,7,12800,16384,512,1.0,,,R26-122-3_HE_72_x012800_y016384,1043
R25-264-33_x014336_y007168,R25-264-33,MASH,unknown,2025-08-25HE,train,high,5.3982,93.24,6,14336,7168,512,1.0,,,,1044
R25-264-10_x021504_y021504,R25-264-10,MASH,unknown,2025-08-25HE,test,high,5.6363,95.45,3,21504,21504,512,1.0,,,,1045
R26-122-36_HE_95_x014848_y011776,R26-122-36_HE_95,CCl4,unknown,2026-04-20_CCl4_HE,train,high,8.724,100.0,7,14848,11776,512,1.0,,,,1046
R25-264-3_x043008_y007168,R25-264-3,MASH,unknown,2025-08-25HE,train,anchor,-0.6066,11.82,1,43008,7168,512,1.0,,,,1047
R25-264-33_x025088_y007168,R25-264-33,MASH,unknown,2025-08-25HE,train,upper,4.7451,88.53,3,25088,7168,512,1.0,,,,1048
R26-122-9_HE_78_x019968_y012288,R26-122-9_HE_78,CCl4,unknown,2026-04-20_CCl4_HE,test,high,5.234,94.05,3,19968,12288,512,0.9412,,,,1049
R25-264-1_x016896_y021504__r2,R25-264-1,MASH,unknown,2025-08-25HE,train,high,2.4339,90.48,1,16896,21504,512,1.0,,,R25-264-1_x016896_y021504,1050
R25-264-10_x005632_y016384,R25-264-10,MASH,unknown,2025-08-25HE,test,mid,3.059,60.23,3,5632,16384,512,1.0,,,,1051
R25-264-11_x037376_y010240,R25-264-11,MASH,unknown,2025-08-25HE,train,anchor,2.9631,65.48,2,37376,10240,512,1.0,,,,1052
R25-264-10_x014336_y021504,R25-264-10,MASH,unknown,2025-08-25HE,test,mid,2.1638,44.03,2,14336,21504,512,1.0,,,,1053
R25-264-1_x015872_y024064,R25-264-1,MASH,unknown,2025-08-25HE,train,high,2.954,95.24,2,15872,24064,512,1.0,,,,1054
R26-122-15_HE_85_x024576_y014336,R26-122-15_HE_85,CCl4,unknown,2026-04-20_CCl4_HE,train,high,6.6924,97.85,4,24576,14336,512,1.0,,,,1055
R26-122-31_HE_98_x028160_y011264__r2,R26-122-31_HE_98,CCl4,unknown,2026-04-20_CCl4_HE,test,low,0.1,12.15,11,28160,11264,512,0.9109,,,R26-122-31_HE_98_x028160_y011264,1056
R26-122-38_HE_97_x006144_y010752,R26-122-38_HE_97,CCl4,unknown,2026-04-20_CCl4_HE,test,high,9.8251,100.0,3,6144,10752,512,1.0,,,,1057
R25-264-31_x007680_y009728,R25-264-31,MASH,unknown,2025-08-25HE,test,upper,3.6798,77.3,4,7680,9728,512,0.8595,,,,1058
R25-264-13_x025600_y011264,R25-264-13,MASH,unknown,2025-08-25HE,train,high,4.4097,91.69,2,25600,11264,512,1.0,,,,1059
R26-122-22_HE_106_x015872_y018944,R26-122-22_HE_106,CCl4,unknown,2026-04-20_CCl4_HE,train,low,,0.0,0,15872,18944,512,1.0,,,,1060
R25-264-3_x031232_y020992,R25-264-3,MASH,unknown,2025-08-25HE,train,mid,0.9996,35.14,2,31232,20992,512,1.0,,,,1061
R25-264-1_x012288_y024064,R25-264-1,MASH,unknown,2025-08-25HE,train,anchor,,0.0,0,12288,24064,512,1.0,,,,1062
R25-264-33_x032768_y015360,R25-264-33,MASH,unknown,2025-08-25HE,train,upper,3.6105,74.71,5,32768,15360,512,1.0,,,,1063
R25-264-11_x017408_y026624,R25-264-11,MASH,unknown,2025-08-25HE,train,low,-1.5218,7.42,1,17408,26624,512,1.0,,,,1064
R25-264-1_x026112_y020480,R25-264-1,MASH,unknown,2025-08-25HE,train,anchor,,0.0,0,26112,20480,512,1.0,,,,1065
R25-264-34_x007680_y018944,R25-264-34,MASH,unknown,2025-08-25HE,train,high,3.6788,91.44,4,7680,18944,512,1.0,,,,1066
R26-122-10_HE_79_x003072_y009216,R26-122-10_HE_79,CCl4,unknown,2026-04-20_CCl4_HE,train,high,5.1567,92.7,7,3072,9216,512,1.0,,,,1067
R25-264-32_x010240_y010752__r2,R25-264-32,MASH,unknown,2025-08-25HE,test,mid,2.2794,61.6,2,10240,10752,512,1.0,,,R25-264-32_x010240_y010752,1068
R25-264-12_x027648_y010752__r2,R25-264-12,MASH,unknown,2025-08-25HE,test,mid,0.8247,54.11,2,27648,10752,512,1.0,,,R25-264-12_x027648_y010752,1069
R26-122-29_HE_82_x017920_y011264,R26-122-29_HE_82,CCl4,unknown,2026-04-20_CCl4_HE,test,anchor,4.1649,73.89,7,17920,11264,512,1.0,,,,1070
R25-264-33_x029696_y015360,R25-264-33,MASH,unknown,2025-08-25HE,train,upper,4.4893,85.0,5,29696,15360,512,1.0,,,,1071
R26-122-6_HE_75_x020992_y019456__r2,R26-122-6_HE_75,CCl4,unknown,2026-04-20_CCl4_HE,train,anchor,3.155,67.05,4,20992,19456,512,1.0,,,R26-122-6_HE_75_x020992_y019456,1072
R25-264-31_x024576_y016384,R25-264-31,MASH,unknown,2025-08-25HE,test,upper,3.7389,77.91,5,24576,16384,512,1.0,,,,1073
R25-264-35_x023552_y025088__r2,R25-264-35,MASH,unknown,2025-08-25HE,test,high,5.5215,93.65,2,23552,25088,512,1.0,,,R25-264-35_x023552_y025088,1074
R25-264-10_x022528_y021504__r2,R25-264-10,MASH,unknown,2025-08-25HE,test,upper,4.834,89.2,2,22528,21504,512,1.0,,,R25-264-10_x022528_y021504,1075
R26-122-2_HE_71_x018944_y009728,R26-122-2_HE_71,CCl4,unknown,2026-04-20_CCl4_HE,train,upper,4.2092,83.96,6,18944,9728,512,1.0,,,,1076
R25-264-1_x027648_y022528,R25-264-1,MASH,unknown,2025-08-25HE,train,high,2.8066,92.86,3,27648,22528,512,1.0,,,,1077
R25-264-36_x025600_y020480,R25-264-36,MASH,unknown,2025-08-25HE,train,high,6.6727,96.64,5,25600,20480,512,1.0,,,,1078
R25-264-1_x027136_y020480,R25-264-1,MASH,unknown,2025-08-25HE,train,anchor,,0.0,0,27136,20480,512,1.0,,,,1079
R25-264-37_x018944_y009216__r2,R25-264-37,MASH,unknown,2025-08-25HE,train,high,6.7894,95.65,4,18944,9216,512,1.0,,,R25-264-37_x018944_y009216,1080
R25-264-3_x047616_y020992,R25-264-3,MASH,unknown,2025-08-25HE,train,upper,3.3078,76.35,1,47616,20992,512,0.9991,,,,1081
R25-264-35_x032768_y019968,R25-264-35,MASH,unknown,2025-08-25HE,test,high,7.9145,98.34,4,32768,19968,512,0.8678,,,,1082
R26-122-34_HE_93_x008704_y008192,R26-122-34_HE_93,CCl4,unknown,2026-04-20_CCl4_HE,test,anchor,4.495,80.43,6,8704,8192,512,1.0,,,,1083
R25-264-13_x043520_y011264,R25-264-13,MASH,unknown,2025-08-25HE,train,anchor,1.6043,48.88,2,43520,11264,512,1.0,,,,1084
R25-264-33_x018944_y017408,R25-264-33,MASH,unknown,2025-08-25HE,train,upper,4.8021,89.41,7,18944,17408,512,0.8108,,,,1085
R25-264-33_x019456_y015360,R25-264-33,MASH,unknown,2025-08-25HE,train,high,8.5973,99.71,19,19456,15360,512,0.9835,,,,1086
R25-264-11_x012288_y011264,R25-264-11,MASH,unknown,2025-08-25HE,train,upper,3.7164,76.77,6,12288,11264,512,1.0,,,,1087
R25-264-36_x015360_y012288,R25-264-36,MASH,unknown,2025-08-25HE,train,anchor,4.2669,78.99,6,15360,12288,512,1.0,,,,1088
R25-264-35_x022528_y025088,R25-264-35,MASH,unknown,2025-08-25HE,test,high,5.5749,94.2,3,22528,25088,512,1.0,,,,1089
R25-264-3_x010240_y020992,R25-264-3,MASH,unknown,2025-08-25HE,train,anchor,,0.0,0,10240,20992,512,1.0,,,,1090
R25-264-10_x015872_y011776,R25-264-10,MASH,unknown,2025-08-25HE,test,anchor,3.5301,69.89,5,15872,11776,512,1.0,,,,1091
R25-264-34_x023552_y018944,R25-264-34,MASH,unknown,2025-08-25HE,train,mid,0.5673,35.78,1,23552,18944,512,1.0,,,,1092
R26-122-2_HE_71_x009728_y011776,R26-122-2_HE_71,CCl4,unknown,2026-04-20_CCl4_HE,train,anchor,2.3182,43.66,5,9728,11776,512,1.0,,,,1093
R25-264-34_x031232_y018944,R25-264-34,MASH,unknown,2025-08-25HE,train,high,3.6025,90.83,2,31232,18944,512,1.0,,,,1094
R25-264-36_x019968_y012288,R25-264-36,MASH,unknown,2025-08-25HE,train,mid,2.7742,49.3,3,19968,12288,512,1.0,,,,1095
R25-264-1_x006144_y022528,R25-264-1,MASH,unknown,2025-08-25HE,train,high,6.0119,100.0,2,6144,22528,512,1.0,,,,1096
R25-264-12_x022016_y010752,R25-264-12,MASH,unknown,2025-08-25HE,test,high,3.7626,93.94,1,22016,10752,512,1.0,,,,1097
R25-264-1_x022528_y024064,R25-264-1,MASH,unknown,2025-08-25HE,train,upper,1.1167,74.4,1,22528,24064,512,1.0,,,,1098
R26-122-19_HE_103_x008704_y019968,R26-122-19_HE_103,CCl4,unknown,2026-04-20_CCl4_HE,train,mid,2.3546,48.85,7,8704,19968,512,1.0,,,,1099
R25-264-35_x020480_y025088,R25-264-35,MASH,unknown,2025-08-25HE,test,mid,2.1268,41.99,2,20480,25088,512,1.0,,,,1100
R25-264-11_x011264_y010752,R25-264-11,MASH,unknown,2025-08-25HE,train,low,,0.0,0,11264,10752,512,1.0,,,,1101
R25-264-32_x008192_y019968,R25-264-32,MASH,unknown,2025-08-25HE,test,high,6.0135,98.1,2,8192,19968,512,1.0,,,,1102
R25-264-30_x012800_y019968,R25-264-30,MASH,unknown,2025-08-25HE,train,upper,2.9792,73.12,2,12800,19968,512,1.0,,,,1103
R25-264-3_x038400_y027648,R25-264-3,MASH,unknown,2025-08-25HE,train,high,5.6189,96.62,3,38400,27648,512,1.0,,,,1104
R25-264-3_x005632_y014848,R25-264-3,MASH,unknown,2025-08-25HE,train,upper,3.5997,80.07,5,5632,14848,512,1.0,,,,1105
R25-264-37_x033280_y019968,R25-264-37,MASH,unknown,2025-08-25HE,train,anchor,1.7337,23.02,3,33280,19968,512,1.0,,,,1106
R25-264-35_x018432_y015360,R25-264-35,MASH,unknown,2025-08-25HE,test,anchor,1.3589,28.45,2,18432,15360,512,1.0,,,,1107
R25-264-11_x016896_y010752,R25-264-11,MASH,unknown,2025-08-25HE,train,anchor,-2.3761,2.9,1,16896,10752,512,1.0,,,,1108
R25-264-33_x029184_y007680,R25-264-33,MASH,unknown,2025-08-25HE,train,anchor,2.781,61.76,4,29184,7680,512,1.0,,,,1109
R25-264-37_x017408_y010752,R25-264-37,MASH,unknown,2025-08-25HE,train,high,7.1225,97.44,12,17408,10752,512,1.0,,,,1110
R25-264-13_x013824_y011776,R25-264-13,MASH,unknown,2025-08-25HE,train,low,-1.5049,8.63,1,13824,11776,512,1.0,,,,1111
R25-264-13_x018432_y011264,R25-264-13,MASH,unknown,2025-08-25HE,train,high,4.5492,92.65,3,18432,11264,512,1.0,,,,1112
R25-264-37_x025600_y010240,R25-264-37,MASH,unknown,2025-08-25HE,train,upper,4.4088,74.17,8,25600,10240,512,1.0,,,,1113
R25-264-13_x020480_y011264,R25-264-13,MASH,unknown,2025-08-25HE,train,anchor,-1.6626,7.03,2,20480,11264,512,1.0,,,,1114
R25-264-35_x026112_y015360,R25-264-35,MASH,unknown,2025-08-25HE,test,low,-2.5117,1.38,1,26112,15360,512,1.0,,,,1115
R25-264-37_x032768_y010240__r2,R25-264-37,MASH,unknown,2025-08-25HE,train,anchor,6.9638,96.93,8,32768,10240,512,1.0,,,R25-264-37_x032768_y010240,1116
R25-264-34_x025600_y011776,R25-264-34,MASH,unknown,2025-08-25HE,train,mid,0.9656,42.81,2,25600,11776,512,1.0,,,,1117
R25-264-37_x013312_y007680,R25-264-37,MASH,unknown,2025-08-25HE,train,low,-0.8752,2.05,7,13312,7680,512,1.0,,,,1118
R26-122-17_HE_101_x019456_y016896,R26-122-17_HE_101,CCl4,unknown,2026-04-20_CCl4_HE,train,upper,4.3464,79.69,8,19456,16896,512,1.0,,,,1119
R25-264-12_x031744_y010752,R25-264-12,MASH,unknown,2025-08-25HE,test,upper,2.7658,82.25,3,31744,10752,512,1.0,,,,1120
R25-264-33_x022528_y017408,R25-264-33,MASH,unknown,2025-08-25HE,train,anchor,0.3318,13.24,4,22528,17408,512,1.0,,,,1121
R25-264-35_x028672_y015360,R25-264-35,MASH,unknown,2025-08-25HE,test,anchor,3.261,65.47,4,28672,15360,512,1.0,,,,1122
R25-264-36_x024064_y020992,R25-264-36,MASH,unknown,2025-08-25HE,train,upper,4.8375,86.83,3,24064,20992,512,1.0,,,,1123
R26-122-17_HE_101_x010752_y016384,R26-122-17_HE_101,CCl4,unknown,2026-04-20_CCl4_HE,train,high,6.0704,95.79,9,10752,16384,512,0.9991,,,,1124
R25-264-31_x011776_y019968__r2,R25-264-31,MASH,unknown,2025-08-25HE,test,low,,0.0,0,11776,19968,512,1.0,,,R25-264-31_x011776_y019968,1125
R25-264-3_x041472_y007168,R25-264-3,MASH,unknown,2025-08-25HE,train,anchor,,0.0,0,41472,7168,512,1.0,,,,1126
R26-122-34_HE_93_x012288_y008192,R26-122-34_HE_93,CCl4,unknown,2026-04-20_CCl4_HE,test,upper,3.9449,72.28,3,12288,8192,512,1.0,,,,1127
R25-264-34_x026112_y010240,R25-264-34,MASH,unknown,2025-08-25HE,train,mid,0.9149,41.59,3,26112,10240,512,1.0,,,,1128
R25-264-30_x012288_y026624__r2,R25-264-30,MASH,unknown,2025-08-25HE,train,mid,1.7316,56.52,2,12288,26624,512,1.0,,,R25-264-30_x012288_y026624,1129
R25-264-36_x030208_y006656__r2,R25-264-36,MASH,unknown,2025-08-25HE,train,low,-1.6543,3.64,1,30208,6656,512,1.0,,,R25-264-36_x030208_y006656,1130
R25-264-10_x026624_y006144,R25-264-10,MASH,unknown,2025-08-25HE,test,high,7.6682,98.58,4,26624,6144,512,1.0,,,,1131
R25-264-32_x041984_y018944,R25-264-32,MASH,unknown,2025-08-25HE,test,mid,1.3859,46.01,2,41984,18944,512,1.0,,,,1132
R25-264-35_x012288_y019968,R25-264-35,MASH,unknown,2025-08-25HE,test,mid,2.7729,56.35,2,12288,19968,512,1.0,,,,1133
R25-264-30_x031232_y008192,R25-264-30,MASH,unknown,2025-08-25HE,train,low,,0.0,0,31232,8192,512,1.0,,,,1134
R25-264-3_x027648_y020992,R25-264-3,MASH,unknown,2025-08-25HE,train,low,-0.3349,13.85,1,27648,20992,512,1.0,,,,1135
R25-264-32_x025088_y019456,R25-264-32,MASH,unknown,2025-08-25HE,test,anchor,-2.7436,5.32,1,25088,19456,512,1.0,,,,1136
R25-264-12_x005632_y022016,R25-264-12,MASH,unknown,2025-08-25HE,test,upper,2.7665,82.68,1,5632,22016,512,1.0,,,,1137
R26-122-34_HE_93_x006656_y008192,R26-122-34_HE_93,CCl4,unknown,2026-04-20_CCl4_HE,test,mid,2.2816,35.87,2,6656,8192,512,1.0,,,,1138
R25-264-11_x031232_y026112,R25-264-11,MASH,unknown,2025-08-25HE,train,anchor,3.7609,77.42,2,31232,26112,512,1.0,,,,1139
R25-264-30_x041984_y019456,R25-264-30,MASH,unknown,2025-08-25HE,train,anchor,-0.1011,25.69,1,41984,19456,512,1.0,,,,1140
R25-264-30_x014848_y008192,R25-264-30,MASH,unknown,2025-08-25HE,train,mid,2.1135,61.26,1,14848,8192,512,1.0,,,,1141
R25-264-35_x013312_y019968__r2,R25-264-35,MASH,unknown,2025-08-25HE,test,low,0.195,11.33,2,13312,19968,512,1.0,,,R25-264-35_x013312_y019968,1142
R25-264-35_x010752_y019968,R25-264-35,MASH,unknown,2025-08-25HE,test,anchor,3.3607,67.68,2,10752,19968,512,1.0,,,,1143
R25-264-13_x019456_y018944,R25-264-13,MASH,unknown,2025-08-25HE,train,mid,1.1208,39.94,1,19456,18944,512,1.0,,,,1144
R25-264-32_x034304_y018944,R25-264-32,MASH,unknown,2025-08-25HE,test,high,4.8157,93.54,4,34304,18944,512,1.0,,,,1145
R25-264-11_x025600_y010240,R25-264-11,MASH,unknown,2025-08-25HE,train,mid,2.4796,55.16,1,25600,10240,512,0.8292,,,,1146
R25-264-12_x017408_y022016,R25-264-12,MASH,unknown,2025-08-25HE,test,upper,2.1291,73.16,2,17408,22016,512,1.0,,,,1147
R25-264-37_x020992_y009216,R25-264-37,MASH,unknown,2025-08-25HE,train,anchor,4.2449,71.61,5,20992,9216,512,1.0,,,,1148
R25-264-31_x009728_y009728,R25-264-31,MASH,unknown,2025-08-25HE,test,upper,3.2408,70.86,4,9728,9728,512,1.0,,,,1149
R25-264-31_x030720_y009728,R25-264-31,MASH,unknown,2025-08-25HE,test,low,-1.7111,6.44,1,30720,9728,512,1.0,,,,1150
R25-264-34_x018432_y010752,R25-264-34,MASH,unknown,2025-08-25HE,train,anchor,1.3836,52.91,3,18432,10752,512,1.0,,,,1151
R25-264-34_x028672_y009728,R25-264-34,MASH,unknown,2025-08-25HE,train,upper,2.5073,73.09,2,28672,9728,512,1.0,,,,1152
R25-264-11_x010752_y026624__r2,R25-264-11,MASH,unknown,2025-08-25HE,train,anchor,-1.6262,6.45,1,10752,26624,512,1.0,,,R25-264-11_x010752_y026624,1153
R25-264-37_x026624_y009216,R25-264-37,MASH,unknown,2025-08-25HE,train,anchor,2.2312,32.23,5,26624,9216,512,1.0,,,,1154
R25-264-13_x005120_y023552__r2,R25-264-13,MASH,unknown,2025-08-25HE,train,upper,3.0646,72.52,3,5120,23552,512,1.0,,,R25-264-13_x005120_y023552,1155
R25-264-37_x022528_y008192,R25-264-37,MASH,unknown,2025-08-25HE,train,anchor,1.4626,19.18,1,22528,8192,512,1.0,,,,1156
R25-264-33_x021504_y019968,R25-264-33,MASH,unknown,2025-08-25HE,train,mid,2.6914,59.12,4,21504,19968,512,1.0,,,,1157
R26-122-17_HE_101_x008704_y017920,R26-122-17_HE_101,CCl4,unknown,2026-04-20_CCl4_HE,train,low,1.6719,25.67,4,8704,17920,512,0.8595,,,,1158
R25-264-11_x013312_y012800,R25-264-11,MASH,unknown,2025-08-25HE,train,anchor,,0.0,0,13312,12800,512,1.0,,,,1159
R25-264-31_x017920_y009728,R25-264-31,MASH,unknown,2025-08-25HE,test,high,6.2223,96.93,2,17920,9728,512,1.0,,,,1160
R25-264-1_x020992_y024064,R25-264-1,MASH,unknown,2025-08-25HE,train,anchor,-1.8842,17.26,1,20992,24064,512,1.0,,,,1161
R25-264-11_x012800_y010240,R25-264-11,MASH,unknown,2025-08-25HE,train,anchor,8.193,99.68,3,12800,10240,512,1.0,,,,1162
R25-264-36_x010752_y020992,R25-264-36,MASH,unknown,2025-08-25HE,train,mid,3.2311,60.22,1,10752,20992,512,1.0,,,,1163
R25-264-12_x039936_y021504,R25-264-12,MASH,unknown,2025-08-25HE,test,mid,0.4829,48.92,1,39936,21504,512,1.0,,,,1164
R26-122-15_HE_85_x014848_y009728,R26-122-15_HE_85,CCl4,unknown,2026-04-20_CCl4_HE,train,anchor,3.9409,56.45,5,14848,9728,512,1.0,,,,1165
R25-264-11_x007680_y010240__r2,R25-264-11,MASH,unknown,2025-08-25HE,train,high,5.285,91.94,5,7680,10240,512,1.0,,,R25-264-11_x007680_y010240,1166
R26-122-9_HE_78_x004608_y013312,R26-122-9_HE_78,CCl4,unknown,2026-04-20_CCl4_HE,test,upper,4.347,79.46,3,4608,13312,512,1.0,,,,1167
R25-264-30_x043008_y019456,R25-264-30,MASH,unknown,2025-08-25HE,train,high,5.5409,96.44,4,43008,19456,512,1.0,,,,1168
R25-264-13_x037376_y011264,R25-264-13,MASH,unknown,2025-08-25HE,train,anchor,3.8153,85.94,2,37376,11264,512,1.0,,,,1169
R25-264-11_x012288_y012800,R25-264-11,MASH,unknown,2025-08-25HE,train,low,,0.0,0,12288,12800,512,1.0,,,,1170
R25-264-10_x011776_y006656,R25-264-10,MASH,unknown,2025-08-25HE,test,mid,1.4556,31.25,2,11776,6656,512,1.0,,,,1171
R26-122-26_HE_107_x006144_y012288,R26-122-26_HE_107,CCl4,unknown,2026-04-20_CCl4_HE,train,anchor,5.2034,85.48,3,6144,12288,512,1.0,,,,1172
R25-264-11_x004096_y012800,R25-264-11,MASH,unknown,2025-08-25HE,train,high,6.4918,95.16,2,4096,12800,512,1.0,,,,1173
R25-264-1_x018944_y023040,R25-264-1,MASH,unknown,2025-08-25HE,train,anchor,0.4463,63.1,4,18944,23040,512,1.0,,,,1174
R26-122-38_HE_97_x016384_y010752,R26-122-38_HE_97,CCl4,unknown,2026-04-20_CCl4_HE,test,mid,3.3794,51.65,4,16384,10752,512,1.0,,,,1175
R25-264-33_x022528_y007680,R25-264-33,MASH,unknown,2025-08-25HE,train,low,-0.4884,8.53,1,22528,7680,512,1.0,,,,1176
R25-264-3_x016384_y014336__r2,R25-264-3,MASH,unknown,2025-08-25HE,train,high,4.6835,90.88,4,16384,14336,512,1.0,,,R25-264-3_x016384_y014336,1177
R26-122-10_HE_79_x011264_y010752,R26-122-10_HE_79,CCl4,unknown,2026-04-20_CCl4_HE,train,upper,4.4513,87.59,5,11264,10752,512,1.0,,,,1178
R25-264-12_x007680_y011264,R25-264-12,MASH,unknown,2025-08-25HE,test,anchor,,0.0,0,7680,11264,512,1.0,,,,1179
R25-264-36_x018432_y016384,R25-264-36,MASH,unknown,2025-08-25HE,train,upper,4.2403,77.59,1,18432,16384,512,0.9651,,,,1180
R25-264-11_x021504_y012288,R25-264-11,MASH,unknown,2025-08-25HE,train,high,7.0964,96.45,4,21504,12288,512,1.0,,,,1181
R25-264-3_x013824_y014848,R25-264-3,MASH,unknown,2025-08-25HE,train,upper,3.3205,77.03,2,13824,14848,512,1.0,,,,1182
R25-264-12_x018432_y022016,R25-264-12,MASH,unknown,2025-08-25HE,test,low,,0.0,0,18432,22016,512,1.0,,,,1183
R25-264-33_x016896_y007168,R25-264-33,MASH,unknown,2025-08-25HE,train,anchor,-0.164,10.0,1,16896,7168,512,1.0,,,,1184
R25-264-32_x011264_y019968,R25-264-32,MASH,unknown,2025-08-25HE,test,mid,2.4028,63.5,2,11264,19968,512,1.0,,,,1185
R25-264-36_x028160_y012288,R25-264-36,MASH,unknown,2025-08-25HE,train,upper,4.4561,81.79,4,28160,12288,512,1.0,,,,1186
R25-264-34_x032768_y010752__r2,R25-264-34,MASH,unknown,2025-08-25HE,train,upper,2.741,78.59,4,32768,10752,512,1.0,,,R25-264-34_x032768_y010752,1187
R26-122-29_HE_82_x017920_y016896__r2,R26-122-29_HE_82,CCl4,unknown,2026-04-20_CCl4_HE,test,upper,4.063,71.67,5,17920,16896,512,1.0,,,R26-122-29_HE_82_x017920_y016896,1188
R25-264-13_x025088_y023040,R25-264-13,MASH,unknown,2025-08-25HE,train,high,4.7041,94.57,3,25088,23040,512,1.0,,,,1189
R26-122-9_HE_78_x007168_y012288,R26-122-9_HE_78,CCl4,unknown,2026-04-20_CCl4_HE,test,high,5.4955,96.22,3,7168,12288,512,1.0,,,,1190
R25-264-11_x028672_y026112__r2,R25-264-11,MASH,unknown,2025-08-25HE,train,low,0.2565,23.23,2,28672,26112,512,1.0,,,R25-264-11_x028672_y026112,1191
R25-264-36_x003072_y016896,R25-264-36,MASH,unknown,2025-08-25HE,train,high,6.2566,96.36,7,3072,16896,512,1.0,,,,1192
R25-264-10_x019968_y022016,R25-264-10,MASH,unknown,2025-08-25HE,test,anchor,0.1434,16.76,1,19968,22016,512,1.0,,,,1193
R25-264-1_x029696_y024064__r2,R25-264-1,MASH,unknown,2025-08-25HE,train,anchor,,0.0,0,29696,24064,512,1.0,,,R25-264-1_x029696_y024064,1194
R25-264-1_x017920_y024064,R25-264-1,MASH,unknown,2025-08-25HE,train,mid,0.2714,59.52,5,17920,24064,512,1.0,,,,1195
R26-122-17_HE_101_x024064_y016896,R26-122-17_HE_101,CCl4,unknown,2026-04-20_CCl4_HE,train,high,6.5709,97.32,7,24064,16896,512,0.8145,,,,1196
R25-264-30_x030720_y014336,R25-264-30,MASH,unknown,2025-08-25HE,train,upper,3.4542,80.63,2,30720,14336,512,1.0,,,,1197
R25-264-37_x014336_y010752__r2,R25-264-37,MASH,unknown,2025-08-25HE,train,anchor,1.6689,22.25,5,14336,10752,512,1.0,,,R25-264-37_x014336_y010752,1198
R25-264-31_x003584_y017408,R25-264-31,MASH,unknown,2025-08-25HE,test,low,0.7054,26.69,4,3584,17408,512,1.0,,,,1199
R26-122-12_HE_81_x015872_y016896__r2,R26-122-12_HE_81,CCl4,unknown,2026-04-20_CCl4_HE,train,anchor,1.2363,13.9,2,15872,16896,512,1.0,,,R26-122-12_HE_81_x015872_y016896,1200
R25-264-3_x003072_y021504,R25-264-3,MASH,unknown,2025-08-25HE,train,anchor,3.6889,81.42,4,3072,21504,512,1.0,,,,1201
R25-264-35_x020992_y019968,R25-264-35,MASH,unknown,2025-08-25HE,test,high,5.2497,90.88,11,20992,19968,512,0.9412,,,,1202
R25-264-35_x003072_y020480__r2,R25-264-35,MASH,unknown,2025-08-25HE,test,mid,3.1881,63.26,2,3072,20480,512,1.0,,,R25-264-35_x003072_y020480,1203
R25-264-36_x027648_y007168,R25-264-36,MASH,unknown,2025-08-25HE,train,mid,2.8704,50.98,2,27648,7168,512,1.0,,,,1204
R26-122-34_HE_93_x023040_y012800,R26-122-34_HE_93,CCl4,unknown,2026-04-20_CCl4_HE,test,high,6.2205,98.37,5,23040,12800,512,1.0,,,,1205
R26-122-22_HE_106_x021504_y011264__r2,R26-122-22_HE_106,CCl4,unknown,2026-04-20_CCl4_HE,train,high,6.1373,91.53,7,21504,11264,512,1.0,,,R26-122-22_HE_106_x021504_y011264,1206
R25-264-32_x040448_y018944,R25-264-32,MASH,unknown,2025-08-25HE,test,upper,3.2966,76.81,3,40448,18944,512,1.0,,,,1207
R25-264-3_x018944_y014336,R25-264-3,MASH,unknown,2025-08-25HE,train,upper,3.6236,80.74,1,18944,14336,512,1.0,,,,1208
R25-264-10_x027648_y006656,R25-264-10,MASH,unknown,2025-08-25HE,test,low,-0.0921,13.92,2,27648,6656,512,1.0,,,,1209
R25-264-31_x030720_y015360,R25-264-31,MASH,unknown,2025-08-25HE,test,mid,1.773,45.71,2,30720,15360,512,1.0,,,,1210
R25-264-31_x020992_y019968,R25-264-31,MASH,unknown,2025-08-25HE,test,upper,4.3491,85.89,1,20992,19968,512,1.0,,,,1211
R25-264-32_x028672_y018944,R25-264-32,MASH,unknown,2025-08-25HE,test,upper,3.1093,74.52,1,28672,18944,512,1.0,,,,1212
R25-264-37_x033792_y007168,R25-264-37,MASH,unknown,2025-08-25HE,train,anchor,10.1765,100.0,7,33792,7168,512,1.0,,,,1213
R25-264-32_x015872_y011264,R25-264-32,MASH,unknown,2025-08-25HE,test,mid,1.9381,55.13,2,15872,11264,512,1.0,,,,1214
R25-264-37_x036352_y008704,R25-264-37,MASH,unknown,2025-08-25HE,train,mid,2.2077,31.97,7,36352,8704,512,1.0,,,,1215
R26-122-19_HE_103_x005120_y014336,R26-122-19_HE_103,CCl4,unknown,2026-04-20_CCl4_HE,train,anchor,4.3486,85.06,5,5120,14336,512,1.0,,,,1216
R25-264-36_x009216_y020992,R25-264-36,MASH,unknown,2025-08-25HE,train,anchor,-1.381,4.48,2,9216,20992,512,1.0,,,,1217
R25-264-31_x027136_y016384,R25-264-31,MASH,unknown,2025-08-25HE,test,high,5.5999,93.56,3,27136,16384,512,1.0,,,,1218
R25-264-36_x011264_y016384,R25-264-36,MASH,unknown,2025-08-25HE,train,anchor,4.2082,77.03,7,11264,16384,512,1.0,,,,1219
R25-264-34_x033792_y018944,R25-264-34,MASH,unknown,2025-08-25HE,train,upper,3.1358,84.4,1,33792,18944,512,1.0,,,,1220
R26-122-12_HE_81_x007680_y016896,R26-122-12_HE_81,CCl4,unknown,2026-04-20_CCl4_HE,train,high,6.4002,97.86,4,7680,16896,512,1.0,,,,1221
R25-264-36_x027136_y011776,R25-264-36,MASH,unknown,2025-08-25HE,train,upper,4.5373,83.47,3,27136,11776,512,1.0,,,,1222
R25-264-12_x035328_y022016,R25-264-12,MASH,unknown,2025-08-25HE,test,high,4.021,95.24,2,35328,22016,512,1.0,,,,1223
R25-264-11_x013312_y011264,R25-264-11,MASH,unknown,2025-08-25HE,train,upper,3.9676,80.32,1,13312,11264,512,1.0,,,,1224
R25-264-10_x010240_y016896,R25-264-10,MASH,unknown,2025-08-25HE,test,upper,4.7124,87.78,3,10240,16896,512,1.0,,,,1225
R25-264-31_x028672_y009728,R25-264-31,MASH,unknown,2025-08-25HE,test,upper,3.6066,76.38,5,28672,9728,512,1.0,,,,1226
R25-264-36_x028672_y020480,R25-264-36,MASH,unknown,2025-08-25HE,train,anchor,1.0078,19.61,5,28672,20480,512,1.0,,,,1227
R26-122-19_HE_103_x012800_y013824,R26-122-19_HE_103,CCl4,unknown,2026-04-20_CCl4_HE,train,high,4.9973,95.4,4,12800,13824,512,1.0,,,,1228
R25-264-32_x026112_y019456__r2,R25-264-32,MASH,unknown,2025-08-25HE,test,mid,1.5905,49.43,1,26112,19456,512,1.0,,,R25-264-32_x026112_y019456,1229
R25-264-34_x036864_y009728,R25-264-34,MASH,unknown,2025-08-25HE,train,anchor,,0.0,0,36864,9728,512,1.0,,,,1230
R26-122-15_HE_85_x006656_y014848,R26-122-15_HE_85,CCl4,unknown,2026-04-20_CCl4_HE,train,high,6.2824,94.09,6,6656,14848,512,1.0,,,,1231
R26-122-6_HE_75_x018432_y010752,R26-122-6_HE_75,CCl4,unknown,2026-04-20_CCl4_HE,train,anchor,6.2715,97.69,4,18432,10752,512,1.0,,,,1232
R25-264-33_x015872_y007680,R25-264-33,MASH,unknown,2025-08-25HE,train,high,5.582,95.0,7,15872,7680,512,1.0,,,,1233
R25-264-35_x019456_y019456__r2,R25-264-35,MASH,unknown,2025-08-25HE,test,anchor,1.7406,34.53,5,19456,19456,512,1.0,,,R25-264-35_x019456_y019456,1234
R25-264-30_x022528_y008192,R25-264-30,MASH,unknown,2025-08-25HE,train,anchor,-0.2971,22.92,1,22528,8192,512,1.0,,,,1235
R25-264-11_x026624_y012288,R25-264-11,MASH,unknown,2025-08-25HE,train,upper,3.8659,78.71,1,26624,12288,512,1.0,,,,1236
R25-264-35_x033792_y019456,R25-264-35,MASH,unknown,2025-08-25HE,test,mid,2.2711,45.03,1,33792,19456,512,1.0,,,,1237
R25-264-35_x025088_y008704__r2,R25-264-35,MASH,unknown,2025-08-25HE,test,high,5.1859,90.33,4,25088,8704,512,1.0,,,R25-264-35_x025088_y008704,1238
R25-264-12_x014848_y022016,R25-264-12,MASH,unknown,2025-08-25HE,test,high,3.2722,90.04,4,14848,22016,512,1.0,,,,1239
R25-264-35_x022528_y026112,R25-264-35,MASH,unknown,2025-08-25HE,test,upper,4.2809,81.22,2,22528,26112,512,1.0,,,,1240
R25-264-12_x011776_y011264,R25-264-12,MASH,unknown,2025-08-25HE,test,upper,2.2869,76.19,2,11776,11264,512,1.0,,,,1241
R26-122-38_HE_97_x006144_y010752__r2,R26-122-38_HE_97,CCl4,unknown,2026-04-20_CCl4_HE,test,high,9.8251,100.0,3,6144,10752,512,1.0,,,R26-122-38_HE_97_x006144_y010752,1242
R25-264-10_x024576_y021504,R25-264-10,MASH,unknown,2025-08-25HE,test,anchor,,0.0,0,24576,21504,512,1.0,,,,1243
R25-264-3_x013312_y020992,R25-264-3,MASH,unknown,2025-08-25HE,train,low,,0.0,0,13312,20992,512,1.0,,,,1244
R25-264-33_x025600_y015360__r2,R25-264-33,MASH,unknown,2025-08-25HE,train,high,5.8275,96.76,4,25600,15360,512,1.0,,,R25-264-33_x025600_y015360,1245
R25-264-11_x013312_y027136,R25-264-11,MASH,unknown,2025-08-25HE,train,anchor,7.3253,97.42,2,13312,27136,512,1.0,,,,1246
R25-264-30_x011776_y014336,R25-264-30,MASH,unknown,2025-08-25HE,train,mid,2.6212,68.38,1,11776,14336,512,1.0,,,,1247
R25-264-3_x004608_y021504,R25-264-3,MASH,unknown,2025-08-25HE,train,high,4.7059,91.22,3,4608,21504,512,1.0,,,,1248
R25-264-1_x028160_y024064,R25-264-1,MASH,unknown,2025-08-25HE,train,high,2.931,94.05,2,28160,24064,512,1.0,,,,1249
R25-264-34_x027136_y011264,R25-264-34,MASH,unknown,2025-08-25HE,train,upper,2.6235,74.92,1,27136,11264,512,1.0,,,,1250
R25-264-12_x005632_y014848,R25-264-12,MASH,unknown,2025-08-25HE,test,mid,1.4712,66.67,2,5632,14848,512,1.0,,,,1251
R25-264-31_x033280_y015360,R25-264-31,MASH,unknown,2025-08-25HE,test,anchor,,0.0,0,33280,15360,512,1.0,,,,1252
R25-264-13_x005120_y018944,R25-264-13,MASH,unknown,2025-08-25HE,train,anchor,-1.2461,11.5,1,5120,18944,512,1.0,,,,1253
R25-264-10_x025088_y006656,R25-264-10,MASH,unknown,2025-08-25HE,test,anchor,4.6886,87.5,5,25088,6656,512,1.0,,,,1254
R25-264-35_x027136_y025088,R25-264-35,MASH,unknown,2025-08-25HE,test,upper,4.8297,86.74,5,27136,25088,512,0.9734,,,,1255
R25-264-32_x006656_y019968,R25-264-32,MASH,unknown,2025-08-25HE,test,anchor,-1.6626,10.27,2,6656,19968,512,1.0,,,,1256
R25-264-13_x018432_y011264__r2,R25-264-13,MASH,unknown,2025-08-25HE,train,high,4.5492,92.65,3,18432,11264,512,1.0,,,R25-264-13_x018432_y011264,1257
R25-264-35_x013824_y009216,R25-264-35,MASH,unknown,2025-08-25HE,test,mid,2.9027,58.56,5,13824,9216,512,1.0,,,,1258
R26-122-29_HE_82_x023040_y010752,R26-122-29_HE_82,CCl4,unknown,2026-04-20_CCl4_HE,test,high,6.1301,94.44,3,23040,10752,512,1.0,,,,1259
R25-264-36_x021504_y006656,R25-264-36,MASH,unknown,2025-08-25HE,train,anchor,2.1126,35.29,4,21504,6656,512,1.0,,,,1260
R25-264-33_x028160_y015360,R25-264-33,MASH,unknown,2025-08-25HE,train,upper,3.9492,79.12,5,28160,15360,512,1.0,,,,1261
R25-264-34_x025600_y011776__r2,R25-264-34,MASH,unknown,2025-08-25HE,train,mid,0.9656,42.81,2,25600,11776,512,1.0,,,R25-264-34_x025600_y011776,1262
R26-122-34_HE_93_x022016_y012800,R26-122-34_HE_93,CCl4,unknown,2026-04-20_CCl4_HE,test,mid,2.3031,36.41,3,22016,12800,512,0.9541,,,,1263
R26-122-23_HE_91_x011776_y014336,R26-122-23_HE_91,CCl4,unknown,2026-04-20_CCl4_HE,train,upper,4.7026,85.09,6,11776,14336,512,1.0,,,,1264
R25-264-10_x011264_y021504,R25-264-10,MASH,unknown,2025-08-25HE,test,high,5.4045,94.03,6,11264,21504,512,1.0,,,,1265
R26-122-34_HE_93_x008704_y008192__r2,R26-122-34_HE_93,CCl4,unknown,2026-04-20_CCl4_HE,test,anchor,4.495,80.43,6,8704,8192,512,1.0,,,R26-122-34_HE_93_x008704_y008192,1266
R25-264-13_x017408_y019456,R25-264-13,MASH,unknown,2025-08-25HE,train,anchor,1.0946,39.3,1,17408,19456,512,1.0,,,,1267
R25-264-12_x009216_y014848,R25-264-12,MASH,unknown,2025-08-25HE,test,low,,0.0,0,9216,14848,512,1.0,,,,1268
R26-122-2_HE_71_x018944_y009728__r2,R26-122-2_HE_71,CCl4,unknown,2026-04-20_CCl4_HE,train,upper,4.2092,83.96,6,18944,9728,512,1.0,,,R26-122-2_HE_71_x018944_y009728,1269
R25-264-37_x014336_y009216,R25-264-37,MASH,unknown,2025-08-25HE,train,high,5.6415,90.03,9,14336,9216,512,1.0,,,,1270
R25-264-10_x009216_y016384__r2,R25-264-10,MASH,unknown,2025-08-25HE,test,anchor,3.2184,63.64,1,9216,16384,512,1.0,,,R25-264-10_x009216_y016384,1271
R26-122-17_HE_101_x019456_y019456,R26-122-17_HE_101,CCl4,unknown,2026-04-20_CCl4_HE,train,mid,2.9122,49.43,7,19456,19456,512,1.0,,,,1272
R25-264-35_x011264_y009728__r2,R25-264-35,MASH,unknown,2025-08-25HE,test,upper,4.9449,88.4,7,11264,9728,512,1.0,,,R25-264-35_x011264_y009728,1273
R26-122-9_HE_78_x006144_y012800__r2,R26-122-9_HE_78,CCl4,unknown,2026-04-20_CCl4_HE,test,mid,2.5714,44.32,3,6144,12800,512,1.0,,,R26-122-9_HE_78_x006144_y012800,1274
R25-264-13_x029696_y011264__r2,R25-264-13,MASH,unknown,2025-08-25HE,train,low,-3.094,1.6,1,29696,11264,512,1.0,,,R25-264-13_x029696_y011264,1275
R25-264-36_x032256_y020992,R25-264-36,MASH,unknown,2025-08-25HE,train,high,12.7569,100.0,4,32256,20992,512,1.0,,,,1276
R26-122-38_HE_97_x021504_y016384,R26-122-38_HE_97,CCl4,unknown,2026-04-20_CCl4_HE,test,upper,5.3705,87.36,6,21504,16384,512,1.0,,,,1277
R25-264-10_x017408_y006656,R25-264-10,MASH,unknown,2025-08-25HE,test,mid,2.8472,55.97,1,17408,6656,512,1.0,,,,1278
R25-264-35_x020480_y009728__r2,R25-264-35,MASH,unknown,2025-08-25HE,test,high,5.5682,93.92,4,20480,9728,512,1.0,,,R25-264-35_x020480_y009728,1279
R25-264-33_x022016_y015360__r2,R25-264-33,MASH,unknown,2025-08-25HE,train,low,,0.0,0,22016,15360,512,1.0,,,R25-264-33_x022016_y015360,1280
R26-122-26_HE_107_x016896_y011776,R26-122-26_HE_107,CCl4,unknown,2026-04-20_CCl4_HE,train,anchor,1.5987,18.28,2,16896,11776,512,1.0,,,,1281
R26-122-36_HE_95_x025600_y012288,R26-122-36_HE_95,CCl4,unknown,2026-04-20_CCl4_HE,train,anchor,4.0126,78.36,1,25600,12288,512,1.0,,,,1282
R26-122-38_HE_97_x019456_y010240,R26-122-38_HE_97,CCl4,unknown,2026-04-20_CCl4_HE,test,low,1.7098,17.58,3,19456,10240,512,1.0,,,,1283
R25-264-32_x041984_y010752,R25-264-32,MASH,unknown,2025-08-25HE,test,high,4.7068,92.4,2,41984,10752,512,1.0,,,,1284
R25-264-32_x036864_y019968,R25-264-32,MASH,unknown,2025-08-25HE,test,upper,3.0531,73.38,1,36864,19968,512,1.0,,,,1285
R25-264-13_x011264_y018944,R25-264-13,MASH,unknown,2025-08-25HE,train,low,-0.8957,12.78,1,11264,18944,512,1.0,,,,1286
R25-264-10_x010752_y011776,R25-264-10,MASH,unknown,2025-08-25HE,test,anchor,3.1434,62.78,3,10752,11776,512,1.0,,,,1287
R25-264-31_x027136_y019968,R25-264-31,MASH,unknown,2025-08-25HE,test,anchor,,0.0,0,27136,19968,512,1.0,,,,1288
R25-264-34_x008192_y010752,R25-264-34,MASH,unknown,2025-08-25HE,train,upper,2.6941,76.76,2,8192,10752,512,1.0,,,,1289
R25-264-11_x038912_y011264,R25-264-11,MASH,unknown,2025-08-25HE,train,upper,4.5806,86.45,4,38912,11264,512,1.0,,,,1290
R25-264-31_x019968_y015872,R25-264-31,MASH,unknown,2025-08-25HE,test,anchor,3.8085,79.45,6,19968,15872,512,0.9559,,,,1291
R25-264-11_x026624_y026112,R25-264-11,MASH,unknown,2025-08-25HE,train,upper,3.5048,74.52,2,26624,26112,512,1.0,,,,1292
R26-122-31_HE_98_x019456_y009728,R26-122-31_HE_98,CCl4,unknown,2026-04-20_CCl4_HE,test,high,4.3705,90.06,3,19456,9728,512,1.0,,,,1293
R25-264-33_x017920_y007168__r2,R25-264-33,MASH,unknown,2025-08-25HE,train,low,-1.127,4.41,2,17920,7168,512,1.0,,,R25-264-33_x017920_y007168,1294
R25-264-32_x020480_y010752,R25-264-32,MASH,unknown,2025-08-25HE,test,anchor,2.4779,64.26,3,20480,10752,512,1.0,,,,1295
R25-264-33_x013312_y015360,R25-264-33,MASH,unknown,2025-08-25HE,train,anchor,-1.0194,5.29,2,13312,15360,512,1.0,,,,1296
R25-264-36_x020480_y007168,R25-264-36,MASH,unknown,2025-08-25HE,train,low,0.876,18.21,1,20480,7168,512,1.0,,,,1297
R25-264-13_x047104_y018944,R25-264-13,MASH,unknown,2025-08-25HE,train,upper,3.2086,75.72,2,47104,18944,512,1.0,,,,1298
R26-122-19_HE_103_x020992_y018944,R26-122-19_HE_103,CCl4,unknown,2026-04-20_CCl4_HE,train,anchor,4.2079,84.48,5,20992,18944,512,0.9541,,,,1299
R25-264-30_x016896_y026624,R25-264-30,MASH,unknown,2025-08-25HE,train,upper,4.1304,87.35,3,16896,26624,512,1.0,,,,1300
R25-264-34_x024576_y018944,R25-264-34,MASH,unknown,2025-08-25HE,train,anchor,,0.0,0,24576,18944,512,1.0,,,,1301
R25-264-36_x019456_y006656,R25-264-36,MASH,unknown,2025-08-25HE,train,high,6.0773,95.52,6,19456,6656,512,1.0,,,,1302
R25-264-30_x018432_y008192__r2,R25-264-30,MASH,unknown,2025-08-25HE,train,upper,4.3851,89.33,2,18432,8192,512,1.0,,,R25-264-30_x018432_y008192,1303
R25-264-37_x026624_y009216__r2,R25-264-37,MASH,unknown,2025-08-25HE,train,anchor,2.2312,32.23,5,26624,9216,512,1.0,,,R25-264-37_x026624_y009216,1304
R25-264-3_x034304_y007168,R25-264-3,MASH,unknown,2025-08-25HE,train,high,5.1598,94.59,1,34304,7168,512,1.0,,,,1305
R25-264-35_x012800_y009728__r2,R25-264-35,MASH,unknown,2025-08-25HE,test,high,5.448,92.82,6,12800,9728,512,1.0,,,R25-264-35_x012800_y009728,1306
R25-264-13_x014336_y023552,R25-264-13,MASH,unknown,2025-08-25HE,train,low,,0.0,0,14336,23552,512,1.0,,,,1307
R25-264-32_x035328_y010752,R25-264-32,MASH,unknown,2025-08-25HE,test,mid,2.172,58.94,4,35328,10752,512,1.0,,,,1308
R25-264-34_x030208_y018432,R25-264-34,MASH,unknown,2025-08-25HE,train,anchor,,0.0,0,30208,18432,512,1.0,,,,1309
R25-264-13_x037376_y023040,R25-264-13,MASH,unknown,2025-08-25HE,train,upper,3.0315,71.57,2,37376,23040,512,1.0,,,,1310
R25-264-31_x013312_y009728__r2,R25-264-31,MASH,unknown,2025-08-25HE,test,upper,4.575,88.04,2,13312,9728,512,1.0,,,R25-264-31_x013312_y009728,1311
R25-264-13_x023552_y018432,R25-264-13,MASH,unknown,2025-08-25HE,train,anchor,,0.0,0,23552,18432,512,1.0,,,,1312
R25-264-13_x045568_y023040,R25-264-13,MASH,unknown,2025-08-25HE,train,anchor,0.6673,31.63,2,45568,23040,512,0.8264,,,,1313
R26-122-26_HE_107_x012288_y016384__r2,R26-122-26_HE_107,CCl4,unknown,2026-04-20_CCl4_HE,train,high,6.4293,95.16,10,12288,16384,512,1.0,,,R26-122-26_HE_107_x012288_y016384,1314
R25-264-33_x014848_y018944,R25-264-33,MASH,unknown,2025-08-25HE,train,anchor,2.5656,55.29,2,14848,18944,512,1.0,,,,1315
R25-264-32_x003584_y011264,R25-264-32,MASH,unknown,2025-08-25HE,test,high,5.3872,95.82,7,3584,11264,512,0.9082,,,,1316
R25-264-32_x027648_y018944__r2,R25-264-32,MASH,unknown,2025-08-25HE,test,high,5.7565,96.96,4,27648,18944,512,1.0,,,R25-264-32_x027648_y018944,1317
R25-264-12_x011264_y014848,R25-264-12,MASH,unknown,2025-08-25HE,test,mid,-0.5089,32.03,2,11264,14848,512,1.0,,,,1318
R26-122-12_HE_81_x013312_y009216,R26-122-12_HE_81,CCl4,unknown,2026-04-20_CCl4_HE,train,low,,0.0,0,13312,9216,512,1.0,,,,1319
R25-264-3_x038912_y014336,R25-264-3,MASH,unknown,2025-08-25HE,train,high,4.7336,91.55,4,38912,14336,512,1.0,,,,1320
R25-264-1_x031232_y020992__r2,R25-264-1,MASH,unknown,2025-08-25HE,train,upper,1.8228,84.52,1,31232,20992,512,0.831,,,R25-264-1_x031232_y020992,1321
R26-122-38_HE_97_x010752_y016384,R26-122-38_HE_97,CCl4,unknown,2026-04-20_CCl4_HE,test,high,5.4957,91.21,3,10752,16384,512,1.0,,,,1322
R25-264-36_x025088_y006656__r2,R25-264-36,MASH,unknown,2025-08-25HE,train,high,6.9012,97.76,6,25088,6656,512,1.0,,,R25-264-36_x025088_y006656,1323
R25-264-37_x020992_y010240__r2,R25-264-37,MASH,unknown,2025-08-25HE,train,low,0.2575,6.65,4,20992,10240,512,1.0,,,R25-264-37_x020992_y010240,1324
R25-264-33_x011264_y019968__r2,R25-264-33,MASH,unknown,2025-08-25HE,train,upper,3.6421,75.29,6,11264,19968,512,1.0,,,R25-264-33_x011264_y019968,1325
R25-264-30_x005632_y019968,R25-264-30,MASH,unknown,2025-08-25HE,train,upper,3.5568,82.61,2,5632,19968,512,1.0,,,,1326
R25-264-10_x032256_y011776__r2,R25-264-10,MASH,unknown,2025-08-25HE,test,high,4.9946,90.34,4,32256,11776,512,1.0,,,R25-264-10_x032256_y011776,1327
R26-122-36_HE_95_x020480_y012800,R26-122-36_HE_95,CCl4,unknown,2026-04-20_CCl4_HE,train,upper,4.0448,79.48,7,20480,12800,512,0.9642,,,,1328
R25-264-36_x028160_y012288__r2,R25-264-36,MASH,unknown,2025-08-25HE,train,upper,4.4561,81.79,4,28160,12288,512,1.0,,,R25-264-36_x028160_y012288,1329
R25-264-12_x031744_y010752__r2,R25-264-12,MASH,unknown,2025-08-25HE,test,upper,2.7658,82.25,3,31744,10752,512,1.0,,,R25-264-12_x031744_y010752,1330
R26-122-6_HE_75_x002560_y010240__r2,R26-122-6_HE_75,CCl4,unknown,2026-04-20_CCl4_HE,train,high,6.3284,98.84,7,2560,10240,512,0.9421,,,R26-122-6_HE_75_x002560_y010240,1331
R26-122-9_HE_78_x009728_y011264,R26-122-9_HE_78,CCl4,unknown,2026-04-20_CCl4_HE,test,low,1.4472,17.84,3,9728,11264,512,1.0,,,,1332
R25-264-12_x032768_y021504__r2,R25-264-12,MASH,unknown,2025-08-25HE,test,anchor,0.3864,47.62,2,32768,21504,512,1.0,,,R25-264-12_x032768_y021504,1333
R25-264-34_x012288_y010752,R25-264-34,MASH,unknown,2025-08-25HE,train,low,-3.8388,1.22,1,12288,10752,512,1.0,,,,1334
R25-264-10_x012288_y016384,R25-264-10,MASH,unknown,2025-08-25HE,test,mid,2.6934,54.26,4,12288,16384,512,1.0,,,,1335
R25-264-36_x016384_y012288__r2,R25-264-36,MASH,unknown,2025-08-25HE,train,upper,4.1484,75.35,9,16384,12288,512,1.0,,,R25-264-36_x016384_y012288,1336
R25-264-31_x007168_y020480,R25-264-31,MASH,unknown,2025-08-25HE,test,mid,2.8278,64.42,2,7168,20480,512,1.0,,,,1337
R25-264-32_x034304_y018944__r2,R25-264-32,MASH,unknown,2025-08-25HE,test,high,4.8157,93.54,4,34304,18944,512,1.0,,,R25-264-32_x034304_y018944,1338
R25-264-30_x009728_y019968,R25-264-30,MASH,unknown,2025-08-25HE,train,anchor,0.6174,37.94,4,9728,19968,512,1.0,,,,1339
R26-122-2_HE_71_x016384_y010240,R26-122-2_HE_71,CCl4,unknown,2026-04-20_CCl4_HE,train,mid,2.817,54.1,2,16384,10240,512,0.989,,,,1340
R25-264-36_x013824_y012288__r2,R25-264-36,MASH,unknown,2025-08-25HE,train,mid,3.3081,61.34,5,13824,12288,512,1.0,,,R25-264-36_x013824_y012288,1341
R25-264-11_x006656_y010752__r2,R25-264-11,MASH,unknown,2025-08-25HE,train,anchor,,0.0,0,6656,10752,512,1.0,,,R25-264-11_x006656_y010752,1342
R25-264-13_x027136_y011264,R25-264-13,MASH,unknown,2025-08-25HE,train,low,,0.0,0,27136,11264,512,0.8145,,,,1343
R25-264-32_x016896_y010752,R25-264-32,MASH,unknown,2025-08-25HE,test,upper,4.0042,87.45,1,16896,10752,512,1.0,,,,1344
R25-264-32_x012288_y010752,R25-264-32,MASH,unknown,2025-08-25HE,test,upper,3.4097,78.71,3,12288,10752,512,1.0,,,,1345
R26-122-12_HE_81_x005632_y016384__r2,R26-122-12_HE_81,CCl4,unknown,2026-04-20_CCl4_HE,train,anchor,2.3118,32.62,9,5632,16384,512,1.0,,,R26-122-12_HE_81_x005632_y016384,1346
R26-122-3_HE_72_x025600_y009728,R26-122-3_HE_72,CCl4,unknown,2026-04-20_CCl4_HE,train,upper,3.6395,74.72,5,25600,9728,512,1.0,,,,1347
R25-264-1_x016896_y024064,R25-264-1,MASH,unknown,2025-08-25HE,train,anchor,,0.0,0,16896,24064,512,1.0,,,,1348
R25-264-11_x003584_y011776__r2,R25-264-11,MASH,unknown,2025-08-25HE,train,high,5.9639,94.19,2,3584,11776,512,1.0,,,R25-264-11_x003584_y011776,1349
R25-264-13_x022016_y023552__r2,R25-264-13,MASH,unknown,2025-08-25HE,train,upper,3.4866,80.83,1,22016,23552,512,1.0,,,R25-264-13_x022016_y023552,1350
R25-264-32_x007168_y011264,R25-264-32,MASH,unknown,2025-08-25HE,test,high,4.9521,94.68,4,7168,11264,512,1.0,,,,1351
R25-264-12_x039936_y021504__r2,R25-264-12,MASH,unknown,2025-08-25HE,test,mid,0.4829,48.92,1,39936,21504,512,1.0,,,R25-264-12_x039936_y021504,1352
R25-264-37_x035328_y007680,R25-264-37,MASH,unknown,2025-08-25HE,train,upper,5.1457,84.14,4,35328,7680,512,1.0,,,,1353
R25-264-3_x047616_y020992__r2,R25-264-3,MASH,unknown,2025-08-25HE,train,upper,3.3078,76.35,1,47616,20992,512,0.9991,,,R25-264-3_x047616_y020992,1354
R25-264-12_x030208_y022016,R25-264-12,MASH,unknown,2025-08-25HE,test,high,6.5693,100.0,3,30208,22016,512,1.0,,,,1355
R25-264-35_x012288_y019968__r2,R25-264-35,MASH,unknown,2025-08-25HE,test,mid,2.7729,56.35,2,12288,19968,512,1.0,,,R25-264-35_x012288_y019968,1356
R25-264-13_x007680_y018944,R25-264-13,MASH,unknown,2025-08-25HE,train,mid,2.0666,54.95,2,7680,18944,512,1.0,,,,1357
R25-264-12_x007680_y011264__r2,R25-264-12,MASH,unknown,2025-08-25HE,test,anchor,,0.0,0,7680,11264,512,1.0,,,R25-264-12_x007680_y011264,1358
R25-264-32_x008192_y019968__r2,R25-264-32,MASH,unknown,2025-08-25HE,test,high,6.0135,98.1,2,8192,19968,512,1.0,,,R25-264-32_x008192_y019968,1359
R26-122-26_HE_107_x011264_y016896,R26-122-26_HE_107,CCl4,unknown,2026-04-20_CCl4_HE,train,high,5.9519,91.4,8,11264,16896,512,1.0,,,,1360
R25-264-35_x012800_y025600,R25-264-35,MASH,unknown,2025-08-25HE,test,high,13.1091,100.0,2,12800,25600,512,1.0,,,,1361
R26-122-6_HE_75_x017408_y010752,R26-122-6_HE_75,CCl4,unknown,2026-04-20_CCl4_HE,train,upper,4.006,79.19,9,17408,10752,512,1.0,,,,1362
R25-264-31_x004608_y016896,R25-264-31,MASH,unknown,2025-08-25HE,test,upper,3.1242,70.25,1,4608,16896,512,1.0,,,,1363
R25-264-11_x005632_y012288,R25-264-11,MASH,unknown,2025-08-25HE,train,high,7.5669,98.39,6,5632,12288,512,1.0,,,,1364
R25-264-31_x024576_y019968,R25-264-31,MASH,unknown,2025-08-25HE,test,high,6.2074,96.63,5,24576,19968,512,1.0,,,,1365
R25-264-35_x014848_y009216,R25-264-35,MASH,unknown,2025-08-25HE,test,anchor,2.9555,59.12,3,14848,9216,512,1.0,,,,1366
R25-264-35_x018432_y026112,R25-264-35,MASH,unknown,2025-08-25HE,test,high,5.9536,95.58,4,18432,26112,512,1.0,,,,1367
R25-264-30_x011264_y008192,R25-264-30,MASH,unknown,2025-08-25HE,train,high,8.0443,99.6,2,11264,8192,512,1.0,,,,1368
R26-122-17_HE_101_x027136_y017920,R26-122-17_HE_101,CCl4,unknown,2026-04-20_CCl4_HE,train,anchor,2.6836,43.3,5,27136,17920,512,1.0,,,,1369
R25-264-30_x030720_y014336__r2,R25-264-30,MASH,unknown,2025-08-25HE,train,upper,3.4542,80.63,2,30720,14336,512,1.0,,,R25-264-30_x030720_y014336,1370
R25-264-1_x030208_y020480__r2,R25-264-1,MASH,unknown,2025-08-25HE,train,upper,0.9099,70.83,1,30208,20480,512,1.0,,,R25-264-1_x030208_y020480,1371
R25-264-1_x020992_y024064__r2,R25-264-1,MASH,unknown,2025-08-25HE,train,anchor,-1.8842,17.26,1,20992,24064,512,1.0,,,R25-264-1_x020992_y024064,1372
R25-264-10_x005632_y022528,R25-264-10,MASH,unknown,2025-08-25HE,test,upper,3.5721,71.02,3,5632,22528,512,1.0,,,,1373
R25-264-30_x010240_y014336,R25-264-30,MASH,unknown,2025-08-25HE,train,upper,2.9446,71.94,3,10240,14336,512,1.0,,,,1374
R25-264-34_x033280_y009728,R25-264-34,MASH,unknown,2025-08-25HE,train,high,5.6041,99.08,5,33280,9728,512,1.0,,,,1375
R25-264-33_x017408_y018432,R25-264-33,MASH,unknown,2025-08-25HE,train,high,5.6721,95.29,3,17408,18432,512,1.0,,,,1376
R25-264-34_x013312_y018944,R25-264-34,MASH,unknown,2025-08-25HE,train,high,4.0027,93.58,2,13312,18944,512,1.0,,,,1377
R25-264-34_x007168_y011264,R25-264-34,MASH,unknown,2025-08-25HE,train,anchor,2.6458,75.54,1,7168,11264,512,1.0,,,,1378
R26-122-12_HE_81_x003584_y016384,R26-122-12_HE_81,CCl4,unknown,2026-04-20_CCl4_HE,train,upper,4.0738,71.66,5,3584,16384,512,1.0,,,,1379
R25-264-33_x019968_y018432,R25-264-33,MASH,unknown,2025-08-25HE,train,upper,3.4487,71.18,5,19968,18432,512,1.0,,,,1380
R26-122-17_HE_101_x024576_y017920,R26-122-17_HE_101,CCl4,unknown,2026-04-20_CCl4_HE,train,upper,4.7516,86.21,5,24576,17920,512,1.0,,,,1381
R25-264-12_x029184_y022016,R25-264-12,MASH,unknown,2025-08-25HE,test,upper,3.1825,88.74,8,29184,22016,512,1.0,,,,1382
R25-264-33_x009728_y019968,R25-264-33,MASH,unknown,2025-08-25HE,train,high,5.3493,92.35,4,9728,19968,512,1.0,,,,1383
R25-264-1_x014336_y020992,R25-264-1,MASH,unknown,2025-08-25HE,train,low,,0.0,0,14336,20992,512,1.0,,,,1384
R25-264-3_x045568_y027648__r2,R25-264-3,MASH,unknown,2025-08-25HE,train,anchor,,0.0,0,45568,27648,512,1.0,,,R25-264-3_x045568_y027648,1385
R25-264-31_x020992_y015872__r2,R25-264-31,MASH,unknown,2025-08-25HE,test,anchor,2.7259,61.35,3,20992,15872,512,0.9982,,,R25-264-31_x020992_y015872,1386
R25-264-11_x018432_y010240,R25-264-11,MASH,unknown,2025-08-25HE,train,mid,1.9331,45.81,4,18432,10240,512,1.0,,,,1387
R25-264-3_x037376_y007168,R25-264-3,MASH,unknown,2025-08-25HE,train,anchor,-0.7826,9.8,1,37376,7168,512,1.0,,,,1388
R25-264-35_x035840_y015360,R25-264-35,MASH,unknown,2025-08-25HE,test,high,7.3987,98.07,4,35840,15360,512,1.0,,,,1389
R26-122-12_HE_81_x023040_y008704__r2,R26-122-12_HE_81,CCl4,unknown,2026-04-20_CCl4_HE,train,upper,4.7367,82.89,10,23040,8704,512,1.0,,,R26-122-12_HE_81_x023040_y008704,1390
R25-264-36_x010752_y012288,R25-264-36,MASH,unknown,2025-08-25HE,train,low,0.58,14.29,1,10752,12288,512,1.0,,,,1391
R25-264-34_x035328_y009728,R25-264-34,MASH,unknown,2025-08-25HE,train,high,3.9738,93.27,3,35328,9728,512,1.0,,,,1392
R25-264-37_x031232_y007680,R25-264-37,MASH,unknown,2025-08-25HE,train,high,7.1642,97.7,4,31232,7680,512,1.0,,,,1393
R25-264-32_x028672_y018944__r2,R25-264-32,MASH,unknown,2025-08-25HE,test,upper,3.1093,74.52,1,28672,18944,512,1.0,,,R25-264-32_x028672_y018944,1394
R26-122-12_HE_81_x006656_y016896,R26-122-12_HE_81,CCl4,unknown,2026-04-20_CCl4_HE,train,mid,2.7547,44.39,6,6656,16896,512,1.0,,,,1395
R25-264-12_x025600_y010752__r2,R25-264-12,MASH,unknown,2025-08-25HE,test,low,,0.0,0,25600,10752,512,1.0,,,R25-264-12_x025600_y010752,1396
R25-264-11_x009216_y010240,R25-264-11,MASH,unknown,2025-08-25HE,train,anchor,3.2359,69.03,2,9216,10240,512,1.0,,,,1397
R26-122-17_HE_101_x024064_y016896__r2,R26-122-17_HE_101,CCl4,unknown,2026-04-20_CCl4_HE,train,high,6.5709,97.32,7,24064,16896,512,0.8145,,,R26-122-17_HE_101_x024064_y016896,1398
R25-264-1_x015872_y021504,R25-264-1,MASH,unknown,2025-08-25HE,train,upper,0.9954,71.43,1,15872,21504,512,1.0,,,,1399
R25-264-37_x019968_y009216,R25-264-37,MASH,unknown,2025-08-25HE,train,low,2.1136,29.41,2,19968,9216,512,1.0,,,,1400
