candidate_id,slide,feature,x,y,width,height,score,tile_x,tile_y,image,overlay,crop_um,crop_mode,m_local_median_territory_um2,m_nc_ratio,m_territory_area_um2,m_z_cyto_entropy_mean,m_z_cyto_eosin_od_mean,m_z_cyto_gray_mean,m_z_cyto_local_std_mean,m_z_nn_distance_um,m_z_territory_area_um2,assigned_to,batch,duplicate_of,padding_um,rank,review_band,verdict,reviewer,notes
ballooning_x020001_y016071,R26-041-15,ballooning,20001,16071,82,52,-4.19567,19968,15872,images/ballooning_x020001_y016071.png,overlays/ballooning_x020001_y016071.png,120.853,bbox_padded,460.16291031750006,0.03963142772218369,619.0089635925001,-4.840714831466447,-1.3826235389670538,2.0924470682573584,-2.743366423865045,2.1936302980305493,1.0057173673254935,PathA,P273-2026-02-13_Christina HE,,40.0,5019,low,,,
ballooning_x009585_y022177,R25-264-1,ballooning,9585,22177,81,82,0.490613,9216,22016,images/ballooning_x009585_y022177.png,overlays/ballooning_x009585_y022177.png,120.358,bbox_padded,440.7824652075,0.052602348460806095,773.00990559,-0.010224511120282487,-0.022528854159160883,0.04131605027857848,-0.6732989969887807,0.8452972539793754,1.734084691070107,PathA,2025-08-25HE,,40.0,,vetoed,,,
ballooning_x026898_y015763,R25-223-14_HE,ballooning,26898,15763,48,72,-0.022897,26624,15360,images/ballooning_x026898_y015763.png,overlays/ballooning_x026898_y015763.png,104.013,bbox_padded,384.87969394875006,0.09288722508189048,524.2533063300001,0.0354644296550527,0.3245082091016403,-0.4218847741826903,-0.27263676201549614,-0.010423513376767266,1.0087398821392317,PathA,2025-07-09_Evelyn_HE,,40.0,3379,mid,,,
ballooning_x010468_y014671,R25-151_32_HE,ballooning,10468,14671,56,36,-1.002245,10240,14336,images/ballooning_x010468_y014671.png,overlays/ballooning_x010468_y014671.png,107.975,bbox_padded,237.96242730000003,0.06431686046511627,337.56319584000005,-0.6923182249440737,0.3783886844142115,-0.24609603128119412,-0.8530068284854087,0.5778190142473378,0.7436340756211749,PathA,2025-04-29HE,,40.0,6397,mid,,,
ballooning_x048111_y021824,R26-041-1,ballooning,48111,21824,52,42,3.068238,47616,21504,images/ballooning_x048111_y021824.png,overlays/ballooning_x048111_y021824.png,105.994,bbox_padded,206.0705556,0.22368421052631582,316.95614028,0.5951878714602914,-0.9691245593363734,0.6327384360455461,0.567318763666226,0.4443947451871311,1.5300869424512975,PathA,P273-2026-02-13_Christina HE,,40.0,510,top,,,
ballooning_x047639_y017304,R25-223-3_HE,ballooning,47639,17304,66,78,3.93927,47616,16896,images/ballooning_x047639_y017304.png,overlays/ballooning_x047639_y017304.png,112.928,bbox_padded,390.85941989250006,0.056088247772592276,722.7802076625001,0.4565313241649207,-0.7906464613557849,0.9346920079288662,0.9679858751515968,1.3958961049427439,2.1485250089978414,PathA,2025-07-09_Evelyn_HE,,40.0,582,top,,,
ballooning_x011969_y015920,R25-345-17,ballooning,11969,15920,67,61,-0.444544,11776,15872,images/ballooning_x011969_y015920.png,overlays/ballooning_x011969_y015920.png,113.424,bbox_padded,473.71695579000004,0.06475026263012129,642.1919010975,-0.3650932896510482,-0.07857651055015538,0.2222774498003135,-0.9108405491939016,0.9259112007588318,0.8510914636114867,PathA,2025-11-14HE,,40.0,1691,mid,,,
ballooning_x036886_y018938,R26-041-4,ballooning,36886,18938,43,57,-0.015961,36864,18432,images/ballooning_x036886_y018938.png,overlays/ballooning_x036886_y018938.png,101.537,bbox_padded,565.6514090175001,0.04389918210649308,367.4311602975,0.029351289045267872,0.3540918570592217,-0.32743033663858573,-0.46574559011526334,0.9147520480202801,-0.9207831614058524,PathA,P273-2026-02-13_Christina HE,,40.0,,vetoed,,,
ballooning_x013574_y014076,R22-354_23_ACLY656 NASH4,ballooning,13574,14076,66,66,-0.117537,13312,13824,images/ballooning_x013574_y014076.png,overlays/ballooning_x013574_y014076.png,112.928,bbox_padded,325.78773552,0.0932296231375986,559.8250093800001,0.023515373705963686,0.23704072480705002,-0.1933969541079412,-0.3242269148609563,2.0350002130637956,1.6177603633957816,PathA,2025-03-28_Celina 656D H&E,,40.0,2119,mid,,,
ballooning_x005599_y014242,R25-151_32_HE,ballooning,5599,14242,74,53,2.24598,5120,13824,images/ballooning_x005599_y014242.png,overlays/ballooning_x005599_y014242.png,116.891,bbox_padded,242.68487753250002,0.05970149253731344,530.0797059675,-0.3579135472288902,0.16360829484976044,1.3182979053144,0.10573506753654639,3.7610930600239634,2.61427932084973,PathA,2025-04-29HE,,40.0,971,top,,,
ballooning_x010238_y009868,R26-122-10_HE_79,ballooning,10238,9868,56,76,3.422978,9728,9728,images/ballooning_x010238_y009868.png,overlays/ballooning_x010238_y009868.png,107.975,bbox_padded,458.75230830000004,0.05861405197305101,637.224128775,0.31761655864597366,-0.8106452037767105,1.0667047774516738,0.186036755627538,-0.5925565712562962,1.1338926112518153,PathA,2026-04-20_CCl4_HE,,40.0,464,top,,,
ballooning_x030691_y015014,R25-264-39,ballooning,30691,15014,74,75,-3.060538,30208,14848,images/ballooning_x030691_y015014.png,overlays/ballooning_x030691_y015014.png,116.891,bbox_padded,547.1909217450001,0.0551235767842266,883.4048460900001,-0.5138739014650323,1.0725013901106868,-0.37012836200037047,-1.4771903869690681,1.3575158194597345,1.1832186699042222,PathA,2025-08-25HE,,40.0,3916,low,,,
ballooning_x039195_y019172,R22--063-20_HE,ballooning,39195,19172,39,54,-3.276154,38912,18944,images/ballooning_x039195_y019172.png,overlays/ballooning_x039195_y019172.png,99.555,bbox_padded,297.72902147625,0.1471480582524272,202.14540216,-0.6103068122086123,0.7949723924677996,-0.37645834115037113,-0.9141273586384884,-0.001461470721493227,-0.6837033161913975,PathA,2025-09-24HE,,40.0,,vetoed,,,
ballooning_x022232_y012691,R25-151_25_HE,ballooning,22232,12691,60,47,-4.008694,22016,12288,images/ballooning_x022232_y012691.png,overlays/ballooning_x022232_y012691.png,109.957,bbox_padded,291.04399452375003,0.2370564281559046,421.70867271000003,-1.1554878442898633,0.9777859828957489,-1.0013688290882035,-0.9770959736369276,0.3347975435891436,0.8386358698948853,PathA,2025-04-29HE,,40.0,13346,low,,,
ballooning_x051921_y023899,R25-079_24_HE,ballooning,51921,23899,74,88,0.465818,51712,23552,images/ballooning_x051921_y023899.png,overlays/ballooning_x051921_y023899.png,116.891,bbox_padded,383.68374876,0.0488556338028169,1114.7435769600002,-0.3476274750374034,0.7008737153333353,-0.39181043815187677,-0.8400756199847952,2.850701911338612,3.6561754674674924,PathA,2025-03-07_Jaya HE,,40.0,1913,mid,,,
ballooning_x007698_y017271,R26-041-26,ballooning,7698,17271,57,84,-3.800757,7680,16896,images/ballooning_x007698_y017271.png,overlays/ballooning_x007698_y017271.png,108.471,bbox_padded,478.28607971625,0.041254278050134124,663.0442787475,-0.8808779823325397,0.6040709384059021,-0.32952290413252905,-1.567948408091579,0.6162726051463212,0.9890014178258665,PathA,P273-2026-02-13_Christina HE,,40.0,2933,low,,,
ballooning_x019188_y022523,R25-079_24_HE,ballooning,19188,22523,76,80,-6.052791,18944,22528,images/ballooning_x019188_y022523.png,overlays/ballooning_x019188_y022523.png,117.881,bbox_padded,454.1218538512501,0.03153249341590149,861.6325106025,-1.1946049957874827,1.6509044091025593,-0.8898238880597844,-2.4456177222428694,0.8084801381510679,1.7303682823715194,PathA,2025-03-07_Jaya HE,,40.0,3988,low,,,
ballooning_x012945_y023146,R25-079_15_HE,ballooning,12945,23146,57,56,-3.540495,12800,23040,images/ballooning_x012945_y023146.png,overlays/ballooning_x012945_y023146.png,108.471,bbox_padded,305.67132414,0.050431034482758624,426.8604366,-0.7868057105543772,1.035151232713411,-1.3115725734057886,-0.41655097484384296,0.4426215701255791,0.7624678150604988,PathA,2025-03-07_Jaya HE,,40.0,4960,low,,,
ballooning_x011582_y012365,R25-151_32_HE,ballooning,11582,12365,36,30,2.858393,11264,12288,images/ballooning_x011582_y012365.png,overlays/ballooning_x011582_y012365.png,98.069,bbox_padded,228.21087422250002,0.05736060970718009,152.89699259250003,1.2188710791135653,-0.9562525008841851,0.3948993144540998,2.017513569318001,-0.8384145952650572,-0.6023815655543701,PathA,2025-04-29HE,,40.0,,vetoed,,,
ballooning_x013626_y013959,R25-264-24,ballooning,13626,13959,73,70,0.015836,13312,13824,images/ballooning_x013626_y013959.png,overlays/ballooning_x013626_y013959.png,116.395,bbox_padded,464.70136898250007,0.06934938566834337,743.7552463575,-0.4834069099700561,1.018779495597226,-0.6870821563445991,-1.0290759503841151,2.960469574248042,1.7581970527748538,PathA,2025-08-25HE,,40.0,3057,mid,,,
ballooning_x054046_y022617,R25-079_10_HE,ballooning,54046,22617,39,46,-0.838231,53760,22528,images/ballooning_x054046_y022617.png,overlays/ballooning_x054046_y022617.png,99.555,bbox_padded,394.78457333250003,0.14864355689525247,325.54241343,0.02946034138972441,0.44489136541253754,0.09838408543442533,0.21026230358290876,-0.6490805007414245,-0.364528514815259,PathA,2025-03-07_Jaya HE,,40.0,,vetoed,,,
ballooning_x035304_y015785,R26-041-15,ballooning,35304,15785,80,54,4.046688,34816,15360,images/ballooning_x035304_y015785.png,overlays/ballooning_x035304_y015785.png,119.863,bbox_padded,364.180642605,0.07951100244498777,627.1045925625001,0.28763068009130577,-1.8856888405484524,1.7300819404727836,0.7276534344475164,0.3035509593243085,1.3233601308357732,PathA,P273-2026-02-13_Christina HE,,40.0,439,top,,,
ballooning_x008760_y013544,R22--063-16_HE,ballooning,8760,13544,86,84,0.969813,8704,13312,images/ballooning_x008760_y013544.png,overlays/ballooning_x008760_y013544.png,122.834,bbox_padded,662.3083124775001,0.0403364557445995,962.4598895925001,-0.2878916111458675,-0.40167338279444154,0.8933580651493724,-0.3570453139073319,0.3994084132477811,1.0787443715289076,PathA,2025-09-24HE,,40.0,1415,mid,,,
ballooning_x021461_y013875,R25-151-36_HE,ballooning,21461,13875,58,77,0.402312,20992,13824,images/ballooning_x021461_y013875.png,overlays/ballooning_x021461_y013875.png,108.966,bbox_padded,456.8510621025,0.06102661596958175,645.1970967000001,-0.20103891045946412,-0.009263059447494382,-0.3306240882971292,-0.7140133962697661,0.9185007848891414,1.006247812656121,PathA,2025-04-29HE,,40.0,2515,mid,,,
ballooning_x016002_y017192,R22--063-10_HE,ballooning,16002,17192,76,72,0.349933,15872,16896,images/ballooning_x016002_y017192.png,overlays/ballooning_x016002_y017192.png,117.881,bbox_padded,402.38955812250003,0.053563075003898335,786.625281585,-0.4802606823034292,0.4015521356648968,-0.0564811392694479,-0.6398118151458874,2.119723713658518,2.2891032546700263,PathA,2025-09-24HE,,40.0,1801,mid,,,
ballooning_x034181_y022288,R25-079_15_HE,ballooning,34181,22288,34,39,-4.864731,33792,22016,images/ballooning_x034181_y022288.png,overlays/ballooning_x034181_y022288.png,97.079,bbox_padded,388.89684317250004,0.10137375651350071,129.4687329975,0.16545965624131673,1.3457813186347456,-3.674243377292176,-0.08523356687004413,-1.0695066708669825,-0.9841655441828209,PathA,2025-03-07_Jaya HE,,40.0,,vetoed,,,
ballooning_x017125_y012784,R25-151-36_HE,ballooning,17125,12784,57,76,-0.074408,16896,12288,images/ballooning_x017125_y012784.png,overlays/ballooning_x017125_y012784.png,108.471,bbox_padded,440.59847364,0.033433433433433433,612.6919197750001,0.03971342747135469,-0.3092600732080376,0.15213095690801948,0.06588133421901927,0.7305671062904093,1.0342191645307792,PathA,2025-04-29HE,,40.0,2889,mid,,,
ballooning_x033471_y023290,R25-079_24_HE,ballooning,33471,23290,72,84,0.5337,33280,23040,images/ballooning_x033471_y023290.png,overlays/ballooning_x033471_y023290.png,115.9,bbox_padded,368.6577707475,0.03141091658084449,952.8309975600001,-0.0987568515447039,1.0703807083321146,-0.17954721309783633,-0.5462542789315075,2.4400190390004233,2.7332586615675694,PathA,2025-03-07_Jaya HE,,40.0,1865,mid,,,
ballooning_x020788_y014634,R26-122-36_HE_95,ballooning,20788,14634,95,88,2.941485,20480,14336,images/ballooning_x020788_y014634.png,overlays/ballooning_x020788_y014634.png,127.292,bbox_padded,384.32771924625,0.08979951735659923,1321.55009883,0.49200837581992407,-0.36311711399013374,-0.9470702836358285,0.5911965245625164,3.523290788754354,4.55870435247306,PathA,2026-04-20_CCl4_HE,,40.0,845,top,,,
ballooning_x009526_y022244,R25-345-20,ballooning,9526,22244,63,80,0.15903,9216,22016,images/ballooning_x009526_y022244.png,overlays/ballooning_x009526_y022244.png,111.443,bbox_padded,483.52983939000006,0.10172038163924574,816.3705849975,0.06424079256049478,0.7108874877251362,-0.6890011863671015,-0.09986592438976727,0.6127340176883281,1.4837703087472562,PathA,2025-11-14HE,,40.0,696,mid,,,
ballooning_x005606_y019166,R25-345-13,ballooning,5606,19166,76,86,2.881231,5120,18944,images/ballooning_x005606_y019166.png,overlays/ballooning_x005606_y019166.png,117.881,bbox_padded,380.55589211250003,0.05939031949061812,1088.4327828075002,0.05350442192996959,-0.36463894242329775,0.782151295215788,-0.40987641590427826,3.0090822998982776,4.006676451816193,PathA,2025-11-14HE,,40.0,748,top,,,
ballooning_x028926_y013099,R22--063-6_HE,ballooning,28926,13099,102,98,4.261713,28672,12800,images/ballooning_x028926_y013099.png,overlays/ballooning_x028926_y013099.png,130.759,bbox_padded,753.3228078675,0.016943745347559463,1730.1953702475003,0.02109288487971164,-0.40269835693028805,0.36462472545996466,0.033895227818527156,6.679156527250562,3.860326560166442,PathA,2025-09-24HE,,40.0,176,top,,,
ballooning_x036570_y018250,R22--063-20_HE,ballooning,36570,18250,91,76,0.30945,36352,17920,images/ballooning_x036570_y018250.png,overlays/ballooning_x036570_y018250.png,125.311,bbox_padded,304.3833831675,0.018673463733584528,1106.8319395575002,-1.7025402914176202,0.21396441748573125,0.24713207250441227,-1.0415186752629721,3.823935249284229,5.01993008930135,PathA,2025-09-24HE,,40.0,1550,mid,,,
ballooning_x019422_y015395,R26-041-15,ballooning,19422,15395,78,48,-3.463648,18944,15360,images/ballooning_x019422_y015395.png,overlays/ballooning_x019422_y015395.png,118.872,bbox_padded,491.80945992750003,0.062401678028316726,467.82922563000005,-0.6825512883278329,0.8244643804809477,-0.4802701288442511,-0.9315196801827458,-1.2873474984594213,-0.1176297444047049,PathA,P273-2026-02-13_Christina HE,,40.0,,vetoed,,,
ballooning_x008804_y022488,R26-041-1,ballooning,8804,22488,86,67,0.655065,8704,22016,images/ballooning_x008804_y022488.png,overlays/ballooning_x008804_y022488.png,122.834,bbox_padded,389.5101483975,0.036647173489278755,786.5639510625001,-0.6319842938548291,-0.13023762267062838,1.0997473214787028,-1.1081041103847742,2.779264379734874,2.164924728235736,PathA,P273-2026-02-13_Christina HE,,40.0,1721,mid,,,
ballooning_x026638_y021568,R25-345-20,ballooning,26638,21568,43,52,1.514238,26624,21504,images/ballooning_x026638_y021568.png,overlays/ballooning_x026638_y021568.png,101.537,bbox_padded,553.2626434725,0.06547884187082405,275.37404602500004,-0.0966960404463588,-0.6804491054526961,1.1914928056355467,0.15670798407315992,-0.24910372504489675,-1.5521166232546741,PathA,2025-11-14HE,,40.0,,vetoed,,,
ballooning_x026356_y015781,R25-345-17,ballooning,26356,15781,89,72,-0.245444,26112,15360,images/ballooning_x026356_y015781.png,overlays/ballooning_x026356_y015781.png,124.32,bbox_padded,544.4003829712501,0.06817751404583045,971.5368069225001,0.06406187954384344,0.33362525105703533,-0.7620113074455018,-0.4370924614610226,0.9153457128362735,1.532623456565986,PathA,2025-11-14HE,,40.0,1599,mid,,,
ballooning_x015674_y013933,R22--063-25_HE,ballooning,15674,13933,81,88,7.378421,15360,13824,images/ballooning_x015674_y013933.png,overlays/ballooning_x015674_y013933.png,120.358,bbox_padded,469.91446339500004,0.06820688809903175,1000.7914661550001,0.45105242178515154,-2.069641068857028,2.2266898146850944,0.6869368753427342,0.7317140226581417,2.0881230379218203,PathA,2025-09-24HE,,40.0,73,top,,,
ballooning_x004631_y015482,R25-264-17,ballooning,4631,15482,90,80,4.520641,4608,15360,images/ballooning_x004631_y015482.png,overlays/ballooning_x004631_y015482.png,124.816,bbox_padded,409.38123768750006,0.04005856515373353,1047.2186716875,0.16792336957043053,-0.7391840691656264,0.8943589803416407,0.48983473560626856,2.855755612757281,2.956671822363157,PathA,2025-08-25HE,,40.0,124,top,,,
ballooning_x011644_y014907,R25-264-17,ballooning,11644,14907,79,69,-3.105278,11264,14848,images/ballooning_x011644_y014907.png,overlays/ballooning_x011644_y014907.png,119.367,bbox_padded,456.17642635500005,0.02969543147208122,724.9267759500001,-0.45640485889486604,1.4368552814416236,-1.0802513878913838,-1.4742096555074424,0.9423730065871188,1.5984956776779022,PathA,2025-08-25HE,,40.0,3780,low,,,
ballooning_x008471_y010531,R25-151_32_HE,ballooning,8471,10531,56,60,-0.671301,8192,10240,images/ballooning_x008471_y010531.png,overlays/ballooning_x008471_y010531.png,107.975,bbox_padded,244.2794711175,0.21749859786876055,546.7616080875,-0.5476149863424615,0.4317223758120879,-0.4021984967495127,-0.28126322890143346,1.226065973532434,2.486239481120006,PathA,2025-04-29HE,,40.0,5508,mid,,,
ballooning_x021652_y011864,R22-354_16_ACLY656 CHOW1,ballooning,21652,11864,69,79,0.072942,21504,11776,images/ballooning_x021652_y011864.png,overlays/ballooning_x021652_y011864.png,114.414,bbox_padded,527.8104766350001,0.0526562919237993,914.3154294300001,0.06926323535087883,-0.08260625987000185,-0.8199699666167459,0.030250599264922656,1.4193854945274507,1.1896559659170172,PathA,2025-03-28_Celina 656D H&E,,40.0,1886,mid,,,
ballooning_x016621_y012430,R22-354_19_ACLY656 CHOW4,ballooning,16621,12430,80,57,5.082643,16384,12288,images/ballooning_x016621_y012430.png,overlays/ballooning_x016621_y012430.png,119.863,bbox_padded,440.23049050500003,0.08668263685564723,691.2563190975001,0.41451571311329116,-1.9319312465984841,1.9039169833207983,1.1278632766355356,0.3477826264742524,1.236314679148099,PathA,2025-03-28_Celina 656D H&E,,40.0,283,top,,,
ballooning_x026421_y017525,R25-223-21_HE,ballooning,26421,17525,62,60,-1.590601,26112,17408,images/ballooning_x026421_y017525.png,overlays/ballooning_x026421_y017525.png,110.947,bbox_padded,340.87504405500005,0.057483863110461574,503.58492024750007,-0.7427308461881632,0.27986569942295175,0.05043117506843403,-0.7008950174511964,0.7046809463210777,1.0307741848452807,PathA,2025-07-09_Evelyn_HE,,40.0,5464,low,,,
ballooning_x031516_y013867,R26-041-15,ballooning,31516,13867,69,66,0.116107,31232,13824,images/ballooning_x031516_y013867.png,overlays/ballooning_x031516_y013867.png,114.414,bbox_padded,406.80535574250007,0.10719184793258867,625.9393126350001,0.32553013121068647,0.693918714831658,-0.8701060078460086,0.3098331537955861,0.810543069423023,1.373976900575755,PathA,P273-2026-02-13_Christina HE,,40.0,2900,mid,,,
ballooning_x011047_y014784,R22--063-16_HE,ballooning,11047,14784,89,82,-5.958142,10752,14336,images/ballooning_x011047_y014784.png,overlays/ballooning_x011047_y014784.png,124.32,bbox_padded,628.8218471925001,0.048434105240845744,1157.3682900975,-0.6540020160186896,1.6822839000286636,-2.4785555736499565,-1.8740788113123041,0.9813661284247529,1.7996165217242404,PathA,2025-09-24HE,,40.0,2819,low,,,
ballooning_x024956_y012324,R22-354_23_ACLY656 NASH4,ballooning,24956,12324,79,72,6.555114,24576,12288,images/ballooning_x024956_y012324.png,overlays/ballooning_x024956_y012324.png,119.367,bbox_padded,471.38639593500005,0.02219648716464003,953.2603112175001,0.6337780877544499,-1.810462589823832,2.0612400605469294,0.6409437884772837,1.7327868225178316,1.6893445639807487,PathA,2025-03-28_Celina 656D H&E,,40.0,78,top,,,
ballooning_x033225_y017791,R25-223-21_HE,ballooning,33225,17791,74,75,0.943111,32768,17408,images/ballooning_x033225_y017791.png,overlays/ballooning_x033225_y017791.png,116.891,bbox_padded,339.40311151500003,0.04195323246217332,891.74579715,-0.758709709295435,-0.4239753950166791,0.42929647138989935,-0.5702125912893893,2.6180110616320977,3.390713803988956,PathA,2025-07-09_Evelyn_HE,,40.0,2754,mid,,,
ballooning_x017301_y020450,R26-122-17_HE_101,ballooning,17301,20450,79,64,4.334967,16896,19968,images/ballooning_x017301_y020450.png,overlays/ballooning_x017301_y020450.png,119.367,bbox_padded,493.12806616125005,0.07533838426832383,720.4496478075,0.3945373032220767,-0.4552563953697217,0.6772260446208768,1.396929605632342,0.3929598241712893,1.1856770215793218,PathA,2026-04-20_CCl4_HE,,40.0,400,top,,,
ballooning_x005878_y012129,R22-354_23_ACLY656 NASH4,ballooning,5878,12129,58,58,3.067111,5632,11776,images/ballooning_x005878_y012129.png,overlays/ballooning_x005878_y012129.png,108.966,bbox_padded,433.26947620125003,0.03518169972491675,423.60991890750006,0.8156373017436107,-0.49449462420485124,1.359539709513254,0.5926901328816582,0.5313784238600648,-0.03704054902983383,PathA,2025-03-28_Celina 656D H&E,,40.0,,vetoed,,,
ballooning_x029169_y021037,R25-264-1,ballooning,29169,21037,78,95,2.142693,28672,20992,images/ballooning_x029169_y021037.png,overlays/ballooning_x029169_y021037.png,118.872,bbox_padded,537.2553771,0.13941406459214828,1145.1021855975,0.3623461646893338,0.011700064848616912,-0.017025224709130846,0.5665579220413542,0.8356311867922995,3.1532443005530824,PathA,2025-08-25HE,,40.0,61,top,,,
ballooning_x023995_y012885,R25-264-24,ballooning,23995,12885,64,66,-3.459313,23552,12800,images/ballooning_x023995_y012885.png,overlays/ballooning_x023995_y012885.png,111.938,bbox_padded,460.8988765875,0.03150856665273715,733.8197017125001,-1.0367596437832698,0.7595768517827174,-0.6021497256273125,-1.9650407276618282,0.6036939342847268,1.5003668481233936,PathA,2025-08-25HE,,40.0,5493,low,,,
ballooning_x009688_y018708,R25-345-1,ballooning,9688,18708,50,56,4.218249,9216,18432,images/ballooning_x009688_y018708.png,overlays/ballooning_x009688_y018708.png,105.004,bbox_padded,284.60428966125005,0.06112829577257328,416.37291725250003,1.3859429723611392,-0.6824203562374459,1.4661650689982388,1.133594352983885,1.0485257982115048,0.8219758347903938,PathA,2025-11-14HE,,40.0,760,top,,,
ballooning_x024175_y011874,R22-354_16_ACLY656 CHOW1,ballooning,24175,11874,66,50,1.335577,24064,11776,images/ballooning_x024175_y011874.png,overlays/ballooning_x024175_y011874.png,112.928,bbox_padded,587.76106237875,0.09766637856525497,425.75648719500003,0.2444759491647163,0.0795446641693112,-0.5411071889229794,1.102165542600025,-0.049628914429266806,-0.4897381366567966,PathA,2025-03-28_Celina 656D H&E,,40.0,,vetoed,,,
ballooning_x005987_y015599,R25-151_18_HE,ballooning,5987,15599,82,90,0.496891,5632,15360,images/ballooning_x005987_y015599.png,overlays/ballooning_x005987_y015599.png,120.853,bbox_padded,434.58808243500005,0.04831199068684517,948.2925388950001,-0.011545563253096728,0.45076429749751395,-0.17382200158228434,0.18857550910572793,0.7921147363534259,2.4215750541688648,PathA,2025-04-29HE,,40.0,2907,mid,,,
ballooning_x023767_y012468,R25-223-18_HE,ballooning,23767,12468,62,68,10.718258,23552,12288,images/ballooning_x023767_y012468.png,overlays/ballooning_x023767_y012468.png,110.947,bbox_padded,378.04134069,0.07290090771558246,648.63160596,1.6195057326674624,-2.3577347270135562,2.9768754075893264,2.563403455129331,1.2642775643087023,1.5699568614142643,PathA,2025-07-09_Evelyn_HE,,40.0,9,top,,,
ballooning_x022219_y018893,R26-041-20,ballooning,22219,18893,58,56,-3.414615,22016,18432,images/ballooning_x022219_y018893.png,overlays/ballooning_x022219_y018893.png,108.966,bbox_padded,411.40514493,0.10071700649787138,547.436243835,-0.38938936962051207,1.956709357639617,-1.4750500328419667,-0.9477392237488274,-0.6021730456551901,0.6881419064025246,PathA,P273-2026-02-13_Christina HE,,40.0,2682,low,,,
ballooning_x013159_y012734,R25-223-18_HE,ballooning,13159,12734,60,45,-3.387424,12800,12288,images/ballooning_x013159_y012734.png,overlays/ballooning_x013159_y012734.png,109.957,bbox_padded,152.03836527750002,0.06335835927485808,334.9259833725,-1.2528052684866784,1.4918080291468763,-1.0890021527269604,-1.33189513754893,1.325270991377374,3.9360693635209523,PathA,2025-07-09_Evelyn_HE,,40.0,5995,low,,,
ballooning_x010083_y019131,R26-041-20,ballooning,10083,19131,67,62,-0.049786,9728,18944,images/ballooning_x010083_y019131.png,overlays/ballooning_x010083_y019131.png,113.424,bbox_padded,368.4124486575,0.1120197154699227,547.4975743575001,-0.4794543691599082,-0.5314011630475488,0.6876036945834826,-0.7114810831483038,0.7465113926449484,0.8642005343008593,PathA,P273-2026-02-13_Christina HE,,40.0,1533,mid,,,
ballooning_x007646_y020491,R26-041-1,ballooning,7646,20491,48,37,-2.067217,7168,20480,images/ballooning_x007646_y020491.png,overlays/ballooning_x007646_y020491.png,104.013,bbox_padded,202.72804212375001,0.08344341699691767,278.563233195,-0.44237388508647335,0.709536440116708,-0.2117762636369108,-0.5418588387577833,-0.576728512503528,0.9800326957612334,PathA,P273-2026-02-13_Christina HE,,40.0,3263,low,,,
ballooning_x006184_y012009,R22-354_1_WT-CHOW1,ballooning,6184,12009,92,91,2.845882,6144,11776,images/ballooning_x006184_y012009.png,overlays/ballooning_x006184_y012009.png,125.806,bbox_padded,474.9742315012501,0.0448272792022792,1377.7288574400002,-0.18862362257781837,-1.1830089902543253,1.1289245789879343,-0.36120643122056756,1.6095877669076057,3.5744974740290707,PathA,2025-03-28_Celina 656D H&E,,40.0,1185,top,,,
ballooning_x056702_y023578,R25-079_24_HE,ballooning,56702,23578,69,50,2.771162,56320,23552,images/ballooning_x056702_y023578.png,overlays/ballooning_x056702_y023578.png,114.414,bbox_padded,374.5455009075,0.09377368706009746,566.3873752875,0.3604338109523571,0.1750343893586412,0.017471607344408828,1.0860556070197922,1.7448497190664536,0.8641438032532417,PathA,2025-03-07_Jaya HE,,40.0,689,top,,,
ballooning_x019500_y020138,R25-079_1_HE,ballooning,19500,20138,76,95,-2.093965,19456,19968,images/ballooning_x019500_y020138.png,overlays/ballooning_x019500_y020138.png,117.881,bbox_padded,523.02669588,0.09085484920807117,1130.68951281,-0.5137935783234727,1.1371475511598501,-0.8492411897944623,-0.9260766815214287,0.824622197437864,2.7456263126105607,PathA,2025-03-07_Jaya HE,,40.0,5836,low,,,
ballooning_x017240_y011714,R25-264-24,ballooning,17240,11714,58,69,0.081406,16896,11264,images/ballooning_x017240_y011714.png,overlays/ballooning_x017240_y011714.png,108.966,bbox_padded,469.17849712500004,0.04603174603174603,618.2116668000001,-0.19922815902457414,-0.4457389155427907,0.4278229886698861,5.718533146827594e-05,-0.03234559457464303,0.9060323634760239,PathA,2025-08-25HE,,40.0,3003,mid,,,
ballooning_x024830_y017283,R22--063-10_HE,ballooning,24830,17283,56,77,-3.09166,24576,16896,images/ballooning_x024830_y017283.png,overlays/ballooning_x024830_y017283.png,107.975,bbox_padded,371.7242968725,0.07037795568795382,658.8124726950001,-0.60507975671853,0.3451697117045429,-0.5698001862087327,-0.5794608054071367,-0.27872135621921496,0.9313543495899537,PathA,2025-09-24HE,,40.0,,vetoed,,,
ballooning_x009121_y014959,R22--063-25_HE,ballooning,9121,14959,57,84,6.839198,8704,14848,images/ballooning_x009121_y014959.png,overlays/ballooning_x009121_y014959.png,108.471,bbox_padded,445.56624596250003,0.04945269741985926,627.5339062200001,0.5359356348201104,-1.6654061876206236,2.7473592562675955,0.7484651167106748,0.4481923674994167,0.8800413735123385,PathA,2025-09-24HE,,40.0,102,top,,,
ballooning_x022702_y013160,R26-122-2_HE_71,ballooning,22702,13160,56,58,4.201432,22528,12800,images/ballooning_x022702_y013160.png,overlays/ballooning_x022702_y013160.png,107.975,bbox_padded,327.627651195,0.08906882591093118,484.75644984,0.4765631296310003,-0.8751965848639429,0.9644161231581984,0.9392479814498301,0.7919990980471134,1.4112252558424154,PathA,2026-04-20_CCl4_HE,,40.0,430,top,,,
ballooning_x013406_y010110,R22-354_19_ACLY656 CHOW4,ballooning,13406,10110,90,66,0.009563,13312,9728,images/ballooning_x013406_y010110.png,overlays/ballooning_x013406_y010110.png,124.816,bbox_padded,505.42483592250005,0.06841300445449107,922.4723889225,-0.345161138500492,0.15504738161054596,0.4026727921567341,-0.5829305886325994,0.6416698137936346,2.0604389777362293,PathA,2025-03-28_Celina 656D H&E,,40.0,3969,mid,,,
ballooning_x026806_y016734,R26-041-26,ballooning,26806,16734,72,89,-2.788762,26624,16384,images/ballooning_x026806_y016734.png,overlays/ballooning_x026806_y016734.png,115.9,bbox_padded,517.2002962425,0.053622809312058595,937.8663500700001,-0.49547275341266317,1.5133643214921326,-0.9326813267582977,-1.0610041458503128,2.0464435742509335,1.6653463352231697,PathA,P273-2026-02-13_Christina HE,,40.0,2737,low,,,
ballooning_x016913_y013623,R22--063-6_HE,ballooning,16913,13623,74,88,-2.749895,16896,13312,images/ballooning_x016913_y013623.png,overlays/ballooning_x016913_y013623.png,116.891,bbox_padded,584.6025404700001,0.055477053511089267,998.2769147325001,-0.7325078607619495,0.5858031264409138,-0.38007968035726164,-1.5358569190926457,1.1077992411888193,1.5788444118235765,PathA,2025-09-24HE,,40.0,1895,low,,,
ballooning_x027299_y014840,R26-041-15,ballooning,27299,14840,54,60,0.861179,27136,14336,images/ballooning_x027299_y014840.png,overlays/ballooning_x027299_y014840.png,106.985,bbox_padded,374.3001788175,0.05921126131158529,548.9695068975001,0.1423670271706354,0.02798011777463658,0.03726843572282891,-0.05546097853785583,1.5098785234068688,0.7827830819027481,PathA,P273-2026-02-13_Christina HE,,40.0,2249,mid,,,
ballooning_x003969_y016217,R26-041-26,ballooning,3969,16217,57,63,-0.474326,3584,15872,images/ballooning_x003969_y016217.png,overlays/ballooning_x003969_y016217.png,108.471,bbox_padded,358.81422188625004,0.12768789678476344,598.9538827350001,0.20053477826748775,0.6694183930116815,-0.7013795977655956,0.12053945883247583,0.7693967443024182,1.6010721847411997,PathA,P273-2026-02-13_Christina HE,,40.0,1854,mid,,,
ballooning_x013754_y022981,R25-079_24_HE,ballooning,13754,22981,78,81,1.433357,13312,22528,images/ballooning_x013754_y022981.png,overlays/ballooning_x013754_y022981.png,118.872,bbox_padded,370.06837276500005,0.10568957669549386,673.7157896625,0.25049191493123957,0.6424467656939268,-0.6988118105656943,1.1440324047997321,2.658794008331,1.6000976282552093,PathA,2025-03-07_Jaya HE,,40.0,,vetoed,,,
ballooning_x014823_y023937,R25-345-20,ballooning,14823,23937,44,42,-2.045582,14336,23552,images/ballooning_x014823_y023937.png,overlays/ballooning_x014823_y023937.png,102.032,bbox_padded,476.2315072125,0.15845410628019324,253.90836315,0.042496457257861345,0.9482611722484187,-0.9509959980586318,0.2603925060877651,-1.341239384072776,-0.7614540651207276,PathA,2025-11-14HE,,40.0,,vetoed,,,
ballooning_x042206_y016482,R26-041-26,ballooning,42206,16482,97,75,-0.019079,41984,16384,images/ballooning_x042206_y016482.png,overlays/ballooning_x042206_y016482.png,128.283,bbox_padded,398.77105729500005,0.08231946624803767,625.08068532,0.007574425596524154,0.6769705571617113,-0.4822744713362068,0.634023344615972,0.9148832890671991,1.1437825838550717,PathA,P273-2026-02-13_Christina HE,,40.0,,vetoed,,,
ballooning_x013360_y017909,R26-122-17_HE_101,ballooning,13360,17909,58,40,3.245118,13312,17408,images/ballooning_x013360_y017909.png,overlays/ballooning_x013360_y017909.png,108.966,bbox_padded,488.03763279375005,0.17744020685197157,189.75663661500002,0.747075650236798,-0.05758468957730732,0.3035303581984573,2.644023580545307,-1.8793410352876723,-1.529673960696862,PathA,2026-04-20_CCl4_HE,,40.0,,vetoed,,,
ballooning_x020330_y019879,R25-345-24,ballooning,20330,19879,84,66,4.320963,19968,19456,images/ballooning_x020330_y019879.png,overlays/ballooning_x020330_y019879.png,121.844,bbox_padded,503.33959815750006,0.1709099768546717,503.46225920250004,0.7024775868065258,-0.4158458503042547,0.5837525030139395,2.3645061209209266,0.28720229078799714,0.0006778801602778333,PathA,2025-11-14HE,,40.0,,vetoed,,,
ballooning_x023074_y020208,R25-079_1_HE,ballooning,23074,20208,94,72,4.773049,23040,19968,images/ballooning_x023074_y020208.png,overlays/ballooning_x023074_y020208.png,126.797,bbox_padded,622.13682024,0.06650653055096832,817.045220745,0.5220553252090678,-1.0400307251001808,0.7564051300273953,1.8676020324510272,1.03664871945908,0.8853910093418503,PathA,2025-03-07_Jaya HE,,40.0,407,top,,,
ballooning_x039170_y022539,R25-079_24_HE,ballooning,39170,22539,42,37,-5.680004,38912,22528,images/ballooning_x039170_y022539.png,overlays/ballooning_x039170_y022539.png,101.041,bbox_padded,425.3271735375,0.18822739480752015,274.02477453,-0.52755281362295,1.2200348055283456,-2.708960929147878,-0.9895479624815573,-0.45294612845012444,-0.5926869825926128,PathA,2025-03-07_Jaya HE,,40.0,,vetoed,,,
ballooning_x034008_y017512,R22--063-10_HE,ballooning,34008,17512,58,61,-2.555016,33792,17408,images/ballooning_x034008_y017512.png,overlays/ballooning_x034008_y017512.png,108.966,bbox_padded,365.52991410000004,0.0825211998481205,484.57245827250006,-0.6582573704617659,1.590740189272621,-1.5209528769063314,-0.16027750005686503,0.7512006289597645,0.8851836133496089,PathA,2025-09-24HE,,40.0,2927,low,,,
ballooning_x008575_y017021,R25-345-13,ballooning,8575,17021,73,54,4.687244,8192,16896,images/ballooning_x008575_y017021.png,overlays/ballooning_x008575_y017021.png,116.395,bbox_padded,417.7221887475,0.04918711815263539,592.2688557825,0.578244882715105,-0.9264475018124932,0.9727115863636997,1.047388571770143,0.6298428664994565,1.1856706000434776,PathA,2025-11-14HE,,40.0,253,top,,,
ballooning_x054761_y022439,R25-079_10_HE,ballooning,54761,22439,63,84,0.713483,54272,22016,images/ballooning_x054761_y022439.png,overlays/ballooning_x054761_y022439.png,111.443,bbox_padded,412.6930859025,0.030413943355119825,703.7677456875001,0.1869524473038186,0.26452731521934686,-0.5791691455955115,0.47085684742031814,0.538635701869583,1.5641989467265682,PathA,2025-03-07_Jaya HE,,40.0,2040,mid,,,
ballooning_x023814_y022002,R25-079_1_HE,ballooning,23814,22002,72,59,0.679186,23552,21504,images/ballooning_x023814_y022002.png,overlays/ballooning_x023814_y022002.png,115.9,bbox_padded,274.6994102775,0.12655954631379962,648.8769280500001,0.21921239254828517,0.3554075656109612,-0.038848592747692846,-0.7764334050629936,1.3850164200851525,2.1612752749825144,PathA,2025-03-07_Jaya HE,,40.0,3179,mid,,,
ballooning_x022693_y013963,R25-151-36_HE,ballooning,22693,13963,68,83,-5.580849,22528,13824,images/ballooning_x022693_y013963.png,overlays/ballooning_x022693_y013963.png,113.919,bbox_padded,467.15458988250003,0.06899015560495396,772.51926141,-0.7477585751940986,1.6339428932229496,-1.1879203920172052,-2.172689330711248,1.2597197917254614,1.6666449089002315,PathA,2025-04-29HE,,40.0,5223,low,,,
ballooning_x007928_y013202,R26-122-2_HE_71,ballooning,7928,13202,45,63,0.926195,7680,12800,images/ballooning_x007928_y013202.png,overlays/ballooning_x007928_y013202.png,102.527,bbox_padded,338.421823155,0.07858288380230355,420.66605382750004,0.043716703853451035,-0.6691293081749252,0.25334125580428957,0.07043406021019129,0.6910777230766683,0.5579840274263506,PathA,2026-04-20_CCl4_HE,,40.0,,vetoed,,,
ballooning_x033215_y014621,R25-223-10_HE,ballooning,33215,14621,74,60,-4.194562,32768,14336,images/ballooning_x033215_y014621.png,overlays/ballooning_x033215_y014621.png,116.891,bbox_padded,439.0652105775,0.03884067739489427,727.9319715525,-1.1040630558927773,1.2304658077411859,-0.6039361502316178,-1.4016425610165735,0.8370259532395773,0.9670780752312825,PathA,2025-07-09_Evelyn_HE,,40.0,5038,low,,,
ballooning_x018399_y017419,R25-345-13,ballooning,18399,17419,53,59,-4.250367,17920,17408,images/ballooning_x018399_y017419.png,overlays/ballooning_x018399_y017419.png,106.49,bbox_padded,344.40154909875,0.07952992620934682,448.81676365500005,-0.7733675214693946,1.9167392099791873,-1.3712365773485484,-1.005729465812859,-0.19515481289749162,0.708184099912984,PathA,2025-11-14HE,,40.0,4547,low,,,
ballooning_x012569_y018327,R25-345-1,ballooning,12569,18327,80,63,0.077603,12288,17920,images/ballooning_x012569_y018327.png,overlays/ballooning_x012569_y018327.png,119.863,bbox_padded,354.21443269875004,0.11558452272914775,743.3872632225001,-0.4548971963042965,0.21711793333861712,-0.023692159395960113,-0.533093930197547,1.4697365556762483,2.7515146989770067,PathA,2025-11-14HE,,40.0,4944,mid,,,
ballooning_x024922_y013959,R22--063-25_HE,ballooning,24922,13959,77,100,3.421753,24576,13824,images/ballooning_x024922_y013959.png,overlays/ballooning_x024922_y013959.png,118.377,bbox_padded,406.89735152625,0.02644898769352918,1235.93268942,0.2916863642503771,-0.37450011540867684,0.4353492511974132,-0.037972275491376564,3.5591415269726343,3.966686465618828,PathA,2025-09-24HE,,40.0,648,top,,,
ballooning_x019184_y016617,R25-345-1,ballooning,19184,16617,67,64,0.242392,18944,16384,images/ballooning_x019184_y016617.png,overlays/ballooning_x019184_y016617.png,113.424,bbox_padded,336.76589904750006,0.08180190368485535,650.7781742475,-0.20676156612819807,0.16263972752295464,-0.2074265173312896,-0.7505821010278318,1.3829187218009205,2.3677700984025827,PathA,2025-11-14HE,,40.0,4646,mid,,,
ballooning_x039966_y021049,R25-079_1_HE,ballooning,39966,21049,56,58,0.591345,39936,20992,images/ballooning_x039966_y021049.png,overlays/ballooning_x039966_y021049.png,107.975,bbox_padded,374.7908229975,0.04761337935960005,515.2377195225,-1.0806370094295563,-0.6466279574045077,1.1266449117404975,-0.9397830548733497,1.5511319793824316,0.7390353297614367,PathA,2025-03-07_Jaya HE,,40.0,3287,mid,,,
ballooning_x027861_y017262,R25-223-3_HE,ballooning,27861,17262,58,78,-5.0493,27648,16896,images/ballooning_x027861_y017262.png,overlays/ballooning_x027861_y017262.png,108.966,bbox_padded,401.89891394250003,0.05338017307857082,715.7885280975,-0.8953191382575275,1.5785841989517886,-1.3037664356901457,-1.2803288547598415,0.5605647346566105,1.8925678218208413,PathA,2025-07-09_Evelyn_HE,,40.0,6077,low,,,
ballooning_x041441_y017796,R25-223-21_HE,ballooning,41441,17796,69,60,0.510273,40960,17408,images/ballooning_x041441_y017796.png,overlays/ballooning_x041441_y017796.png,114.414,bbox_padded,368.35111813500004,0.12156241260371027,657.8925148575,-0.06726856844416289,0.22626222364741952,-0.6839168577795507,0.10450861699029876,1.6185134889372572,1.892020722215689,PathA,2025-07-09_Evelyn_HE,,40.0,3261,mid,,,
ballooning_x020687_y018563,R25-345-13,ballooning,20687,18563,63,57,0.080325,20480,18432,images/ballooning_x020687_y018563.png,overlays/ballooning_x020687_y018563.png,111.443,bbox_padded,317.01747080250004,0.06285253827558421,608.88942738,-0.25692009304023006,0.41742018267781816,-0.33205769009709096,0.1065528085091713,2.6756905987794877,2.408028150299412,PathA,2025-11-14HE,,40.0,2494,mid,,,
ballooning_x009253_y018832,R26-041-4,ballooning,9253,18832,71,55,3.902406,9216,18432,images/ballooning_x009253_y018832.png,overlays/ballooning_x009253_y018832.png,115.405,bbox_padded,459.24295248000004,0.1227700519735918,436.61198967750005,0.8069437575258301,-1.2067523801159865,1.0595271677113003,0.9548766951858372,-0.00827004323636443,-0.07391953972285818,PathA,P273-2026-02-13_Christina HE,,40.0,,vetoed,,,
ballooning_x038191_y018384,R22--063-20_HE,ballooning,38191,18384,64,64,-3.432798,37888,17920,images/ballooning_x038191_y018384.png,overlays/ballooning_x038191_y018384.png,111.938,bbox_padded,321.80125155750005,0.04895218059713569,757.9839275775,-1.8084396367260185,1.6185812275585,-0.9847792543139455,-1.3877553313823845,2.140616952705892,2.641507864205697,PathA,2025-09-24HE,,40.0,3053,low,,,
ballooning_x033922_y023766,R25-079_24_HE,ballooning,33922,23766,80,80,-0.187613,33792,23552,images/ballooning_x033922_y023766.png,overlays/ballooning_x033922_y023766.png,119.863,bbox_padded,430.5096026887501,0.07437193082342894,861.7551716475001,0.00585836929334748,0.9157512230825016,-0.6209061108724195,0.1206632971611964,0.6578486631419327,2.590921483343174,PathA,2025-03-07_Jaya HE,,40.0,2349,mid,,,
ballooning_x025771_y016630,R25-345-13,ballooning,25771,16630,61,65,0.869261,25600,16384,images/ballooning_x025771_y016630.png,overlays/ballooning_x025771_y016630.png,110.452,bbox_padded,260.28673749,0.05198346380508399,697.2667103025001,0.03140991169706328,0.36306690123028335,-0.9532141283396887,-0.3513275679238083,2.9663779477057375,4.121566604863415,PathA,2025-11-14HE,,40.0,1921,mid,,,
ballooning_x007282_y020324,R25-345-24,ballooning,7282,20324,62,71,-0.482795,7168,19968,images/ballooning_x007282_y020324.png,overlays/ballooning_x007282_y020324.png,110.947,bbox_padded,425.38850406000006,0.043713163064833,624.3447190500001,-0.9523276797860905,0.17419354524261704,0.1513156847478647,-0.6065026370768235,2.8889891818966205,0.8443171999776481,PathA,2025-11-14HE,,40.0,1820,mid,,,
ballooning_x005623_y010822,R22-354_1_WT-CHOW1,ballooning,5623,10822,62,67,-5.024153,5120,10752,images/ballooning_x005623_y010822.png,overlays/ballooning_x005623_y010822.png,110.947,bbox_padded,416.28092146875,0.03724987172909184,597.6659417625001,-2.091465559418919,0.25477914047805084,0.3429612219667973,-1.9903333880168985,-0.09750707252750863,0.6455684210847996,PathA,2025-03-28_Celina 656D H&E,,40.0,7076,low,,,
ballooning_x014135_y014176,R25-264-24,ballooning,14135,14176,60,67,5.956687,13824,13824,images/ballooning_x014135_y014176.png,overlays/ballooning_x014135_y014176.png,109.957,bbox_padded,449.9820435825,0.04116133774347666,667.5214068900001,0.5126236425326799,-1.903668056647183,1.4457880566203185,1.1037970491596039,0.699916373072162,1.1132706951435476,PathA,2025-08-25HE,,40.0,74,top,,,
ballooning_x013412_y016925,R22--063-10_HE,ballooning,13412,16925,84,92,0.724532,13312,16896,images/ballooning_x013412_y016925.png,overlays/ballooning_x013412_y016925.png,121.844,bbox_padded,482.76320785875004,0.05977229601518026,1098.9203021550002,0.05601417297910627,0.029319831166536896,-0.08813182351699093,0.07496758396408025,1.396726451228307,2.2931544551883634,PathA,2025-09-24HE,,40.0,1615,mid,,,
ballooning_x018887_y010360,R22-354_19_ACLY656 CHOW4,ballooning,18887,10360,69,66,-2.246477,18432,10240,images/ballooning_x018887_y010360.png,overlays/ballooning_x018887_y010360.png,114.414,bbox_padded,471.75437907,0.06421576497030021,764.0556493050001,-0.5847867313363161,1.44924117178131,-0.6475282517379194,-0.968556204477207,2.006749704659553,1.544007185237969,PathA,2025-03-28_Celina 656D H&E,,40.0,5833,low,,,
ballooning_x044211_y022925,R25-079_10_HE,ballooning,44211,22925,91,68,-7.141365,44032,22528,images/ballooning_x044211_y022925.png,overlays/ballooning_x044211_y022925.png,125.311,bbox_padded,698.18666814,0.1135289165209507,947.0045979225001,-0.7834768809548611,2.5215010659922843,-2.353253211372019,-1.8445962736011927,0.23120846146597157,1.0082568206324787,PathA,2025-03-07_Jaya HE,,40.0,4480,low,,,
ballooning_x017940_y010280,R26-122-2_HE_71,ballooning,17940,10280,52,64,-2.335047,17920,10240,images/ballooning_x017940_y010280.png,overlays/ballooning_x017940_y010280.png,105.994,bbox_padded,370.62034746750004,0.07383403227856145,482.60988155250004,-0.996622346154596,0.5819133231463145,-0.09918783509874905,-0.9251695511851877,0.5892748536679577,0.7152265544740202,PathA,2026-04-20_CCl4_HE,,40.0,6744,low,,,
ballooning_x018996_y016333,R22-354_25_ACLY656 NASH 6,ballooning,18996,16333,79,58,-0.214525,18944,15872,images/ballooning_x018996_y016333.png,overlays/ballooning_x018996_y016333.png,119.367,bbox_padded,483.28451730000006,0.0429401837614851,654.151352985,-0.1343829923723401,0.43640352609992716,-0.049740476240015256,-0.31729279059040827,-0.524506541089264,0.7266555513928049,PathA,2025-03-28_Celina 656D H&E,,40.0,1456,mid,,,
ballooning_x022783_y014566,R22--063-25_HE,ballooning,22783,14566,69,43,-1.813261,22528,14336,images/ballooning_x022783_y014566.png,overlays/ballooning_x022783_y014566.png,114.414,bbox_padded,490.76684104500004,0.051316080513160806,277.2752922225,0.32727695262112944,0.9069593324177826,-0.6946089269701606,0.4229115183234241,-1.7472057086943762,-1.2528827821440915,PathA,2025-09-24HE,,40.0,,vetoed,,,
ballooning_x010851_y017036,R25-264-39,ballooning,10851,17036,73,60,3.633742,10752,16896,images/ballooning_x010851_y017036.png,overlays/ballooning_x010851_y017036.png,116.395,bbox_padded,392.14736086500005,0.08032564450474898,678.0089262375001,-0.019321601404832224,-1.255428498793525,1.5232408868209577,-0.14389592745057755,1.134625641135636,1.666914862099899,PathA,2025-08-25HE,,40.0,287,top,,,
ballooning_x012573_y023434,R25-079_10_HE,ballooning,12573,23434,58,80,0.127886,12288,23040,images/ballooning_x012573_y023434.png,overlays/ballooning_x012573_y023434.png,108.966,bbox_padded,485.98306029,0.08867521367521367,688.8644287200001,0.12610512657110895,0.20437007381826203,-0.2204234679994705,0.40387804270993305,-0.02356096104074849,0.8181941446089392,PathA,2025-03-07_Jaya HE,,40.0,2424,mid,,,
ballooning_x018506_y016546,R25-223-3_HE,ballooning,18506,16546,46,42,2.865563,18432,16384,images/ballooning_x018506_y016546.png,overlays/ballooning_x018506_y016546.png,103.022,bbox_padded,149.7078054225,0.11620217288615967,259.67343226500003,-0.007794115442840656,-0.7504929355741574,1.0985482278495766,-0.22436921659582668,0.7339271475488828,2.7674186081042005,PathA,2025-07-09_Evelyn_HE,,40.0,1067,top,,,
ballooning_x027737_y017430,R25-223-10_HE,ballooning,27737,17430,36,28,0.857412,27648,17408,images/ballooning_x027737_y017430.png,overlays/ballooning_x027737_y017430.png,98.069,bbox_padded,481.81258476000005,0.09996351696461146,168.1069621725,0.4137335687201561,-0.6964852751706418,-0.5897497246373152,0.5044809607074701,-0.31500282917901556,-1.490289518238784,PathA,2025-07-09_Evelyn_HE,,40.0,,vetoed,,,
ballooning_x041755_y018749,R25-223-21_HE,ballooning,41755,18749,57,67,3.344913,41472,18432,images/ballooning_x041755_y018749.png,overlays/ballooning_x041755_y018749.png,108.471,bbox_padded,382.54913409375,0.033438770899231814,678.6222314625,0.26169775193593214,-0.20565787292269785,0.6570682498805238,0.05267626352565515,2.681426055236163,2.2611834315092105,PathA,2025-07-09_Evelyn_HE,,40.0,794,top,,,
ballooning_x004317_y014266,R22--063-6_HE,ballooning,4317,14266,46,52,-1.694956,4096,13824,images/ballooning_x004317_y014266.png,overlays/ballooning_x004317_y014266.png,103.022,bbox_padded,529.43573548125,0.07638347622759158,314.74824147000004,-0.3225261971065225,0.19630080192425098,-0.14629225460142742,-1.1838013568673407,-0.9790412481444012,-0.8303340613848501,PathA,2025-09-24HE,,40.0,,vetoed,,,
ballooning_x022458_y009361,R22-354_16_ACLY656 CHOW1,ballooning,22458,9361,54,67,-0.399341,22016,9216,images/ballooning_x022458_y009361.png,overlays/ballooning_x022458_y009361.png,106.985,bbox_padded,382.27314674250005,0.07625323605554249,521.186780205,-0.14189240573307585,0.3195999567274706,0.13861930389973687,-0.495764766149544,1.0478780135667656,0.7423331244968355,PathA,2025-03-28_Celina 656D H&E,,40.0,2160,mid,,,
ballooning_x015795_y016635,R26-122-17_HE_101,ballooning,15795,16635,80,64,0.409041,15360,16384,images/ballooning_x015795_y016635.png,overlays/ballooning_x015795_y016635.png,119.863,bbox_padded,486.65769603750005,0.045744773900113715,701.1918637425,-0.11398486913111752,0.0635964888718691,0.11451731255986158,-0.3392267415754272,-0.0711716278577455,0.8743259872703835,PathA,2026-04-20_CCl4_HE,,40.0,3243,mid,,,
ballooning_x044818_y017247,R26-041-4,ballooning,44818,17247,63,61,-0.42775,44544,16896,images/ballooning_x044818_y017247.png,overlays/ballooning_x044818_y017247.png,111.443,bbox_padded,419.89942229625,0.054240166022073384,650.1648690225,-0.13227774185026556,0.3351208788155074,0.13026725882281365,-0.4393425310257867,0.6459609847340343,0.7567236086821687,PathA,P273-2026-02-13_Christina HE,,40.0,1674,mid,,,
ballooning_x019726_y013646,R25-264-24,ballooning,19726,13646,78,63,2.86967,19456,13312,images/ballooning_x019726_y013646.png,overlays/ballooning_x019726_y013646.png,118.872,bbox_padded,472.42901481750005,0.06123968060630667,906.3424615050001,0.3187343308432871,-0.16248046561238888,0.47779389021963664,-0.01601569537592206,1.67041210129479,2.4560072688095262,PathA,2025-08-25HE,,40.0,741,top,,,
ballooning_x027173_y018498,R26-041-4,ballooning,27173,18498,94,103,-0.399117,27136,18432,images/ballooning_x027173_y018498.png,overlays/ballooning_x027173_y018498.png,126.797,bbox_padded,586.84110454125,0.030776950740152208,1466.6581150650002,-0.4732111991712754,0.3530411248526738,-0.06991625222231132,-0.6236368149678897,1.1954959686913944,2.7661255546230694,PathA,P273-2026-02-13_Christina HE,,40.0,1662,mid,,,
ballooning_x036603_y016822,R25-223-21_HE,ballooning,36603,16822,49,81,-2.542845,36352,16384,images/ballooning_x036603_y016822.png,overlays/ballooning_x036603_y016822.png,104.508,bbox_padded,498.31049531250005,0.11367861885790173,692.7282516375001,-0.7696129068854312,1.2789578749375583,-1.1701695495362123,-0.8876966590964812,0.37268976411390203,1.157626262880783,PathA,2025-07-09_Evelyn_HE,,40.0,6093,low,,,
ballooning_x028762_y016807,R25-264-39,ballooning,28762,16807,79,65,-4.661014,28672,16384,images/ballooning_x028762_y016807.png,overlays/ballooning_x028762_y016807.png,119.367,bbox_padded,524.25330633,0.08555102040816327,751.2989006250001,-0.6781539299235414,1.0188055104525293,-0.8152157681304542,-1.5332184287058013,-0.11413290361065295,1.123999456035272,PathA,2025-08-25HE,,40.0,4213,low,,,
ballooning_x020576_y013815,R25-151_10_HE,ballooning,20576,13815,82,76,3.566424,20480,13312,images/ballooning_x020576_y013815.png,overlays/ballooning_x020576_y013815.png,120.853,bbox_padded,392.638005045,0.056986412492395055,907.2624193425,0.2195352129741928,-0.5019716884980906,0.3913965870542885,0.5295676649004051,2.5227673302774565,2.9469679577027397,PathA,2025-04-29HE,,40.0,794,top,,,
ballooning_x015185_y011184,R22-354_1_WT-CHOW1,ballooning,15185,11184,79,56,-0.136599,14848,10752,images/ballooning_x015185_y011184.png,overlays/ballooning_x015185_y011184.png,119.367,bbox_padded,330.20353314000005,0.07874088433490262,664.3935502425,-0.3643742825314286,-0.009409996584162581,0.07076808734047356,-0.6228701723600045,0.672740493537155,1.6921271401417894,PathA,2025-03-28_Celina 656D H&E,,40.0,4130,mid,,,
ballooning_x005147_y015514,R25-264-39,ballooning,5147,15514,60,80,0.001299,5120,15360,images/ballooning_x005147_y015514.png,overlays/ballooning_x005147_y015514.png,109.957,bbox_padded,322.13856943125006,0.04374223816751759,444.46229655750005,-0.01524088500479696,0.1798223948474903,0.029243232868522588,-0.051896332830184744,-0.016341638161316663,0.9264957436474305,PathA,2025-08-25HE,,40.0,,vetoed,,,
ballooning_x028078_y014994,R25-223-10_HE,ballooning,28078,14994,56,53,2.417043,27648,14848,images/ballooning_x028078_y014994.png,overlays/ballooning_x028078_y014994.png,107.975,bbox_padded,501.0090383025,0.03763066202090592,528.055798725,0.3052973094303926,-0.6150742169664833,0.9489713652809607,0.324992238103126,0.819940073513485,0.14043929411198247,PathA,2025-07-09_Evelyn_HE,,40.0,,vetoed,,,
ballooning_x013590_y020222,R22--063-20_HE,ballooning,13590,20222,83,98,2.451556,13312,19968,images/ballooning_x013590_y020222.png,overlays/ballooning_x013590_y020222.png,121.349,bbox_padded,535.01681302875,0.03946138021320366,655.8686076150001,0.2520196481269641,-0.467838554658324,0.6249993697782894,0.5274116736940111,0.8137599194126426,0.5295155544018454,PathA,2025-09-24HE,,40.0,,vetoed,,,
ballooning_x006904_y018918,R26-041-20,ballooning,6904,18918,69,52,0.571995,6656,18432,images/ballooning_x006904_y018918.png,overlays/ballooning_x006904_y018918.png,114.414,bbox_padded,416.61823934250003,0.04745057232049948,589.3863212250001,-0.11064581284332316,-0.1589412786763322,0.07042101678574504,-0.3739274721765529,0.9451535236888126,0.7375933499400501,PathA,P273-2026-02-13_Christina HE,,40.0,1288,mid,,,
ballooning_x022726_y016864,R26-041-26,ballooning,22726,16864,75,67,0.278981,22528,16384,images/ballooning_x022726_y016864.png,overlays/ballooning_x022726_y016864.png,117.386,bbox_padded,444.21697446750005,0.08514033605557121,653.3540561925,-0.05027426217316295,0.2159745038441828,-0.20479869925138391,-0.22243541176993864,0.703317799508737,1.0526377527758304,PathA,P273-2026-02-13_Christina HE,,40.0,1489,mid,,,
ballooning_x011441_y012602,R26-122-36_HE_95,ballooning,11441,12602,64,71,-3.11884,11264,12288,images/ballooning_x011441_y012602.png,overlays/ballooning_x011441_y012602.png,111.938,bbox_padded,244.1568100725,0.09231722428748451,692.9122432050001,-1.290509344925877,1.0143628856801417,-1.0338238659217676,-1.2023966486833386,1.0265841882439528,2.4602437124079004,PathA,2026-04-20_CCl4_HE,,40.0,6946,low,,,
ballooning_x023394_y014837,R22--063-16_HE,ballooning,23394,14837,88,81,1.174323,23040,14336,images/ballooning_x023394_y014837.png,overlays/ballooning_x023394_y014837.png,123.825,bbox_padded,738.5421519450001,0.020425636007827788,1002.8767039200001,-0.2003272214040233,-0.19508323847586986,0.15129907814464247,-0.22911901765671883,2.1225672416678845,1.2077503836078616,PathA,2025-09-24HE,,40.0,1356,mid,,,
ballooning_x021673_y013674,R25-151-36_HE,ballooning,21673,13674,69,52,1.778191,21504,13312,images/ballooning_x021673_y013674.png,overlays/ballooning_x021673_y013674.png,114.414,bbox_padded,482.36455946250004,0.0808726534753932,604.4122992375001,0.10677844191543188,-0.5811045928931209,-0.08835939065545383,0.8340219411940107,0.36445540291025075,0.5857458482908244,PathA,2025-04-29HE,,40.0,,vetoed,,,
ballooning_x027389_y014511,R26-122-36_HE_95,ballooning,27389,14511,67,56,-2.290032,27136,14336,images/ballooning_x027389_y014511.png,overlays/ballooning_x027389_y014511.png,113.424,bbox_padded,445.872898575,0.0953467605913285,618.1503362775001,-0.3170097800492031,0.38718305727519503,-0.6350637342360432,-0.6671651075481023,0.2828717463387506,1.1079792651285119,PathA,2026-04-20_CCl4_HE,,40.0,6443,low,,,
ballooning_x014829_y014154,R26-122-36_HE_95,ballooning,14829,14154,92,76,1.911907,14336,13824,images/ballooning_x014829_y014154.png,overlays/ballooning_x014829_y014154.png,125.806,bbox_padded,506.06880640875005,0.06980763450556057,816.18659343,0.29415081295552986,-1.0670207066946287,0.3928759267176527,0.5068366446265826,0.29240288465429876,1.1473717494679234,PathA,2026-04-20_CCl4_HE,,40.0,,vetoed,,,
ballooning_x055801_y022189,R25-079_15_HE,ballooning,55801,22189,79,45,-5.861682,55296,22016,images/ballooning_x055801_y022189.png,overlays/ballooning_x055801_y022189.png,119.367,bbox_padded,426.5537839875,0.11965262142167898,572.0297833575,-0.7568710855223139,1.856756906733485,-1.6490359405539106,-0.929833681633887,0.19451436162711291,0.702785891271023,PathA,2025-03-07_Jaya HE,,40.0,5245,low,,,
ballooning_x017094_y013568,R25-151_18_HE,ballooning,17094,13568,75,76,3.429817,16896,13312,images/ballooning_x017094_y013568.png,overlays/ballooning_x017094_y013568.png,117.386,bbox_padded,470.89575175500005,0.14568858333942808,838.5722341425001,0.3547570892093914,-1.241335802596131,0.6266866107936784,0.9559369617682287,0.7294813868878691,2.041177235266123,PathA,2025-04-29HE,,40.0,602,top,,,
ballooning_x026766_y013938,R25-151_25_HE,ballooning,26766,13938,56,48,-0.972258,26624,13824,images/ballooning_x026766_y013938.png,overlays/ballooning_x026766_y013938.png,107.975,bbox_padded,216.46607916375,0.20299637800460982,372.521593665,-0.03472590225565671,0.8110597090808793,-0.7917909233164268,0.016072457189797433,1.0296387741921924,1.4272280561232402,PathA,2025-04-29HE,,40.0,7467,mid,,,
ballooning_x010729_y022019,R26-041-1,ballooning,10729,22019,85,62,3.752507,10240,21504,images/ballooning_x010729_y022019.png,overlays/ballooning_x010729_y022019.png,122.339,bbox_padded,429.03767014875007,0.12012833820892706,649.9195469325,0.5119210837368274,-0.9801320618511024,0.9215887637881367,1.3770426249291636,0.6545055176148671,1.1529086237565052,PathA,P273-2026-02-13_Christina HE,,40.0,,vetoed,,,
ballooning_x010198_y023793,R25-079_29_HE,ballooning,10198,23793,66,70,0.129351,9728,23552,images/ballooning_x010198_y023793.png,overlays/ballooning_x010198_y023793.png,112.928,bbox_padded,409.04391981375005,0.0745361484325016,766.87685334,-0.6908862676797544,0.213960816740273,0.3568229189486273,-0.8941171331075461,1.6929574802661629,1.758407656910721,PathA,2025-03-07_Jaya HE,,40.0,1607,mid,,,
ballooning_x022399_y016276,R22-354_25_ACLY656 NASH 6,ballooning,22399,16276,32,54,-4.808412,22016,15872,images/ballooning_x022399_y016276.png,overlays/ballooning_x022399_y016276.png,96.088,bbox_padded,429.25232697750005,0.06467298808655482,252.25243904250001,-0.7700542734037032,0.8152043399616815,-1.3422474812955334,-1.0494446027699957,-0.845298977724993,-1.0277615268476523,PathA,2025-03-28_Celina 656D H&E,,40.0,,vetoed,,,
ballooning_x030189_y021685,R25-345-24,ballooning,30189,21685,78,76,-0.301371,29696,21504,images/ballooning_x030189_y021685.png,overlays/ballooning_x030189_y021685.png,118.872,bbox_padded,313.153647885,0.034340142875047,978.7124780550001,-1.3326927210015596,0.2761647436918382,0.15160293258887347,-1.3020650062985746,4.133335445761157,3.842295916976386,PathA,2025-11-14HE,,40.0,1720,mid,,,
ballooning_x019912_y010536,R25-151_32_HE,ballooning,19912,10536,34,50,-3.995684,19456,10240,images/ballooning_x019912_y010536.png,overlays/ballooning_x019912_y010536.png,97.079,bbox_padded,205.67190720375004,0.12265512265512266,297.51436464750003,-1.787438318100011,1.4660786462563284,-0.9734458802007286,-1.2354314269253017,0.6031193978954774,1.02647348812622,PathA,2025-04-29HE,,40.0,12285,low,,,
ballooning_x033922_y023766,R25-079_24_HE,ballooning,33922,23766,80,80,-0.187613,33792,23552,images/ballooning_x033922_y023766.png,overlays/ballooning_x033922_y023766.png,119.863,bbox_padded,430.5096026887501,0.07437193082342894,861.7551716475001,0.00585836929334748,0.9157512230825016,-0.6209061108724195,0.1206632971611964,0.6578486631419327,2.590921483343174,PathA,2025-03-07_Jaya HE,ballooning_x033922_y023766,40.0,2349,mid,,,
ballooning_x015960_y011568,R26-122-10_HE_79,ballooning,15960,11568,52,64,-2.680854,15872,11264,images/ballooning_x015960_y011568.png,overlays/ballooning_x015960_y011568.png,105.994,bbox_padded,429.74297115750005,0.05931528662420382,616.2490900800001,-0.557793889147679,1.1926786158945024,-1.3155995212723772,-0.927280912877698,1.3790812078068893,0.7807866005208702,PathA,2026-04-20_CCl4_HE,,40.0,4168,low,,,
ballooning_x025386_y018487,R25-223-21_HE,ballooning,25386,18487,46,72,1.872937,25088,18432,images/ballooning_x025386_y018487.png,overlays/ballooning_x025386_y018487.png,103.022,bbox_padded,399.99766774500006,0.09979982842436373,428.94567436500006,-0.5728224036444621,-1.497359708252718,1.653548614263079,0.14303896475780667,0.4317000924635919,0.1672935567382831,PathA,2025-07-09_Evelyn_HE,,40.0,,vetoed,,,
ballooning_x024940_y019028,R25-345-24,ballooning,24940,19028,83,57,-2.836089,24576,18944,images/ballooning_x024940_y019028.png,overlays/ballooning_x024940_y019028.png,121.349,bbox_padded,409.13591559750006,0.1399828030954428,713.2739766750001,-0.6811374719590128,1.1370744879046724,-0.9648729181973325,-0.791183009850504,0.8237745572001203,1.7548791585752543,PathA,2025-11-14HE,,40.0,2946,low,,,
ballooning_x055801_y022189,R25-079_15_HE,ballooning,55801,22189,79,45,-5.861682,55296,22016,images/ballooning_x055801_y022189.png,overlays/ballooning_x055801_y022189.png,119.367,bbox_padded,426.5537839875,0.11965262142167898,572.0297833575,-0.7568710855223139,1.856756906733485,-1.6490359405539106,-0.929833681633887,0.19451436162711291,0.702785891271023,PathA,2025-03-07_Jaya HE,ballooning_x055801_y022189,40.0,5245,low,,,
ballooning_x025352_y018175,R25-223-21_HE,ballooning,25352,18175,91,54,-0.083349,25088,17920,images/ballooning_x025352_y018175.png,overlays/ballooning_x025352_y018175.png,125.311,bbox_padded,453.99919280625,0.04387902064330292,638.7573918375001,0.2585326229777428,0.0061270786104337584,-0.33636905598353817,-0.15703384125330486,0.8004480249134542,0.971970061192654,PathA,2025-07-09_Evelyn_HE,,40.0,3946,mid,,,
ballooning_x025254_y010661,R26-122-10_HE_79,ballooning,25254,10661,53,56,0.647939,25088,10240,images/ballooning_x025254_y010661.png,overlays/ballooning_x025254_y010661.png,106.49,bbox_padded,355.01172949125,0.05801324503311258,463.04544487500004,-0.23608927362887056,-0.9332513368095064,0.5631633259277552,-0.30704989611088185,-0.09720594716512078,0.5463855933860763,PathA,2026-04-20_CCl4_HE,,40.0,2098,mid,,,
ballooning_x016282_y015398,R25-345-17,ballooning,16282,15398,107,89,4.267368,15872,15360,images/ballooning_x016282_y015398.png,overlays/ballooning_x016282_y015398.png,133.236,bbox_padded,536.396749785,0.05278084134236648,1557.05930523,0.2670591731622904,-0.3318348074506149,0.7073880448090887,0.4458571913558153,2.4705578402525608,3.927528068302831,PathA,2025-11-14HE,,40.0,127,top,,,
ballooning_x002847_y015796,R22--063-16_HE,ballooning,2847,15796,45,54,-1.52567,2560,15360,images/ballooning_x002847_y015796.png,overlays/ballooning_x002847_y015796.png,102.527,bbox_padded,347.5600710075,0.07037411526794742,303.27943376250005,-0.4524889983960139,0.5734900187738208,-0.27602280698419873,0.1641966886822321,-0.543170161677154,-0.2645205477143408,PathA,2025-09-24HE,,40.0,,vetoed,,,
ballooning_x027413_y013455,R22--063-6_HE,ballooning,27413,13455,63,54,1.519312,27136,13312,images/ballooning_x027413_y013455.png,overlays/ballooning_x027413_y013455.png,111.443,bbox_padded,753.72145626375,0.04953611663353214,370.19103381,0.3185183069361737,-0.5372530706262015,0.7995224502721917,0.5851416426149986,-1.7299010729485365,-1.1989562150048005,PathA,2025-09-24HE,,40.0,,vetoed,,,
ballooning_x002847_y015796,R22--063-16_HE,ballooning,2847,15796,45,54,-1.52567,2560,15360,images/ballooning_x002847_y015796.png,overlays/ballooning_x002847_y015796.png,102.527,bbox_padded,347.5600710075,0.07037411526794742,303.27943376250005,-0.4524889983960139,0.5734900187738208,-0.27602280698419873,0.1641966886822321,-0.543170161677154,-0.2645205477143408,PathA,2025-09-24HE,ballooning_x002847_y015796,40.0,,vetoed,,,
ballooning_x008078_y013711,R25-264-17,ballooning,8078,13711,58,59,-0.073692,7680,13312,images/ballooning_x008078_y013711.png,overlays/ballooning_x008078_y013711.png,108.966,bbox_padded,393.3126407925,0.09243218600410302,538.1140044150001,-0.07520166685210015,0.1603491024113179,-0.5336428826143107,-0.00207779081440145,0.9611593234719731,0.8377026213173286,PathA,2025-08-25HE,,40.0,2270,mid,,,
ballooning_x044865_y018065,R26-041-20,ballooning,44865,18065,79,80,-5.07677,44544,17920,images/ballooning_x044865_y018065.png,overlays/ballooning_x044865_y018065.png,119.367,bbox_padded,521.06411916,0.04752250425756224,756.2666729475001,-1.161347521036371,1.4377181349360328,-1.5072354807612562,-1.6203677386841508,-0.1695332555881551,1.2817998328011608,PathA,P273-2026-02-13_Christina HE,ballooning_x044865_y018065,40.0,2877,low,,,
ballooning_x035304_y015785,R26-041-15,ballooning,35304,15785,80,54,4.046688,34816,15360,images/ballooning_x035304_y015785.png,overlays/ballooning_x035304_y015785.png,119.863,bbox_padded,364.180642605,0.07951100244498777,627.1045925625001,0.28763068009130577,-1.8856888405484524,1.7300819404727836,0.7276534344475164,0.3035509593243085,1.3233601308357732,PathA,P273-2026-02-13_Christina HE,ballooning_x035304_y015785,40.0,439,top,,,
ballooning_x012665_y015161,R22--063-16_HE,ballooning,12665,15161,99,82,3.497425,12288,14848,images/ballooning_x012665_y015161.png,overlays/ballooning_x012665_y015161.png,129.273,bbox_padded,715.38987970125,0.06803049828178694,1142.2196510400001,0.6011409594430007,-0.4615365072332835,0.44699134976587457,1.0380239277479397,1.589268194307899,1.5522878441062717,PathA,2025-09-24HE,,40.0,564,top,,,
ballooning_x011717_y011300,R22-354_19_ACLY656 CHOW4,ballooning,11717,11300,58,51,0.756439,11264,11264,images/ballooning_x011717_y011300.png,overlays/ballooning_x011717_y011300.png,108.966,bbox_padded,362.98469741625,0.06812906220984215,528.4237818600001,0.24849176933172548,0.347364510820885,0.0024988855224832695,0.306562011355371,0.9777147115732532,0.895393121893758,PathA,2025-03-28_Celina 656D H&E,,40.0,3180,mid,,,
ballooning_x025285_y011483,R25-264-24,ballooning,25285,11483,80,60,-0.419505,25088,11264,images/ballooning_x025285_y011483.png,overlays/ballooning_x025285_y011483.png,119.863,bbox_padded,478.50073654500005,0.06371448478748935,792.2063591325001,-0.1128921936860718,0.6052243971955158,-0.7318125496309135,0.19958979348615422,0.6711999412289179,1.7792780993928745,PathA,2025-08-25HE,,40.0,3497,mid,,,
ballooning_x030775_y013503,R25-264-24,ballooning,30775,13503,59,69,4.894295,30720,13312,images/ballooning_x030775_y013503.png,overlays/ballooning_x030775_y013503.png,109.461,bbox_padded,383.80640980500004,0.07802622888951788,650.0422079775001,0.4685580664290598,-1.0157383820653776,1.1346106004067353,1.0010621573036895,1.200185850177775,1.9864073181057667,PathA,2025-08-25HE,,40.0,161,top,,,
ballooning_x028796_y014806,R25-264-17,ballooning,28796,14806,79,90,2.85782,28672,14336,images/ballooning_x028796_y014806.png,overlays/ballooning_x028796_y014806.png,119.367,bbox_padded,509.2273283175,0.09861666486544905,1134.982649385,0.31535409966902184,-0.7452540517576719,0.41737121484679,-0.02513000094753862,1.8830202608750233,2.291269924734377,PathA,2025-08-25HE,,40.0,533,top,,,
ballooning_x032354_y018810,R22--063-20_HE,ballooning,32354,18810,72,83,7.20764,32256,18432,images/ballooning_x032354_y018810.png,overlays/ballooning_x032354_y018810.png,115.9,bbox_padded,497.54386378125,0.07978401013829964,1113.0876528525,0.7695883790427792,-2.0844581754995066,1.9522013980863424,0.9373071301778416,0.9197349344160939,2.250133457698803,PathA,2025-09-24HE,,40.0,32,top,,,
ballooning_x025832_y010255,R26-122-10_HE_79,ballooning,25832,10255,68,64,4.293199,25600,10240,images/ballooning_x025832_y010255.png,overlays/ballooning_x025832_y010255.png,113.919,bbox_padded,467.39991197250004,0.06595031545741326,622.13682024,0.4309129863264045,-0.11276223840669278,0.23958494685206003,1.435403381165351,1.1411469899104434,0.7944632054899392,PathA,2026-04-20_CCl4_HE,,40.0,237,top,,,
ballooning_x017447_y014271,R25-151_10_HE,ballooning,17447,14271,59,79,-1.909091,17408,13824,images/ballooning_x017447_y014271.png,overlays/ballooning_x017447_y014271.png,109.461,bbox_padded,490.46018843250005,0.0708620238821581,703.6450846425,-0.21007314814178413,0.5882262234957042,-0.3993090887617489,-0.2490396645473725,1.3894616976336247,1.0630378054593717,PathA,2025-04-29HE,,40.0,5376,low,,,
ballooning_x010009_y021886,R26-041-1,ballooning,10009,21886,38,58,1.803244,9728,21504,images/ballooning_x010009_y021886.png,overlays/ballooning_x010009_y021886.png,99.06,bbox_padded,292.36260075750005,0.07314386428728793,278.37924162750005,-0.21490074693912348,-0.7336458211451545,1.2312950294275085,-0.2577331844466027,0.16744709838046243,-0.09142918737257057,PathA,P273-2026-02-13_Christina HE,,40.0,,vetoed,,,
ballooning_x022151_y012646,R25-151_18_HE,ballooning,22151,12646,56,84,-2.737569,22016,12288,images/ballooning_x022151_y012646.png,overlays/ballooning_x022151_y012646.png,107.975,bbox_padded,405.33342320250006,0.04925569176882661,560.3156535600001,-0.6359935205597412,0.5961064381716783,-0.7071051264037882,-1.0200876284398683,0.520694699396115,0.8826712321063469,PathA,2025-04-29HE,,40.0,5618,low,,,
ballooning_x026811_y017065,R25-345-1,ballooning,26811,17065,64,68,-0.436748,26624,16896,images/ballooning_x026811_y017065.png,overlays/ballooning_x026811_y017065.png,111.938,bbox_padded,331.24615202250004,0.07879941965904969,676.35300213,-0.9950846766880692,-0.1481159896363416,-0.04763513622366823,-1.2238201944046245,1.2158008951758323,2.3780448017385982,PathA,2025-11-14HE,,40.0,5813,mid,,,
ballooning_x017463_y016562,R25-345-1,ballooning,17463,16562,64,68,2.857104,17408,16384,images/ballooning_x017463_y016562.png,overlays/ballooning_x017463_y016562.png,111.938,bbox_padded,309.5351470575,0.05871105612417052,545.2896755475,1.1977839464644209,-0.3517264877738689,0.6728829810737865,0.4467545092012855,0.8064881967014632,1.8258749855126983,PathA,2025-11-14HE,,40.0,1475,top,,,
ballooning_x030473_y017770,R25-223-10_HE,ballooning,30473,17770,78,79,-0.423014,30208,17408,images/ballooning_x030473_y017770.png,overlays/ballooning_x030473_y017770.png,118.872,bbox_padded,475.77152829375007,0.11815252416756175,1027.7768960550002,-0.33005356056691076,0.4524164101769103,-0.6025771090771673,-0.8203624295403189,2.144742693896988,2.6661194908516013,PathA,2025-07-09_Evelyn_HE,,40.0,3151,mid,,,
ballooning_x038104_y014632,R25-223-10_HE,ballooning,38104,14632,79,77,6.649585,37888,14336,images/ballooning_x038104_y014632.png,overlays/ballooning_x038104_y014632.png,119.367,bbox_padded,526.4612051400001,0.0710796784369594,1205.390089215,0.7639544082230935,-0.8065841059476424,1.2672828552446553,0.6814964089021762,2.5858329174692622,3.7539530957294667,PathA,2025-07-09_Evelyn_HE,,40.0,102,top,,,
ballooning_x039434_y020654,R25-079_1_HE,ballooning,39434,20654,64,73,5.736709,39424,20480,images/ballooning_x039434_y020654.png,overlays/ballooning_x039434_y020654.png,111.938,bbox_padded,373.012237845,0.06881648936170214,737.92884672,0.5698811324341996,-1.3589433793397787,1.3451791045730628,1.4486264252350802,2.0564095045069775,2.7189837526326155,PathA,2025-03-07_Jaya HE,,40.0,202,top,,,
ballooning_x019864_y009373,R22-354_16_ACLY656 CHOW1,ballooning,19864,9373,80,85,-0.287483,19456,9216,images/ballooning_x019864_y009373.png,overlays/ballooning_x019864_y009373.png,119.863,bbox_padded,717.1991301150001,0.053946753853339566,1050.46918938,-0.09948002213891272,0.5295933137656664,-0.425350806719689,-0.022528473586206153,0.9734187138970369,1.0701263611666616,PathA,2025-03-28_Celina 656D H&E,,40.0,2101,mid,,,
ballooning_x019612_y020714,R25-345-24,ballooning,19612,20714,80,58,2.657842,19456,20480,images/ballooning_x019612_y020714.png,overlays/ballooning_x019612_y020714.png,119.863,bbox_padded,335.1713054625001,0.12398112398112399,571.84579179,0.8458933990725814,-0.20366631001512026,0.3094452337596132,0.8075715508209026,0.17372965918528369,1.5581322004311167,PathA,2025-11-14HE,,40.0,348,top,,,
ballooning_x033985_y018274,R25-223-21_HE,ballooning,33985,18274,51,68,3.210613,33792,17920,images/ballooning_x033985_y018274.png,overlays/ballooning_x033985_y018274.png,105.499,bbox_padded,387.67023272250003,0.09949348769898697,508.55269257000003,0.8209695093215912,-0.7995995898697781,0.8422915008299683,0.9470310331483316,-0.5016075512145988,0.7774393490809176,PathA,2025-07-09_Evelyn_HE,,40.0,866,top,,,
ballooning_x003246_y015560,R25-264-17,ballooning,3246,15560,74,68,0.391822,3072,15360,images/ballooning_x003246_y015560.png,overlays/ballooning_x003246_y015560.png,116.891,bbox_padded,463.59741957750003,0.0731556106633602,791.4090623400001,-0.2555865344323872,0.2964503055422883,-0.1055101815704922,-0.8614781770907257,2.339358011839621,2.120678299648471,PathA,2025-08-25HE,,40.0,1960,mid,,,
ballooning_x008467_y011477,R22-354_16_ACLY656 CHOW1,ballooning,8467,11477,86,63,-2.147407,8192,11264,images/ballooning_x008467_y011477.png,overlays/ballooning_x008467_y011477.png,122.834,bbox_padded,522.5973822225001,0.030975698222705836,845.4412526625001,-0.30833720696611927,0.975775152704325,-0.7999054491247365,-1.0400065940645677,1.1566455772683717,1.1427484254537486,PathA,2025-03-28_Celina 656D H&E,,40.0,3034,low,,,
ballooning_x027092_y022160,R25-264-1,ballooning,27092,22160,80,60,-4.871941,26624,22016,images/ballooning_x027092_y022160.png,overlays/ballooning_x027092_y022160.png,119.863,bbox_padded,535.906105605,0.08325601012231126,727.0733442375,-1.0297439484426751,1.8785992631900945,-1.2269839341047986,-1.7435170492911303,1.376712422093845,0.7874111225799799,PathA,2025-08-25HE,,40.0,697,low,,,
ballooning_x028329_y024366,R25-079_29_HE,ballooning,28329,24366,62,53,5.31663,28160,24064,images/ballooning_x028329_y024366.png,overlays/ballooning_x028329_y024366.png,110.947,bbox_padded,391.47272511750003,0.09899853953682454,587.9143886850001,0.6523514241209474,-0.9924849246233534,0.8410383789627848,1.0121495108918224,1.6033515629009165,0.818951441472151,PathA,2025-03-07_Jaya HE,,40.0,63,top,,,
ballooning_x010191_y017214,R22--063-10_HE,ballooning,10191,17214,97,70,2.248535,9728,16896,images/ballooning_x010191_y017214.png,overlays/ballooning_x010191_y017214.png,128.283,bbox_padded,535.7221140375001,0.027331790008214472,821.2770267975001,0.12436167838156713,-0.44531159046021385,0.5796318010631265,0.21691809600939774,1.4054946448230061,1.1868590234780907,PathA,2025-09-24HE,,40.0,,vetoed,,,
ballooning_x011719_y023363,R25-345-20,ballooning,11719,23363,92,70,2.447304,11264,23040,images/ballooning_x011719_y023363.png,overlays/ballooning_x011719_y023363.png,125.806,bbox_padded,537.5006991900001,0.046614019148787475,877.5784464525001,0.18285474224429688,-0.35669909554679236,0.5871597399725139,0.0795146706447718,0.5337127466250928,1.6483258092982467,PathA,2025-11-14HE,,40.0,232,top,,,
ballooning_x011781_y012902,R25-151_25_HE,ballooning,11781,12902,66,71,-0.904088,11264,12800,images/ballooning_x011781_y012902.png,overlays/ballooning_x011781_y012902.png,112.928,bbox_padded,246.24204783750002,0.17349232724073893,627.4725756975,-0.6834917362545126,0.5483780566848571,-1.1297250712485702,-0.5983110360604025,2.681405784612863,2.8157384559479626,PathA,2025-04-29HE,,40.0,7266,mid,,,
ballooning_x011188_y011486,R22-354_1_WT-CHOW1,ballooning,11188,11486,67,76,0.644921,10752,11264,images/ballooning_x011188_y011486.png,overlays/ballooning_x011188_y011486.png,113.424,bbox_padded,398.40307416,0.07712305025996534,707.7542296500001,-0.01555361135413629,0.05076415469980995,0.04179705775847363,-0.20062484896815103,1.4972305483841437,1.5256194577578241,PathA,2025-03-28_Celina 656D H&E,,40.0,3276,mid,,,
ballooning_x020494_y013379,R22--063-16_HE,ballooning,20494,13379,86,86,3.645683,20480,13312,images/ballooning_x020494_y013379.png,overlays/ballooning_x020494_y013379.png,122.834,bbox_padded,568.4726130525,0.038698647878568096,1183.8630758175002,0.1274093426032282,-0.8103482762297558,0.7812824229589276,-0.02040499556614021,1.5045737985411347,3.0714047109544627,PathA,2025-09-24HE,,40.0,522,top,,,
ballooning_x045989_y017898,R26-041-4,ballooning,45989,17898,64,80,-6.469827,45568,17408,images/ballooning_x045989_y017898.png,overlays/ballooning_x045989_y017898.png,111.938,bbox_padded,441.70242304500005,0.030546075085324233,718.7937237000001,-1.3064418701449505,1.791529798427583,-1.6338170985266889,-2.138537551507326,0.03448058207205604,1.5971432134775982,PathA,P273-2026-02-13_Christina HE,,40.0,2789,low,,,
ballooning_x020605_y019675,R25-345-1,ballooning,20605,19675,67,60,-3.802133,20480,19456,images/ballooning_x020605_y019675.png,overlays/ballooning_x020605_y019675.png,113.424,bbox_padded,340.44573039750003,0.09443978765018163,658.5058200825,-1.6211608181350505,0.8986892764216478,-0.8332840655494427,-1.5622360900350591,0.586457728717839,2.1746403970442167,PathA,2025-11-14HE,,40.0,9611,low,,,
ballooning_x005816_y012719,R22-354_23_ACLY656 NASH4,ballooning,5816,12719,76,87,4.190629,5632,12288,images/ballooning_x005816_y012719.png,overlays/ballooning_x005816_y012719.png,117.881,bbox_padded,546.2709639075001,0.09953673915840948,953.198980695,0.5152306632314949,-0.7181134690764104,0.9087377946596986,0.4435448633453979,2.490107638481681,2.318780408874201,PathA,2025-03-28_Celina 656D H&E,,40.0,347,top,,,
ballooning_x020001_y019168,R22--063-20_HE,ballooning,20001,19168,95,64,-3.874755,19968,18944,images/ballooning_x020001_y019168.png,overlays/ballooning_x020001_y019168.png,127.292,bbox_padded,554.1212707875001,0.08154950973622428,888.188626845,-0.548309375920119,1.4868068034705706,-0.8927637029346308,-0.7069383993699493,0.41674526998812866,0.8667023276407205,PathA,2025-09-24HE,,40.0,3143,low,,,
ballooning_x011668_y015736,R22--063-16_HE,ballooning,11668,15736,89,71,1.586968,11264,15360,images/ballooning_x011668_y015736.png,overlays/ballooning_x011668_y015736.png,124.32,bbox_padded,539.92325482875,0.022472605707918033,990.6719299425001,-0.15176935098790736,-0.034352653066787274,0.2490953722519613,-0.34593260884155824,0.7856595401791749,1.9508736075455477,PathA,2025-09-24HE,,40.0,1188,mid,,,
ballooning_x049134_y023227,R25-079_29_HE,ballooning,49134,23227,73,66,-3.241078,48640,23040,images/ballooning_x049134_y023227.png,overlays/ballooning_x049134_y023227.png,116.395,bbox_padded,520.7574665475,0.12965270207132845,787.606569945,-0.5334060829039237,0.7985543720236962,-0.9912027498168263,-1.1705323851764842,1.1075509021749521,1.0970875867224918,PathA,2025-03-07_Jaya HE,,40.0,2913,low,,,
ballooning_x016048_y013008,R22--063-6_HE,ballooning,16048,13008,83,90,-0.226339,15872,12800,images/ballooning_x016048_y013008.png,overlays/ballooning_x016048_y013008.png,121.349,bbox_padded,595.1820556012501,0.07216174183514773,1183.0657790250002,-0.17279380802225497,0.20872977116694685,0.08997432509805749,-0.31999983028516527,-0.008202473256318276,2.3012390727755494,PathA,2025-09-24HE,,40.0,1196,mid,,,
ballooning_x011942_y019196,R26-122-17_HE_101,ballooning,11942,19196,64,60,-0.037684,11776,18944,images/ballooning_x011942_y019196.png,overlays/ballooning_x011942_y019196.png,111.938,bbox_padded,457.61769363375004,0.05714014972045864,647.2210039425,0.043261833336277554,0.5645795159766965,0.008373221983782228,-0.234280673645658,0.12994394357242323,0.8928230284401172,PathA,2026-04-20_CCl4_HE,,40.0,3694,mid,,,
ballooning_x031352_y013792,R22--063-6_HE,ballooning,31352,13792,78,84,2.760384,31232,13312,images/ballooning_x031352_y013792.png,overlays/ballooning_x031352_y013792.png,118.872,bbox_padded,626.79793995,0.034092422426421624,921.0617869050001,0.20609531415735033,-0.47908603176050607,0.3718750462387524,0.12085943271565747,0.8161489221333481,0.7656036583791584,PathA,2025-09-24HE,,40.0,389,top,,,
ballooning_x008026_y010576,R26-122-10_HE_79,ballooning,8026,10576,39,48,5.820764,7680,10240,images/ballooning_x008026_y010576.png,overlays/ballooning_x008026_y010576.png,99.555,bbox_padded,418.4581550175,0.1765455704270236,288.6827694075,0.7347347327246142,-2.4868118659244853,1.948370950424893,0.734985287620757,-0.4946376753776004,-0.7816114167866788,PathA,2026-04-20_CCl4_HE,,40.0,,vetoed,,,
ballooning_x010745_y016344,R26-122-23_HE_91,ballooning,10745,16344,53,80,-4.231713,10240,15872,images/ballooning_x010745_y016344.png,overlays/ballooning_x010745_y016344.png,106.49,bbox_padded,474.39159153750006,0.03446686941295733,665.4974996475,-0.8452169821263726,1.160513750073914,-0.6971439886902343,-1.8181914338644514,1.0698887650944418,1.1456599654015096,PathA,2026-04-20_CCl4_HE,,40.0,6066,low,,,
ballooning_x028378_y013646,R26-122-36_HE_95,ballooning,28378,13646,76,73,2.106403,28160,13312,images/ballooning_x028378_y013646.png,overlays/ballooning_x028378_y013646.png,117.881,bbox_padded,478.25541445500005,0.10011566636679091,954.4255911450001,0.10131640858012547,-0.11233956830122678,0.35750597276708274,0.24245620549709926,2.123994408400208,2.611843519489419,PathA,2026-04-20_CCl4_HE,,40.0,1443,top,,,
ballooning_x010234_y019549,R22--063-20_HE,ballooning,10234,19549,67,79,7.586853,9728,19456,images/ballooning_x010234_y019549.png,overlays/ballooning_x010234_y019549.png,113.424,bbox_padded,358.93688293125,0.08157853688972079,786.3799594950001,0.8803772465419359,-1.7402846147609092,2.1571389761223845,1.1621999462915928,1.7039661233590484,2.615223003155567,PathA,2025-09-24HE,,40.0,24,top,,,
ballooning_x029169_y013742,R22--063-16_HE,ballooning,29169,13742,86,93,-3.85915,28672,13312,images/ballooning_x029169_y013742.png,overlays/ballooning_x029169_y013742.png,122.834,bbox_padded,901.0987018312501,0.023030552836313053,1190.3641112025,-0.7579666542572118,0.7632807575728839,-0.5433121592212495,-2.6065985897234607,1.073441273656166,0.9378642886413208,PathA,2025-09-24HE,,40.0,2697,low,,,
ballooning_x032483_y021435,R26-041-1,ballooning,32483,21435,53,54,-2.929701,32256,20992,images/ballooning_x032483_y021435.png,overlays/ballooning_x032483_y021435.png,106.49,bbox_padded,324.13181141250004,0.07076582190832295,442.8677029725,-0.23505278339962807,0.7323317316721585,-0.6861636356805962,-0.7210298518600424,0.6421881535284089,0.8317287327048966,PathA,P273-2026-02-13_Christina HE,,40.0,3568,low,,,
ballooning_x043660_y020955,R25-079_1_HE,ballooning,43660,20955,46,36,0.560013,43520,20480,images/ballooning_x043660_y020955.png,overlays/ballooning_x043660_y020955.png,103.022,bbox_padded,247.52998881000002,0.04940047961630695,255.74827882500003,0.3876441149760177,0.007686180957258806,0.05664619873380103,0.25211734065008296,0.1412248384043208,0.07672475532246506,PathA,2025-03-07_Jaya HE,,40.0,,vetoed,,,
ballooning_x021944_y012391,R22-354_16_ACLY656 CHOW1,ballooning,21944,12391,87,96,3.438951,21504,12288,images/ballooning_x021944_y012391.png,overlays/ballooning_x021944_y012391.png,123.33,bbox_padded,676.9049768325001,0.04265819692157342,1255.1291429625,0.40873285490310907,-0.4629360797234943,0.4908756779815574,0.6322863096107386,1.7470678325295996,1.5464734631190025,PathA,2025-03-28_Celina 656D H&E,,40.0,242,top,,,
ballooning_x021082_y022948,R25-079_10_HE,ballooning,21082,22948,75,74,-2.195929,20992,22528,images/ballooning_x021082_y022948.png,overlays/ballooning_x021082_y022948.png,117.386,bbox_padded,477.61144396875005,0.030316154179298397,708.0608822625001,-0.8106340235436134,-0.3637670529162006,0.6921584959624989,-2.0629582354386398,0.9469166194601937,1.1785161723940045,PathA,2025-03-07_Jaya HE,,40.0,3734,low,,,
ballooning_x012267_y013565,R25-151_25_HE,ballooning,12267,13565,50,26,5.066252,11776,13312,images/ballooning_x012267_y013565.png,overlays/ballooning_x012267_y013565.png,105.004,bbox_padded,194.60174789250001,0.1223159509202454,159.95000268,1.1883907288000672,-1.7284774637028266,1.9711434758604816,1.9755749109162986,0.4014606863249998,-0.3705272524105748,PathA,2025-04-29HE,,40.0,,vetoed,,,
ballooning_x004474_y014858,R22--063-25_HE,ballooning,4474,14858,82,62,0.605374,4096,14848,images/ballooning_x004474_y014858.png,overlays/ballooning_x004474_y014858.png,120.853,bbox_padded,330.3875247075,0.0581375978677328,736.334253135,-0.3097161065912316,0.6061692654255074,-0.5840628604892669,0.2487234627839812,1.80982212164279,2.3912449582086683,PathA,2025-09-24HE,,40.0,1989,mid,,,
ballooning_x007451_y012585,R25-151_18_HE,ballooning,7451,12585,87,76,-0.32581,7168,12288,images/ballooning_x007451_y012585.png,overlays/ballooning_x007451_y012585.png,123.33,bbox_padded,415.85160781125,0.027784699725890854,984.4775471700001,-0.3092590756249493,0.19170969415400488,0.10756661263213821,-0.8296385995424821,0.3897992072348231,3.337892221236858,PathA,2025-04-29HE,,40.0,3789,mid,,,
ballooning_x020836_y017056,R25-264-39,ballooning,20836,17056,73,76,-0.12067,20480,16896,images/ballooning_x020836_y017056.png,overlays/ballooning_x020836_y017056.png,116.395,bbox_padded,442.74504192750004,0.0652871105681124,803.1845226600001,-0.221067567016485,0.6116431296451575,-0.4327758738871565,-0.30069333843351603,0.9946393818465321,1.894376197583728,PathA,2025-08-25HE,,40.0,2390,mid,,,
ballooning_x047796_y023774,R25-079_29_HE,ballooning,47796,23774,74,53,2.731878,47616,23552,images/ballooning_x047796_y023774.png,overlays/ballooning_x047796_y023774.png,116.891,bbox_padded,322.1692346925,0.08769659565996418,616.126429035,0.4194314637183708,-0.4102974691665116,0.7893796889775897,0.44581698341893705,1.3978321853256714,1.300939319988459,PathA,2025-03-07_Jaya HE,,40.0,490,top,,,
ballooning_x012267_y013565,R25-151_25_HE,ballooning,12267,13565,50,26,5.066252,11776,13312,images/ballooning_x012267_y013565.png,overlays/ballooning_x012267_y013565.png,105.004,bbox_padded,194.60174789250001,0.1223159509202454,159.95000268,1.1883907288000672,-1.7284774637028266,1.9711434758604816,1.9755749109162986,0.4014606863249998,-0.3705272524105748,PathA,2025-04-29HE,ballooning_x012267_y013565,40.0,,vetoed,,,
ballooning_x014185_y015540,R26-122-23_HE_91,ballooning,14185,15540,79,64,-5.464928,13824,15360,images/ballooning_x014185_y015540.png,overlays/ballooning_x014185_y015540.png,119.367,bbox_padded,507.51007368750004,0.06332308177588518,777.7323558225,-1.1098917990102652,1.0178664456454976,-1.6695133051718387,-1.4057028562408658,0.6152000914118333,1.4755741242571396,PathA,2026-04-20_CCl4_HE,,40.0,6225,low,,,
ballooning_x044865_y018065,R26-041-20,ballooning,44865,18065,79,80,-5.07677,44544,17920,images/ballooning_x044865_y018065.png,overlays/ballooning_x044865_y018065.png,119.367,bbox_padded,521.06411916,0.04752250425756224,756.2666729475001,-1.161347521036371,1.4377181349360328,-1.5072354807612562,-1.6203677386841508,-0.1695332555881551,1.2817998328011608,PathA,P273-2026-02-13_Christina HE,,40.0,2877,low,,,
ballooning_x007748_y013634,R25-151_10_HE,ballooning,7748,13634,61,68,0.156166,7680,13312,images/ballooning_x007748_y013634.png,overlays/ballooning_x007748_y013634.png,110.452,bbox_padded,412.87707747,0.0489019926799512,603.24701931,-0.16658166427393564,0.4974359971135152,0.016157413517974152,-0.2982172095443637,2.0251151715100284,0.9778698353177729,PathA,2025-04-29HE,,40.0,3596,mid,,,
ballooning_x023155_y012318,R22-354_19_ACLY656 CHOW4,ballooning,23155,12318,58,49,0.563575,23040,12288,images/ballooning_x023155_y012318.png,overlays/ballooning_x023155_y012318.png,108.966,bbox_padded,266.51178552375006,0.05222807858169621,383.99040137250006,-0.4649451647390113,0.35666590974695583,0.413902368279326,-1.046887430238431,2.058227820900051,1.481636524974102,PathA,2025-03-28_Celina 656D H&E,,40.0,3376,mid,,,
ballooning_x005471_y012059,R25-151_32_HE,ballooning,5471,12059,95,70,2.459389,5120,11776,images/ballooning_x005471_y012059.png,overlays/ballooning_x005471_y012059.png,127.292,bbox_padded,259.36677965250004,0.14148264984227127,1166.5065379500002,-0.9065812220685388,-0.20778499297846345,0.5667061574149004,-1.2200693559001372,3.114557150664259,5.424900937149712,PathA,2025-04-29HE,,40.0,834,top,,,
ballooning_x013694_y014301,R22--063-16_HE,ballooning,13694,14301,80,96,-0.700023,13312,13824,images/ballooning_x013694_y014301.png,overlays/ballooning_x013694_y014301.png,119.863,bbox_padded,774.8498212650001,0.11095565423687573,1008.2124593775001,-0.0033139905422553285,0.28155290775620384,-0.49203982768832083,-0.18476706141278926,0.5742907200492455,0.7180854336341478,PathA,2025-09-24HE,,40.0,,vetoed,,,
ballooning_x042829_y015608,R25-223-14_HE,ballooning,42829,15608,46,74,-4.289124,42496,15360,images/ballooning_x042829_y015608.png,overlays/ballooning_x042829_y015608.png,103.022,bbox_padded,313.85894889375004,0.04158145875937287,539.831259045,-1.7195092051764447,1.0476371849740607,-0.7469477016657556,-1.5367726701588211,1.6760912030102433,1.6403704312155216,PathA,2025-07-09_Evelyn_HE,,40.0,5950,low,,,
ballooning_x037706_y013114,R25-223-18_HE,ballooning,37706,13114,85,72,3.157787,37376,12800,images/ballooning_x037706_y013114.png,overlays/ballooning_x037706_y013114.png,122.339,bbox_padded,404.7201179775,0.04133858267716536,934.6771629000001,0.2500543313783666,-0.30402241940952024,0.5213588333016052,0.48812246222340117,2.5116112173610396,3.029248779956995,PathA,2025-07-09_Evelyn_HE,,40.0,796,top,,,
ballooning_x034114_y013753,R25-223-18_HE,ballooning,34114,13753,53,28,4.763685,33792,13312,images/ballooning_x034114_y013753.png,overlays/ballooning_x034114_y013753.png,106.49,bbox_padded,398.58706572750003,0.14270500532481364,172.7680818825,0.30254165218131496,-1.6870324446622915,1.4624390413247257,0.5528197106645028,-1.6688734131065026,-1.3409692097153474,PathA,2025-07-09_Evelyn_HE,,40.0,,vetoed,,,
ballooning_x042562_y022040,R25-079_15_HE,ballooning,42562,22040,90,76,3.357122,42496,22016,images/ballooning_x042562_y022040.png,overlays/ballooning_x042562_y022040.png,124.816,bbox_padded,592.91282626875,0.03428571428571429,1073.28414375,0.11065950844891621,-0.8309957818389824,0.9779224116034329,0.17074423176208406,1.3137167723896737,1.7429722446718685,PathA,2025-03-07_Jaya HE,,40.0,913,top,,,
ballooning_x034231_y013451,R25-223-14_HE,ballooning,34231,13451,66,50,-4.527294,33792,13312,images/ballooning_x034231_y013451.png,overlays/ballooning_x034231_y013451.png,112.928,bbox_padded,371.7242968725,0.04709831095712429,566.4487058100001,-1.678612330989392,0.9276642205058174,-0.43843585991108314,-1.5751527631798121,-0.007928420887813528,1.1910501453493831,PathA,2025-07-09_Evelyn_HE,,40.0,5997,low,,,
ballooning_x040689_y019325,R26-041-20,ballooning,40689,19325,53,48,5.020425,40448,18944,images/ballooning_x040689_y019325.png,overlays/ballooning_x040689_y019325.png,106.49,bbox_padded,608.521444245,0.06892705777381218,274.9447323675,0.8883913410125436,-1.1462354371200398,0.8569038056977414,1.9028417550761625,0.14903107701533014,-1.1945800197958976,PathA,P273-2026-02-13_Christina HE,,40.0,,vetoed,,,
ballooning_x007407_y008839,R26-122-10_HE_79,ballooning,7407,8839,64,51,6.913136,7168,8704,images/ballooning_x007407_y008839.png,overlays/ballooning_x007407_y008839.png,111.938,bbox_padded,334.71132654375003,0.09368238857637386,566.9393499900001,0.9471559112317608,-1.183213364162275,1.5316508839802014,1.4464142801765285,2.2611121085876036,1.4275904196523914,PathA,2026-04-20_CCl4_HE,,40.0,25,top,,,
ballooning_x022844_y017245,R22-354_25_ACLY656 NASH 6,ballooning,22844,17245,65,60,2.802355,22528,16896,images/ballooning_x022844_y017245.png,overlays/ballooning_x022844_y017245.png,112.433,bbox_padded,357.43428513000003,0.055885144755576655,516.89364363,0.3113542515666359,-0.5865299302998644,0.7222233646060588,0.25902831392313275,0.38558239796329,0.9775228398211523,PathA,2025-03-28_Celina 656D H&E,,40.0,436,top,,,
ballooning_x014799_y023845,R25-079_29_HE,ballooning,14799,23845,44,56,-3.547777,14336,23552,images/ballooning_x014799_y023845.png,overlays/ballooning_x014799_y023845.png,102.032,bbox_padded,408.0319661925,0.058672276764843385,262.371975255,-0.42342806400819205,1.988566637550879,-0.8023079910034174,-0.3971966593361235,-0.6347251392850267,-0.6405100174957673,PathA,2025-03-07_Jaya HE,,40.0,,vetoed,,,
ballooning_x040872_y017791,R25-223-10_HE,ballooning,40872,17791,64,60,-2.767631,40448,17408,images/ballooning_x040872_y017791.png,overlays/ballooning_x040872_y017791.png,111.938,bbox_padded,336.213924345,0.10618236365584484,572.3977664925001,-0.7437654185070683,0.679758251438735,-0.6697302122486183,-0.7754876151587653,0.6017677146305834,1.0040448066271235,PathA,2025-07-09_Evelyn_HE,,40.0,4618,low,,,
ballooning_x011961_y016544,R25-345-13,ballooning,11961,16544,61,66,-2.274926,11776,16384,images/ballooning_x011961_y016544.png,overlays/ballooning_x011961_y016544.png,110.452,bbox_padded,280.40314887,0.07497981312723496,531.6742995525001,-0.5006522607070661,0.8483667728393659,-0.501072183192811,-0.793343728049862,1.101733388845314,2.1421617376555138,PathA,2025-11-14HE,,40.0,3941,low,,,
ballooning_x019193_y018156,R26-122-17_HE_101,ballooning,19193,18156,70,71,-2.799153,18944,17920,images/ballooning_x019193_y018156.png,overlays/ballooning_x019193_y018156.png,114.91,bbox_padded,510.94458294750007,0.03695806680881308,690.3363612600001,-0.5646441123707588,0.5968902534083171,-0.9892086203444184,-1.4078349874911475,1.132223596990846,0.8615220399428128,PathA,2026-04-20_CCl4_HE,,40.0,5564,low,,,
ballooning_x026165_y013370,R26-122-23_HE_91,ballooning,26165,13370,74,78,0.789384,26112,13312,images/ballooning_x026165_y013370.png,overlays/ballooning_x026165_y013370.png,116.891,bbox_padded,402.88020230250004,0.05185185185185185,943.8767412750001,-0.5702699839714594,0.30884786919519736,0.008843819904115544,-0.692139557434217,2.9849977331720154,2.755758679640133,PathA,2026-04-20_CCl4_HE,,40.0,2817,mid,,,
ballooning_x012489_y018556,R26-041-20,ballooning,12489,18556,82,76,3.231419,12288,18432,images/ballooning_x012489_y018556.png,overlays/ballooning_x012489_y018556.png,120.853,bbox_padded,417.10888352250004,0.0364231634949867,899.1667903725,0.44278355713935,-0.39013163506342324,0.53556356267814,0.2685732259234574,0.489112977550906,3.288770080326327,PathA,P273-2026-02-13_Christina HE,,40.0,374,top,,,
ballooning_x008932_y021520,R25-264-1,ballooning,8932,21520,68,97,-3.346189,8704,21504,images/ballooning_x008932_y021520.png,overlays/ballooning_x008932_y021520.png,113.919,bbox_padded,405.08810111250006,0.04298234308544916,951.727048155,-0.8252593997136076,1.1422365803393042,-0.48584839584317174,-1.4174075551282885,1.2266632842803176,2.9426021239426774,PathA,2025-08-25HE,,40.0,635,low,,,
ballooning_x021087_y010592,R22-354_1_WT-CHOW1,ballooning,21087,10592,75,67,-3.912721,20992,10240,images/ballooning_x021087_y010592.png,overlays/ballooning_x021087_y010592.png,117.386,bbox_padded,389.5101483975001,0.05897870736762766,650.962165815,-0.9189934935300056,1.0115356143349552,-0.3308919690675476,-1.4025655559527657,1.682201776846227,1.5492209631728042,PathA,2025-03-28_Celina 656D H&E,,40.0,6872,low,,,
ballooning_x010827_y016814,R22-354_25_ACLY656 NASH 6,ballooning,10827,16814,98,80,4.504072,10752,16384,images/ballooning_x010827_y016814.png,overlays/ballooning_x010827_y016814.png,128.778,bbox_padded,576.9362251575001,0.03907610365666291,1197.5397823350002,0.4302907384155546,-1.1138871376179975,1.0435662144643916,1.0171154881723354,1.6302213221852326,1.9886864787714653,PathA,2025-03-28_Celina 656D H&E,,40.0,139,top,,,
ballooning_x023785_y023287,R25-079_10_HE,ballooning,23785,23287,66,67,0.502037,23552,23040,images/ballooning_x023785_y023287.png,overlays/ballooning_x023785_y023287.png,112.928,bbox_padded,443.1130250625,0.08894561162379737,624.712702185,0.1899482854061686,0.8480498356771063,-0.7500205996673929,0.6539069038383056,0.7349379904934491,0.9560397983773091,PathA,2025-03-07_Jaya HE,,40.0,2184,mid,,,
ballooning_x035369_y014591,R25-264-17,ballooning,35369,14591,78,83,-0.404863,35328,14336,images/ballooning_x035369_y014591.png,overlays/ballooning_x035369_y014591.png,118.872,bbox_padded,520.35881815125,0.0404613348459066,973.1314005075001,-0.440050952404778,0.033365012596756075,-0.0257786246349491,-1.115347858795823,2.387473469230911,2.2329273685363065,PathA,2025-08-25HE,,40.0,2489,mid,,,
ballooning_x038308_y013880,R25-223-18_HE,ballooning,38308,13880,56,65,0.392262,37888,13824,images/ballooning_x038308_y013880.png,overlays/ballooning_x038308_y013880.png,107.975,bbox_padded,410.91450075000006,0.08848855653750283,541.303191585,0.10695542554350586,0.3133780046460009,-0.1340158818684691,0.17609990908706546,0.21738554376715039,0.6022542438669637,PathA,2025-07-09_Evelyn_HE,,40.0,3037,mid,,,
ballooning_x030584_y019061,R25-223-21_HE,ballooning,30584,19061,81,64,2.898208,30208,18944,images/ballooning_x030584_y019061.png,overlays/ballooning_x030584_y019061.png,120.358,bbox_padded,458.38432516500006,0.14162348877374784,745.7178230775,0.5067431200549526,-0.863233541177882,-0.08903536603087908,1.3188859018404993,1.5892526248293233,1.3805107942978803,PathA,2025-07-09_Evelyn_HE,,40.0,1072,top,,,
ballooning_x020605_y019675,R25-345-1,ballooning,20605,19675,67,60,-3.802133,20480,19456,images/ballooning_x020605_y019675.png,overlays/ballooning_x020605_y019675.png,113.424,bbox_padded,340.44573039750003,0.09443978765018163,658.5058200825,-1.6211608181350505,0.8986892764216478,-0.8332840655494427,-1.5622360900350591,0.586457728717839,2.1746403970442167,PathA,2025-11-14HE,ballooning_x020605_y019675,40.0,9611,low,,,
ballooning_x035393_y016593,R25-223-3_HE,ballooning,35393,16593,73,54,-6.156174,35328,16384,images/ballooning_x035393_y016593.png,overlays/ballooning_x035393_y016593.png,116.395,bbox_padded,360.65413756125,0.07990012484394507,589.50898227,-1.6812818532575373,1.5874786031969697,-1.1968336167997002,-2.0374685947482036,1.0713750216639077,1.733973316560052,PathA,2025-07-09_Evelyn_HE,,40.0,6130,low,,,
ballooning_x015773_y012629,R25-223-18_HE,ballooning,15773,12629,32,50,3.315202,15360,12288,images/ballooning_x015773_y012629.png,overlays/ballooning_x015773_y012629.png,96.088,bbox_padded,163.261850895,0.09252669039145907,241.27427551500003,0.213827700795051,-1.103452824317105,1.6765317570710445,0.4560584340025581,-0.23091893977671304,1.4181028860400486,PathA,2025-07-09_Evelyn_HE,,40.0,721,top,,,
ballooning_x026468_y013886,R25-151_10_HE,ballooning,26468,13886,64,68,0.142234,26112,13824,images/ballooning_x026468_y013886.png,overlays/ballooning_x026468_y013886.png,111.938,bbox_padded,499.72109733,0.06593309078001597,691.1336580525001,-0.44799417072431436,-0.22305179168446435,0.5002246522666105,-0.7018355818669383,1.6357035425616346,1.231044245804944,PathA,2025-04-29HE,,40.0,3609,mid,,,
ballooning_x018974_y012743,R22-354_19_ACLY656 CHOW4,ballooning,18974,12743,74,95,-3.363065,18944,12288,images/ballooning_x018974_y012743.png,overlays/ballooning_x018974_y012743.png,116.891,bbox_padded,575.77094523,0.031956012847732584,1126.5803678025002,-1.0506000687403705,1.1414780033572902,-1.0269409786038162,-1.8372866679775852,3.05444815662014,2.509882540235883,PathA,2025-03-28_Celina 656D H&E,,40.0,6345,low,,,
ballooning_x024175_y011874,R22-354_16_ACLY656 CHOW1,ballooning,24175,11874,66,50,1.335577,24064,11776,images/ballooning_x024175_y011874.png,overlays/ballooning_x024175_y011874.png,112.928,bbox_padded,587.76106237875,0.09766637856525497,425.75648719500003,0.2444759491647163,0.0795446641693112,-0.5411071889229794,1.102165542600025,-0.049628914429266806,-0.4897381366567966,PathA,2025-03-28_Celina 656D H&E,ballooning_x024175_y011874,40.0,,vetoed,,,
ballooning_x028309_y016862,R22--063-10_HE,ballooning,28309,16862,57,64,1.075442,28160,16384,images/ballooning_x028309_y016862.png,overlays/ballooning_x028309_y016862.png,108.471,bbox_padded,423.11927472750006,0.053600227682383074,646.4850376725001,0.12232028772082713,0.40273416804902823,0.1189393449383957,-0.5055650773792976,1.6167505678099208,1.1446856225599995,PathA,2025-09-24HE,,40.0,1452,mid,,,
ballooning_x027652_y017151,R25-345-13,ballooning,27652,17151,44,40,-5.155564,27648,16896,images/ballooning_x027652_y017151.png,overlays/ballooning_x027652_y017151.png,102.032,bbox_padded,308.92184183250004,0.12013536379018613,289.97071038,-1.2407481365092599,0.43394146364570035,-0.7729301683073911,-2.073226545382037,0.08203762839336906,-0.12833598810238186,PathA,2025-11-14HE,,40.0,,vetoed,,,
ballooning_x013538_y016044,R26-041-26,ballooning,13538,16044,80,71,2.87811,13312,15872,images/ballooning_x013538_y016044.png,overlays/ballooning_x013538_y016044.png,119.863,bbox_padded,573.931029555,0.05380717428990532,919.8351764550001,0.5634348144469602,-0.3253665558798928,0.0764106258831582,0.29453623441322,1.4778553508133419,1.6418333549624509,PathA,P273-2026-02-13_Christina HE,,40.0,465,top,,,
ballooning_x014239_y012503,R22-354_16_ACLY656 CHOW1,ballooning,14239,12503,80,72,-3.862686,13824,12288,images/ballooning_x014239_y012503.png,overlays/ballooning_x014239_y012503.png,119.863,bbox_padded,530.72367645375,0.06563582185713135,761.5410978825,-0.4079236496511592,1.2265289484066626,-1.0717470859356182,-1.4632509478817959,1.0149858721652283,1.0121395427791726,PathA,2025-03-28_Celina 656D H&E,,40.0,3456,low,,,
ballooning_x025849_y014285,R25-345-17,ballooning,25849,14285,79,66,4.993722,25600,13824,images/ballooning_x025849_y014285.png,overlays/ballooning_x025849_y014285.png,119.367,bbox_padded,519.0402119175001,0.07928765001935734,792.0836980875,0.3143049674859561,-1.4557455528246748,1.4010188183184846,0.4722046631546617,1.5114274650914643,1.5181157033315473,PathA,2025-11-14HE,,40.0,67,top,,,
ballooning_x016403_y012246,R25-151_18_HE,ballooning,16403,12246,100,73,-3.041693,16384,11776,images/ballooning_x016403_y012246.png,overlays/ballooning_x016403_y012246.png,129.769,bbox_padded,536.79539818125,0.07122169562927858,931.7332978200001,-0.705097999345686,0.6150962312808325,-0.5309966383614376,-1.388148570646287,0.6606001102346936,1.522925401700398,PathA,2025-04-29HE,,40.0,5733,low,,,
ballooning_x026675_y015591,R22-354_25_ACLY656 NASH 6,ballooning,26675,15591,52,87,-4.036972,26624,15360,images/ballooning_x026675_y015591.png,overlays/ballooning_x026675_y015591.png,105.994,bbox_padded,337.685856885,0.07464595705801735,671.2625687625001,-0.8452222723978853,1.6726998815828291,-1.0740397616880186,-0.993466164274765,0.853072734447352,1.7365941968251843,PathA,2025-03-28_Celina 656D H&E,,40.0,2657,low,,,
ballooning_x009753_y012515,R25-264-24,ballooning,9753,12515,62,62,3.022585,9728,12288,images/ballooning_x009753_y012515.png,overlays/ballooning_x009753_y012515.png,110.947,bbox_padded,448.69410261,0.07234169061539987,618.8863025475,0.10424750098130918,-0.5975634634882936,1.0101930663331031,0.4116210033777037,1.5460610194575404,0.9346875693121357,PathA,2025-08-25HE,,40.0,665,top,,,
ballooning_x026852_y023963,R25-079_29_HE,ballooning,26852,23963,69,52,0.606028,26624,23552,images/ballooning_x026852_y023963.png,overlays/ballooning_x026852_y023963.png,114.414,bbox_padded,330.90883414875003,0.04678362573099415,503.40092868000005,-0.13355498035863872,-0.334866743718594,0.8014568019217626,-0.1345639828324179,1.0885904541135158,0.9292212887719442,PathA,2025-03-07_Jaya HE,,40.0,1381,mid,,,
ballooning_x026589_y013862,R25-223-14_HE,ballooning,26589,13862,48,52,2.124516,26112,13824,images/ballooning_x026589_y013862.png,overlays/ballooning_x026589_y013862.png,104.013,bbox_padded,360.86879439,0.08550488599348532,301.25552652000005,0.30165804599841683,-0.6529706638346288,0.9732485438617737,1.0725261518258973,-0.39922979064957564,-0.3598271230577663,PathA,2025-07-09_Evelyn_HE,,40.0,,vetoed,,,
ballooning_x007092_y022724,R25-264-1,ballooning,7092,22724,66,56,4.744042,6656,22528,images/ballooning_x007092_y022724.png,overlays/ballooning_x007092_y022724.png,112.928,bbox_padded,372.98157258375,0.08383441258094357,530.3863585800001,0.5246564421697406,-1.0231323160929566,1.676244930912016,0.7934542432702946,0.6089621657653229,0.8113806112944375,PathA,2025-08-25HE,,40.0,7,top,,,
ballooning_x010520_y015208,R25-151-36_HE,ballooning,10520,15208,69,54,-3.522028,10240,14848,images/ballooning_x010520_y015208.png,overlays/ballooning_x010520_y015208.png,114.414,bbox_padded,345.41350272000005,0.10212923991086903,495.427960755,-0.40543204920678055,1.094760704272707,-1.4883594844179064,-0.8758556201627459,0.8637915650210458,1.152098043072452,PathA,2025-04-29HE,,40.0,4925,low,,,
ballooning_x004445_y013051,R22-354_19_ACLY656 CHOW4,ballooning,4445,13051,77,52,2.300461,4096,12800,images/ballooning_x004445_y013051.png,overlays/ballooning_x004445_y013051.png,118.377,bbox_padded,413.9196963525,0.08743169398907104,527.5038240225,0.34340955852416954,-0.5656047827485332,0.9457133685829101,0.0136765127078729,0.6617237465016681,0.627717028417414,PathA,2025-03-28_Celina 656D H&E,,40.0,,vetoed,,,
ballooning_x047408_y018302,R26-041-4,ballooning,47408,18302,81,73,0.628234,47104,17920,images/ballooning_x047408_y018302.png,overlays/ballooning_x047408_y018302.png,120.358,bbox_padded,458.629647255,0.0646469113961374,832.0098682350001,0.019265515890233013,0.39816318648383103,-0.041578256841532726,0.263407830335909,1.7170661703899417,1.7582101236110093,PathA,P273-2026-02-13_Christina HE,,40.0,1224,mid,,,
ballooning_x019795_y014922,R26-041-15,ballooning,19795,14922,58,94,2.760204,19456,14848,images/ballooning_x019795_y014922.png,overlays/ballooning_x019795_y014922.png,108.966,bbox_padded,425.51116510500003,0.10198952879581151,585.7064898750001,0.6187283427118702,-0.714699783208616,0.396553986963688,1.1867254589961753,0.7534233791730117,0.7754268766517901,PathA,P273-2026-02-13_Christina HE,,40.0,,vetoed,,,
ballooning_x018724_y012541,R25-151_25_HE,ballooning,18724,12541,62,69,-2.500391,18432,12288,images/ballooning_x018724_y012541.png,overlays/ballooning_x018724_y012541.png,110.947,bbox_padded,200.4894780525,0.12333897076588547,507.69406525500006,-1.3824727093378477,0.8651997660098295,-0.3100410605420774,-1.1986781907952915,0.6744907594772245,3.331877923292177,PathA,2025-04-29HE,,40.0,11550,low,,,
ballooning_x017836_y022492,R25-264-1,ballooning,17836,22492,62,87,0.787578,17408,22016,images/ballooning_x017836_y022492.png,overlays/ballooning_x017836_y022492.png,110.947,bbox_padded,508.8593451825,0.028280637357136897,735.1689732075,0.11938809580593507,-0.5909450789870805,-0.03458076336177316,-0.17738939004231913,0.006191363359550522,0.8927083581307879,PathA,2025-08-25HE,,40.0,150,top,,,
ballooning_x013626_y013959,R25-264-24,ballooning,13626,13959,73,70,0.015836,13312,13824,images/ballooning_x013626_y013959.png,overlays/ballooning_x013626_y013959.png,116.395,bbox_padded,464.70136898250007,0.06934938566834337,743.7552463575,-0.4834069099700561,1.018779495597226,-0.6870821563445991,-1.0290759503841151,2.960469574248042,1.7581970527748538,PathA,2025-08-25HE,ballooning_x013626_y013959,40.0,3057,mid,,,
ballooning_x028482_y017171,R22-354_25_ACLY656 NASH 6,ballooning,28482,17171,58,68,0.368777,28160,16896,images/ballooning_x028482_y017171.png,overlays/ballooning_x028482_y017171.png,108.966,bbox_padded,333.02473717500004,0.09793330201972757,522.2907296100001,0.25451357224368204,-0.0015595478970739402,-0.15415464753129118,-0.41956988227626074,0.16815008636612602,1.247888779223485,PathA,2025-03-28_Celina 656D H&E,,40.0,1195,mid,,,
ballooning_x005879_y018622,R22--063-20_HE,ballooning,5879,18622,83,68,0.028149,5632,18432,images/ballooning_x005879_y018622.png,overlays/ballooning_x005879_y018622.png,121.349,bbox_padded,336.5205769575,0.12964824120603016,732.28643865,0.008581223188431148,0.3986490366577973,-0.1009249147705873,0.2566638829402132,0.6829751537612645,1.5442571832188998,PathA,2025-09-24HE,,40.0,1688,mid,,,
ballooning_x035973_y015080,R26-041-15,ballooning,35973,15080,62,38,-2.848365,35840,14848,images/ballooning_x035973_y015080.png,overlays/ballooning_x035973_y015080.png,110.947,bbox_padded,272.430180945,0.12340022120398167,388.16087690250004,-0.7427141950406823,0.6138770850638485,-0.18435592875121984,-0.5657090155102946,-0.731512288200683,0.7542305559302727,PathA,P273-2026-02-13_Christina HE,,40.0,4666,low,,,
ballooning_x028019_y016201,R25-264-39,ballooning,28019,16201,56,51,1.354149,27648,15872,images/ballooning_x028019_y016201.png,overlays/ballooning_x028019_y016201.png,107.975,bbox_padded,521.83075069125,0.04766187050359712,340.9977051,0.29337084620995385,-0.15577031622643062,0.30158112614844235,0.5797234150809434,-0.6779761107596166,-0.6980470355622117,PathA,2025-08-25HE,,40.0,,vetoed,,,
ballooning_x028157_y022656,R25-264-1,ballooning,28157,22656,79,62,-0.669351,27648,22528,images/ballooning_x028157_y022656.png,overlays/ballooning_x028157_y022656.png,119.367,bbox_padded,363.59800264125005,0.04865289040020925,703.3997625525001,-0.9535237462420648,-0.24500131448431503,0.595423932229063,-1.1282837016181422,0.5282931042818395,1.6679384302075766,PathA,2025-08-25HE,,40.0,312,mid,,,
ballooning_x013754_y022981,R25-079_24_HE,ballooning,13754,22981,78,81,1.433357,13312,22528,images/ballooning_x013754_y022981.png,overlays/ballooning_x013754_y022981.png,118.872,bbox_padded,370.06837276500005,0.10568957669549386,673.7157896625,0.25049191493123957,0.6424467656939268,-0.6988118105656943,1.1440324047997321,2.658794008331,1.6000976282552093,PathA,2025-03-07_Jaya HE,ballooning_x013754_y022981,40.0,,vetoed,,,
ballooning_x022600_y016010,R25-345-17,ballooning,22600,16010,43,58,0.832976,22528,15872,images/ballooning_x022600_y016010.png,overlays/ballooning_x022600_y016010.png,101.537,bbox_padded,505.85414958,0.04877065699314792,304.32205264500004,0.03389873959755698,-0.6057021780380621,0.7856264457368691,0.0849516996295528,-0.06834208701898767,-0.822555812076486,PathA,2025-11-14HE,,40.0,,vetoed,,,
ballooning_x025888_y015283,R22--063-16_HE,ballooning,25888,15283,100,78,5.283768,25600,14848,images/ballooning_x025888_y015283.png,overlays/ballooning_x025888_y015283.png,129.769,bbox_padded,656.69656966875,0.0393614237110704,1171.7196323625,0.3711038208492687,-1.202555480912685,1.2915988731851262,0.5265666255338877,1.9448383093854937,1.486818782702378,PathA,2025-09-24HE,,40.0,190,top,,,
ballooning_x023358_y013858,R25-151-36_HE,ballooning,23358,13858,62,63,6.112553,23040,13824,images/ballooning_x023358_y013858.png,overlays/ballooning_x023358_y013858.png,110.947,bbox_padded,430.72425951750006,0.07983315549519837,632.2563564525001,0.2891328982931231,-1.1601623052177807,1.5686985314920607,1.4786098703301271,1.3546625652296447,1.0589472697754856,PathA,2025-04-29HE,,40.0,35,top,,,
ballooning_x036306_y017631,R25-223-3_HE,ballooning,36306,17631,53,47,6.465253,35840,17408,images/ballooning_x036306_y017631.png,overlays/ballooning_x036306_y017631.png,106.49,bbox_padded,265.68382347000005,0.09070529401620969,355.65569997750003,1.6597094872094569,-0.9645730808930721,1.007284945646846,1.9213175210901123,0.9029137747765417,0.7712220920905422,PathA,2025-07-09_Evelyn_HE,,40.0,95,top,,,
ballooning_x013590_y020222,R22--063-20_HE,ballooning,13590,20222,83,98,2.451556,13312,19968,images/ballooning_x013590_y020222.png,overlays/ballooning_x013590_y020222.png,121.349,bbox_padded,535.01681302875,0.03946138021320366,655.8686076150001,0.2520196481269641,-0.467838554658324,0.6249993697782894,0.5274116736940111,0.8137599194126426,0.5295155544018454,PathA,2025-09-24HE,ballooning_x013590_y020222,40.0,,vetoed,,,
ballooning_x030109_y022715,R25-079_10_HE,ballooning,30109,22715,58,44,-3.39657,29696,22528,images/ballooning_x030109_y022715.png,overlays/ballooning_x030109_y022715.png,108.966,bbox_padded,396.80848057500003,0.06567494856781136,387.54757167750006,-0.36127530028448984,1.1143356416826986,-1.092848310784144,-0.8800162955339613,-0.3217765395825016,-0.04143535585067761,PathA,2025-03-07_Jaya HE,,40.0,,vetoed,,,
ballooning_x034589_y014264,R22--063-25_HE,ballooning,34589,14264,66,64,-2.536753,34304,13824,images/ballooning_x034589_y014264.png,overlays/ballooning_x034589_y014264.png,112.928,bbox_padded,370.62034746750004,0.07575757575757576,603.1243582650001,-0.7823276843632295,0.7245655006776431,-0.21948760276300408,-1.4357743540367953,0.42223113397005635,1.5562960859256072,PathA,2025-09-24HE,,40.0,3595,low,,,
ballooning_x027299_y014840,R26-041-15,ballooning,27299,14840,54,60,0.861179,27136,14336,images/ballooning_x027299_y014840.png,overlays/ballooning_x027299_y014840.png,106.985,bbox_padded,374.3001788175,0.05921126131158529,548.9695068975001,0.1423670271706354,0.02798011777463658,0.03726843572282891,-0.05546097853785583,1.5098785234068688,0.7827830819027481,PathA,P273-2026-02-13_Christina HE,ballooning_x027299_y014840,40.0,2249,mid,,,
ballooning_x047746_y016186,R25-223-3_HE,ballooning,47746,16186,56,61,0.973099,47616,15872,images/ballooning_x047746_y016186.png,overlays/ballooning_x047746_y016186.png,107.975,bbox_padded,368.47377918,0.10769618339841289,486.90301812750005,0.4834390913898021,0.605539429283939,-0.6464869819700949,0.636961769769661,1.1152205949924685,0.8392020982920784,PathA,2025-07-09_Evelyn_HE,,40.0,2568,mid,,,
