candidate_id,slide,feature,x,y,width,height,score,tile_x,tile_y,image,overlay,crop_um,crop_mode,m_local_median_territory_um2,m_nc_ratio,m_territory_area_um2,m_z_cyto_entropy_mean,m_z_cyto_eosin_od_mean,m_z_cyto_gray_mean,m_z_cyto_local_std_mean,m_z_nn_distance_um,m_z_territory_area_um2,assigned_to,batch,duplicate_of,padding_um,rank,review_band,verdict,reviewer,notes
ballooning_x018579_y018686,R26-041-20,ballooning,18579,18686,58,51,3.306159,18432,18432,images/ballooning_x018579_y018686.png,overlays/ballooning_x018579_y018686.png,108.966,bbox_padded,365.86723197375005,0.04564263322884012,489.11091693750006,0.3605897284613041,-0.5783282198235167,0.7801591419846352,0.4677089413652171,0.9935525743869631,0.6984741979738306,PathB,P273-2026-02-13_Christina HE,,40.0,359,top,,,
ballooning_x005738_y014134,R26-122-36_HE_95,ballooning,5738,14134,75,77,2.390293,5632,13824,images/ballooning_x005738_y014134.png,overlays/ballooning_x005738_y014134.png,117.386,bbox_padded,447.43682689875004,0.161580023364486,839.98283616,0.09364576760173851,0.061319758786753886,0.48444553243716654,-0.40743842292721266,1.9066192708341534,2.0177976658237653,PathB,2026-04-20_CCl4_HE,,40.0,1212,top,,,
ballooning_x024436_y017113,R25-264-39,ballooning,24436,17113,80,68,-0.387832,24064,16896,images/ballooning_x024436_y017113.png,overlays/ballooning_x024436_y017113.png,119.863,bbox_padded,440.59847364000007,0.05829625330495905,951.0524124075001,-0.21431987572604902,0.4480127204774059,-0.9590319405540038,-0.44898910754370486,3.0820461819540363,2.193742317750567,PathB,2025-08-25HE,,40.0,2565,mid,,,
ballooning_x007952_y014613,R25-264-17,ballooning,7952,14613,67,58,-1.185525,7680,14336,images/ballooning_x007952_y014613.png,overlays/ballooning_x007952_y014613.png,113.424,bbox_padded,389.20349578500003,0.06560676192392836,304.7513663025,0.17970860453094267,0.07158904727540838,-0.42525776588360753,0.012874251500897367,-3.268394330525714,-0.5340849774578906,PathB,2025-08-25HE,,40.0,,vetoed,,,
ballooning_x004288_y016722,R25-345-17,ballooning,4288,16722,74,83,3.419895,4096,16384,images/ballooning_x004288_y016722.png,overlays/ballooning_x004288_y016722.png,116.891,bbox_padded,488.92692537000005,0.054684512428298276,962.2758980250001,0.35924839454398916,-0.5179392766389395,0.2170084638774118,0.9313828168631761,1.6446332416420903,2.5899102893733135,PathB,2025-11-14HE,,40.0,245,top,,,
ballooning_x006905_y014613,R25-345-17,ballooning,6905,14613,74,70,-3.074796,6656,14336,images/ballooning_x006905_y014613.png,overlays/ballooning_x006905_y014613.png,116.891,bbox_padded,465.55999629750005,0.08188102424301431,629.9257965975,-0.5011820227607298,0.8792969256908377,-0.7735785540841621,-1.3234171740162335,-0.043052228719528914,0.8730428569897487,PathB,2025-11-14HE,,40.0,2685,low,,,
ballooning_x041441_y017796,R25-223-21_HE,ballooning,41441,17796,69,60,0.510273,40960,17408,images/ballooning_x041441_y017796.png,overlays/ballooning_x041441_y017796.png,114.414,bbox_padded,368.35111813500004,0.12156241260371027,657.8925148575,-0.06726856844416289,0.22626222364741952,-0.6839168577795507,0.10450861699029876,1.6185134889372572,1.892020722215689,PathB,2025-07-09_Evelyn_HE,,40.0,3261,mid,,,
ballooning_x004776_y018918,R25-345-1,ballooning,4776,18918,18,40,-0.331442,4608,18432,images/ballooning_x004776_y018918.png,overlays/ballooning_x004776_y018918.png,89.154,bbox_padded,292.055948145,0.18186874304783093,110.272279455,0.47385280846026273,0.4055292086190734,-0.4065373597863335,0.2620731099481661,-1.9268448683090946,-1.471074769012971,PathB,2025-11-14HE,,40.0,,vetoed,,,
ballooning_x023424_y015045,R25-151_25_HE,ballooning,23424,15045,55,43,3.35218,23040,14848,images/ballooning_x023424_y015045.png,overlays/ballooning_x023424_y015045.png,107.48,bbox_padded,308.492528175,0.16095798769066094,458.38432516500006,1.1344258964930456,0.07568001230116579,0.6155926989736579,0.7120459050500249,1.258192044366773,0.8558958547044648,PathB,2025-04-29HE,,40.0,804,top,,,
ballooning_x005586_y022330,R25-345-20,ballooning,5586,22330,55,88,-5.476957,5120,22016,images/ballooning_x005586_y022330.png,overlays/ballooning_x005586_y022330.png,107.48,bbox_padded,463.81207640625007,0.08327679782903664,723.20952132,-0.7790186687683294,1.8804047071357275,-2.043042463406068,-1.2819650227058321,0.364580704749952,1.1603655347595114,PathB,2025-11-14HE,,40.0,1568,low,,,
ballooning_x032688_y013797,R22--063-6_HE,ballooning,32688,13797,83,57,-2.62948,32256,13312,images/ballooning_x032688_y013797.png,overlays/ballooning_x032688_y013797.png,121.349,bbox_padded,515.3910458287501,0.09542185581476934,699.290617545,-0.483196284330182,0.6917757562593051,-0.8118850346667001,-0.43092039588935804,-0.6689720456248,0.792500212496305,PathB,2025-09-24HE,,40.0,1869,low,,,
ballooning_x014351_y014055,R26-122-23_HE_91,ballooning,14351,14055,63,46,6.327122,14336,13824,images/ballooning_x014351_y014055.png,overlays/ballooning_x014351_y014055.png,111.443,bbox_padded,563.65816703625,0.05934505934505935,428.8843438425,0.6622840477056254,-2.715435485111783,1.8132198938365571,1.0683840188921678,0.11598227730336373,-0.48193576457480664,PathB,2026-04-20_CCl4_HE,,40.0,,vetoed,,,
ballooning_x016330_y015078,R26-122-23_HE_91,ballooning,16330,15078,58,65,2.814544,15872,14848,images/ballooning_x016330_y015078.png,overlays/ballooning_x016330_y015078.png,108.966,bbox_padded,399.01637938500005,0.07681596658157344,528.546442905,0.13845511283932746,-0.4175849926595871,0.9999762444751491,0.7456848787294993,1.4633279009014357,0.8052710480579814,PathB,2026-04-20_CCl4_HE,,40.0,1128,top,,,
ballooning_x038691_y016755,R25-223-10_HE,ballooning,38691,16755,87,106,4.112406,38400,16384,images/ballooning_x038691_y016755.png,overlays/ballooning_x038691_y016755.png,123.33,bbox_padded,477.0901345275,0.03435452452629715,1385.33384223,-0.0023665193545275133,-0.5241320273174274,0.5531104918973514,0.03757310618289943,3.667609199218353,4.560974272643331,PathB,2025-07-09_Evelyn_HE,,40.0,478,top,,,
ballooning_x027094_y014175,R26-122-23_HE_91,ballooning,27094,14175,63,77,4.68007,26624,13824,images/ballooning_x027094_y014175.png,overlays/ballooning_x027094_y014175.png,111.443,bbox_padded,534.7408256775,0.028627753492757348,715.5432060075001,0.6838595194793006,-1.1200999348867609,1.3934790663654175,0.8018351264940768,0.9556268195249141,0.6118150027498472,PathB,2026-04-20_CCl4_HE,,40.0,347,top,,,
ballooning_x020190_y014572,R25-345-17,ballooning,20190,14572,58,95,1.241953,19968,14336,images/ballooning_x020190_y014572.png,overlays/ballooning_x020190_y014572.png,108.966,bbox_padded,518.1815846025,0.07381899311281405,632.2563564525001,0.006923644328177429,-0.5830971851658937,0.622548435055322,0.012386728865213144,-0.0573519775765564,0.6730433544133411,PathB,2025-11-14HE,,40.0,,vetoed,,,
ballooning_x020698_y017882,R26-122-17_HE_101,ballooning,20698,17882,73,96,3.753957,20480,17408,images/ballooning_x020698_y017882.png,overlays/ballooning_x020698_y017882.png,116.395,bbox_padded,443.05169454,0.07371776626629475,1077.3932887575002,0.2053072494086827,-0.40793034476832307,0.7184842509683582,0.4599139381954583,1.7467138576470997,3.7346134503567594,PathB,2026-04-20_CCl4_HE,,40.0,611,top,,,
ballooning_x012267_y013565,R25-151_25_HE,ballooning,12267,13565,50,26,5.066252,11776,13312,images/ballooning_x012267_y013565.png,overlays/ballooning_x012267_y013565.png,105.004,bbox_padded,194.60174789250001,0.1223159509202454,159.95000268,1.1883907288000672,-1.7284774637028266,1.9711434758604816,1.9755749109162986,0.4014606863249998,-0.3705272524105748,PathB,2025-04-29HE,,40.0,,vetoed,,,
ballooning_x016199_y013120,R25-264-24,ballooning,16199,13120,71,67,-2.433979,15872,12800,images/ballooning_x016199_y013120.png,overlays/ballooning_x016199_y013120.png,115.405,bbox_padded,448.60210682625006,0.05561478322672352,690.3363612600001,-0.6571081679750133,1.0045059324470804,-0.38507180007628655,-1.010639077654201,0.9154039686302867,1.5474419839796274,PathB,2025-08-25HE,,40.0,5031,low,,,
ballooning_x022468_y013043,R25-151-36_HE,ballooning,22468,13043,70,88,0.480327,22016,12800,images/ballooning_x022468_y013043.png,overlays/ballooning_x022468_y013043.png,114.91,bbox_padded,486.2897129025,0.061840774454558586,848.9370924450001,-0.1445566738477028,0.12710477006639465,-0.10991960925466825,0.010354872016739515,1.550699750130602,2.1716655925865003,PathB,2025-04-29HE,,40.0,,vetoed,,,
ballooning_x043152_y016458,R26-041-26,ballooning,43152,16458,35,60,-0.267914,43008,16384,images/ballooning_x043152_y016458.png,overlays/ballooning_x043152_y016458.png,97.574,bbox_padded,209.68905642750002,0.13109683559362362,257.7721860675,0.325337243128608,0.6525992483317565,0.11254109628585901,0.22537128095045184,-0.05796214886899224,0.5754088742433628,PathB,P273-2026-02-13_Christina HE,,40.0,,vetoed,,,
ballooning_x003969_y016217,R26-041-26,ballooning,3969,16217,57,63,-0.474326,3584,15872,images/ballooning_x003969_y016217.png,overlays/ballooning_x003969_y016217.png,108.471,bbox_padded,358.81422188625004,0.12768789678476344,598.9538827350001,0.20053477826748775,0.6694183930116815,-0.7013795977655956,0.12053945883247583,0.7693967443024182,1.6010721847411997,PathB,P273-2026-02-13_Christina HE,,40.0,1854,mid,,,
ballooning_x024915_y016741,R22--063-10_HE,ballooning,24915,16741,87,71,3.641669,24576,16384,images/ballooning_x024915_y016741.png,overlays/ballooning_x024915_y016741.png,123.33,bbox_padded,484.4497972275001,0.049328341774939444,1114.00761069,-0.06441403789794753,-0.8100476800474261,1.0108730180329875,-0.43777221681371564,2.222150810017309,3.5597160133816206,PathB,2025-09-24HE,,40.0,526,top,,,
ballooning_x028926_y013099,R22--063-6_HE,ballooning,28926,13099,102,98,4.261713,28672,12800,images/ballooning_x028926_y013099.png,overlays/ballooning_x028926_y013099.png,130.759,bbox_padded,753.3228078675,0.016943745347559463,1730.1953702475003,0.02109288487971164,-0.40269835693028805,0.36462472545996466,0.033895227818527156,6.679156527250562,3.860326560166442,PathB,2025-09-24HE,,40.0,176,top,,,
ballooning_x035820_y013387,R25-223-18_HE,ballooning,35820,13387,70,75,-1.937168,35328,13312,images/ballooning_x035820_y013387.png,overlays/ballooning_x035820_y013387.png,114.91,bbox_padded,383.3770961475,0.1158051689860835,740.38206762,-0.40383069028110674,0.9779159315465581,-1.2365550575603093,-0.6170451399687858,2.3633207556590867,2.337725936834332,PathB,2025-07-09_Evelyn_HE,,40.0,5235,low,,,
ballooning_x020001_y016071,R26-041-15,ballooning,20001,16071,82,52,-4.19567,19968,15872,images/ballooning_x020001_y016071.png,overlays/ballooning_x020001_y016071.png,120.853,bbox_padded,460.16291031750006,0.03963142772218369,619.0089635925001,-4.840714831466447,-1.3826235389670538,2.0924470682573584,-2.743366423865045,2.1936302980305493,1.0057173673254935,PathB,P273-2026-02-13_Christina HE,,40.0,5019,low,,,
ballooning_x020494_y013379,R22--063-16_HE,ballooning,20494,13379,86,86,3.645683,20480,13312,images/ballooning_x020494_y013379.png,overlays/ballooning_x020494_y013379.png,122.834,bbox_padded,568.4726130525,0.038698647878568096,1183.8630758175002,0.1274093426032282,-0.8103482762297558,0.7812824229589276,-0.02040499556614021,1.5045737985411347,3.0714047109544627,PathB,2025-09-24HE,,40.0,522,top,,,
ballooning_x044488_y022542,R25-079_10_HE,ballooning,44488,22542,83,56,5.88423,44032,22528,images/ballooning_x044488_y022542.png,overlays/ballooning_x044488_y022542.png,121.349,bbox_padded,505.5474969675,0.1662185964587003,661.5723462075,0.7857622039556973,-0.7721680048637798,0.6315985661118881,2.1289041453369157,1.3345395976508712,0.7317289945025405,PathB,2025-03-07_Jaya HE,,40.0,79,top,,,
ballooning_x010117_y021458,R25-079_1_HE,ballooning,10117,21458,82,72,-7.318218,9728,20992,images/ballooning_x010117_y021458.png,overlays/ballooning_x010117_y021458.png,120.853,bbox_padded,469.60781078250005,0.06382978723404255,913.7634547275001,-1.7966592822356457,2.1557817345440635,-1.6341627205177833,-2.066815512129209,0.3274322745208275,1.6430077632457123,PathB,2025-03-07_Jaya HE,,40.0,6896,low,,,
ballooning_x023059_y013285,R25-151_18_HE,ballooning,23059,13285,65,77,-1.561557,23040,12800,images/ballooning_x023059_y013285.png,overlays/ballooning_x023059_y013285.png,112.433,bbox_padded,400.85629506000004,0.05825027685492802,553.8146181750001,-0.31405680702754374,0.33294820313928797,-0.24951456277651923,-0.415274628011294,0.6744907594765952,0.923260128504187,PathB,2025-04-29HE,,40.0,,vetoed,,,
ballooning_x026897_y013599,R25-264-17,ballooning,26897,13599,54,62,-1.531542,26624,13312,images/ballooning_x026897_y013599.png,overlays/ballooning_x026897_y013599.png,106.985,bbox_padded,457.70968941750004,0.10526315789473685,443.97165237750005,-0.0640309525572758,0.2602031752226745,-0.7289396675581925,0.19797229252304085,-0.6101989972697289,-0.07531701401932069,PathB,2025-08-25HE,,40.0,,vetoed,,,
ballooning_x019324_y013737,R25-151_32_HE,ballooning,19324,13737,62,50,-2.90443,18944,13312,images/ballooning_x019324_y013737.png,overlays/ballooning_x019324_y013737.png,110.947,bbox_padded,271.78621045875,0.16459059956817804,369.27107597250006,-0.31786688788530254,1.2737530707748308,-0.9382599165507735,-0.31560062497253033,0.44860761359732415,0.6642522070557922,PathB,2025-04-29HE,,40.0,11167,low,,,
ballooning_x026004_y010151,R22-354_16_ACLY656 CHOW1,ballooning,26004,10151,55,42,2.732075,25600,9728,images/ballooning_x026004_y010151.png,overlays/ballooning_x026004_y010151.png,107.48,bbox_padded,546.85360387125,0.047462223944207675,316.588157145,0.23839395127989468,-1.5757892610995454,1.4255791844245496,-0.36657905353215137,-1.4390961186218811,-0.9952350388897138,PathB,2025-03-28_Celina 656D H&E,,40.0,,vetoed,,,
ballooning_x028872_y023277,R25-345-20,ballooning,28872,23277,57,72,-0.711266,28672,23040,images/ballooning_x028872_y023277.png,overlays/ballooning_x028872_y023277.png,108.471,bbox_padded,427.04442816750003,0.061536922153291984,612.937241865,-0.1749240430436928,0.8271416513447458,-0.4951467689171032,-0.13788098941533147,1.9413772202135322,0.875538112194244,PathB,2025-11-14HE,,40.0,923,mid,,,
ballooning_x018724_y012541,R25-151_25_HE,ballooning,18724,12541,62,69,-2.500391,18432,12288,images/ballooning_x018724_y012541.png,overlays/ballooning_x018724_y012541.png,110.947,bbox_padded,200.4894780525,0.12333897076588547,507.69406525500006,-1.3824727093378477,0.8651997660098295,-0.3100410605420774,-1.1986781907952915,0.6744907594772245,3.331877923292177,PathB,2025-04-29HE,,40.0,11550,low,,,
ballooning_x012450_y013087,R25-151_10_HE,ballooning,12450,13087,78,72,0.10497,12288,12800,images/ballooning_x012450_y013087.png,overlays/ballooning_x012450_y013087.png,118.872,bbox_padded,404.68945271625,0.04305209982658524,813.4267199175001,-0.3764755824202916,0.0038338718577664343,-0.03611187664001401,-0.7106989491667886,2.1868153696749655,2.0252956370947373,PathB,2025-04-29HE,,40.0,3647,mid,,,
ballooning_x023749_y014656,R25-151-36_HE,ballooning,23749,14656,67,77,3.523737,23552,14336,images/ballooning_x023749_y014656.png,overlays/ballooning_x023749_y014656.png,113.424,bbox_padded,370.86566955750004,0.08472090414977138,710.8820862975001,0.25824761146113623,-0.759952767823093,1.2420218560975491,0.3348640534689492,1.1871852312794313,2.445635559541036,PathB,2025-04-29HE,,40.0,408,top,,,
ballooning_x023358_y013858,R25-151-36_HE,ballooning,23358,13858,62,63,6.112553,23040,13824,images/ballooning_x023358_y013858.png,overlays/ballooning_x023358_y013858.png,110.947,bbox_padded,430.72425951750006,0.07983315549519837,632.2563564525001,0.2891328982931231,-1.1601623052177807,1.5686985314920607,1.4786098703301271,1.3546625652296447,1.0589472697754856,PathB,2025-04-29HE,,40.0,35,top,,,
ballooning_x044354_y021843,R25-079_10_HE,ballooning,44354,21843,85,74,5.060196,44032,21504,images/ballooning_x044354_y021843.png,overlays/ballooning_x044354_y021843.png,122.339,bbox_padded,536.642071875,0.04522831902451163,985.8268186650001,0.3368032270872009,-1.0458891694881682,1.4507158388416772,1.0862520981190338,0.989603028883042,1.9154596054310133,PathB,2025-03-07_Jaya HE,,40.0,153,top,,,
ballooning_x017940_y010280,R26-122-2_HE_71,ballooning,17940,10280,52,64,-2.335047,17920,10240,images/ballooning_x017940_y010280.png,overlays/ballooning_x017940_y010280.png,105.994,bbox_padded,370.62034746750004,0.07383403227856145,482.60988155250004,-0.996622346154596,0.5819133231463145,-0.09918783509874905,-0.9251695511851877,0.5892748536679577,0.7152265544740202,PathB,2026-04-20_CCl4_HE,,40.0,6744,low,,,
ballooning_x015773_y012629,R25-223-18_HE,ballooning,15773,12629,32,50,3.315202,15360,12288,images/ballooning_x015773_y012629.png,overlays/ballooning_x015773_y012629.png,96.088,bbox_padded,163.261850895,0.09252669039145907,241.27427551500003,0.213827700795051,-1.103452824317105,1.6765317570710445,0.4560584340025581,-0.23091893977671304,1.4181028860400486,PathB,2025-07-09_Evelyn_HE,,40.0,721,top,,,
ballooning_x034181_y022288,R25-079_15_HE,ballooning,34181,22288,34,39,-4.864731,33792,22016,images/ballooning_x034181_y022288.png,overlays/ballooning_x034181_y022288.png,97.079,bbox_padded,388.89684317250004,0.10137375651350071,129.4687329975,0.16545965624131673,1.3457813186347456,-3.674243377292176,-0.08523356687004413,-1.0695066708669825,-0.9841655441828209,PathB,2025-03-07_Jaya HE,,40.0,,vetoed,,,
ballooning_x010827_y016814,R22-354_25_ACLY656 NASH 6,ballooning,10827,16814,98,80,4.504072,10752,16384,images/ballooning_x010827_y016814.png,overlays/ballooning_x010827_y016814.png,128.778,bbox_padded,576.9362251575001,0.03907610365666291,1197.5397823350002,0.4302907384155546,-1.1138871376179975,1.0435662144643916,1.0171154881723354,1.6302213221852326,1.9886864787714653,PathB,2025-03-28_Celina 656D H&E,,40.0,139,top,,,
ballooning_x005878_y012129,R22-354_23_ACLY656 NASH4,ballooning,5878,12129,58,58,3.067111,5632,11776,images/ballooning_x005878_y012129.png,overlays/ballooning_x005878_y012129.png,108.966,bbox_padded,433.26947620125003,0.03518169972491675,423.60991890750006,0.8156373017436107,-0.49449462420485124,1.359539709513254,0.5926901328816582,0.5313784238600648,-0.03704054902983383,PathB,2025-03-28_Celina 656D H&E,,40.0,,vetoed,,,
ballooning_x008471_y010531,R25-151_32_HE,ballooning,8471,10531,56,60,-0.671301,8192,10240,images/ballooning_x008471_y010531.png,overlays/ballooning_x008471_y010531.png,107.975,bbox_padded,244.2794711175,0.21749859786876055,546.7616080875,-0.5476149863424615,0.4317223758120879,-0.4021984967495127,-0.28126322890143346,1.226065973532434,2.486239481120006,PathB,2025-04-29HE,,40.0,5508,mid,,,
ballooning_x044818_y017247,R26-041-4,ballooning,44818,17247,63,61,-0.42775,44544,16896,images/ballooning_x044818_y017247.png,overlays/ballooning_x044818_y017247.png,111.443,bbox_padded,419.89942229625,0.054240166022073384,650.1648690225,-0.13227774185026556,0.3351208788155074,0.13026725882281365,-0.4393425310257867,0.6459609847340343,0.7567236086821687,PathB,P273-2026-02-13_Christina HE,,40.0,1674,mid,,,
ballooning_x009318_y018402,R25-223-3_HE,ballooning,9318,18402,41,50,0.210034,9216,17920,images/ballooning_x009318_y018402.png,overlays/ballooning_x009318_y018402.png,100.546,bbox_padded,184.69686850875001,0.11720158672917418,340.13907778500004,-1.1910357475129636,-0.0914640495296196,0.6320847123426259,-0.751944589563814,0.29381660995106246,2.049756390759509,PathB,2025-07-09_Evelyn_HE,,40.0,3324,mid,,,
ballooning_x013782_y019890,R26-122-17_HE_101,ballooning,13782,19890,82,61,0.119513,13312,19456,images/ballooning_x013782_y019890.png,overlays/ballooning_x013782_y019890.png,120.853,bbox_padded,484.75644984,0.09818708104814138,805.1470993800001,-0.039098305133600436,0.7378440337720451,-0.7946151123574068,0.16683785874782855,2.3277834415184104,1.2584070455377623,PathB,2026-04-20_CCl4_HE,,40.0,3513,mid,,,
ballooning_x034685_y024046,R25-079_24_HE,ballooning,34685,24046,56,80,3.57414,34304,23552,images/ballooning_x034685_y024046.png,overlays/ballooning_x034685_y024046.png,107.975,bbox_padded,469.05583608000006,0.0471304031965129,675.37171377,0.3539916881907091,-0.8312256649295394,1.1350793523036793,0.6541357188838622,0.3070946532551009,0.9000344763503632,PathB,2025-03-07_Jaya HE,,40.0,416,top,,,
ballooning_x033032_y019353,R22--063-20_HE,ballooning,33032,19353,64,64,-0.274374,32768,18944,images/ballooning_x033032_y019353.png,overlays/ballooning_x033032_y019353.png,111.938,bbox_padded,339.92442095625006,0.07647284590289771,639.1867054950001,-0.21612228529005784,0.04535403305745545,0.3320382250296804,-0.6644170391875015,0.8563081915013186,1.5390122332784881,PathB,2025-09-24HE,,40.0,1841,mid,,,
ballooning_x031937_y013210,R25-223-14_HE,ballooning,31937,13210,46,63,-4.103816,31744,12800,images/ballooning_x031937_y013210.png,overlays/ballooning_x031937_y013210.png,103.022,bbox_padded,394.845903855,0.08003562794248632,481.99657632750007,-1.329509682261866,1.3727492956790626,-1.3324176835210189,-1.6078758922285485,0.29644101290363367,0.41563372472517013,PathB,2025-07-09_Evelyn_HE,,40.0,,vetoed,,,
ballooning_x031563_y013883,R26-041-15,ballooning,31563,13883,64,67,0.844227,31232,13824,images/ballooning_x031563_y013883.png,overlays/ballooning_x031563_y013883.png,111.938,bbox_padded,409.38123768750006,0.08192700156985872,625.08068532,0.430041267136645,0.6672636621373867,-0.543200446568754,0.5096923828767181,1.0805191827511775,1.3815864886891,PathB,P273-2026-02-13_Christina HE,,40.0,2267,mid,,,
ballooning_x037750_y014410,R25-264-17,ballooning,37750,14410,87,71,0.711454,37376,14336,images/ballooning_x037750_y014410.png,overlays/ballooning_x037750_y014410.png,123.33,bbox_padded,546.66961230375,0.09392812887236679,742.4059748625001,0.2247745563811196,0.47321370767523735,-0.66095464558459,0.5605234456145435,0.7652978820556103,0.7747479787185725,PathB,2025-08-25HE,,40.0,1740,mid,,,
ballooning_x014360_y017036,R25-345-1,ballooning,14360,17036,53,64,3.766692,14336,16896,images/ballooning_x014360_y017036.png,overlays/ballooning_x014360_y017036.png,106.49,bbox_padded,403.30951596000006,0.10295796574987028,590.9195842875,0.31960703865775797,-0.6366878323092408,0.716472405968863,0.2933949762888051,0.6587212824667968,1.0813769566241636,PathB,2025-11-14HE,,40.0,950,top,,,
ballooning_x017125_y012784,R25-151-36_HE,ballooning,17125,12784,57,76,-0.074408,16896,12288,images/ballooning_x017125_y012784.png,overlays/ballooning_x017125_y012784.png,108.471,bbox_padded,440.59847364,0.033433433433433433,612.6919197750001,0.03971342747135469,-0.3092600732080376,0.15213095690801948,0.06588133421901927,0.7305671062904093,1.0342191645307792,PathB,2025-04-29HE,,40.0,2889,mid,,,
ballooning_x033819_y017168,R25-223-3_HE,ballooning,33819,17168,59,62,0.759829,33792,16896,images/ballooning_x033819_y017168.png,overlays/ballooning_x033819_y017168.png,109.461,bbox_padded,402.97219808625005,0.09095951192457018,552.8946603375,0.3943977750880744,-0.057224860261484614,-0.08263704253515351,0.607829320103893,0.6346333219283783,1.018716503886646,PathB,2025-07-09_Evelyn_HE,,40.0,2773,mid,,,
ballooning_x007083_y013809,R26-122-23_HE_91,ballooning,7083,13809,76,56,0.886428,6656,13312,images/ballooning_x007083_y013809.png,overlays/ballooning_x007083_y013809.png,117.881,bbox_padded,471.44772645750004,0.06864745011086475,691.5016411875,0.3673347822662174,0.5807506426628541,-0.2603971508779835,0.17481399118368648,0.20759088995377073,1.0503788389765727,PathB,2026-04-20_CCl4_HE,,40.0,2729,mid,,,
ballooning_x022600_y016010,R25-345-17,ballooning,22600,16010,43,58,0.832976,22528,15872,images/ballooning_x022600_y016010.png,overlays/ballooning_x022600_y016010.png,101.537,bbox_padded,505.85414958,0.04877065699314792,304.32205264500004,0.03389873959755698,-0.6057021780380621,0.7856264457368691,0.0849516996295528,-0.06834208701898767,-0.822555812076486,PathB,2025-11-14HE,,40.0,,vetoed,,,
ballooning_x009942_y020056,R25-345-24,ballooning,9942,20056,90,87,2.167567,9728,19968,images/ballooning_x009942_y020056.png,overlays/ballooning_x009942_y020056.png,124.816,bbox_padded,314.01227520000003,0.04959508517173973,1098.1230053625002,0.4736634773267312,0.17375804995996924,-0.4229537496197739,0.3470864874105834,2.370575134621751,4.15984773753414,PathB,2025-11-14HE,,40.0,496,top,,,
ballooning_x004426_y019592,R25-345-24,ballooning,4426,19592,65,64,-4.773749,4096,19456,images/ballooning_x004426_y019592.png,overlays/ballooning_x004426_y019592.png,112.433,bbox_padded,458.78297356125006,0.10152132842796063,616.8010647825,-1.2669834932747475,1.1396379391875981,-1.8703169454651867,-1.2900024451335153,0.19600553988113328,0.8019499039185265,PathB,2025-11-14HE,,40.0,3302,low,,,
ballooning_x026562_y024396,R25-079_29_HE,ballooning,26562,24396,42,32,-2.042041,26112,24064,images/ballooning_x026562_y024396.png,overlays/ballooning_x026562_y024396.png,101.041,bbox_padded,400.733634015,0.0771004942339374,186.1381357875,-0.6778794056332308,0.03426945398118984,-0.8355143585705697,-0.9866661555115873,-0.6541061688533277,-0.752085139390888,PathB,2025-03-07_Jaya HE,,40.0,,vetoed,,,
ballooning_x030608_y023819,R25-345-20,ballooning,30608,23819,72,69,2.503565,30208,23552,images/ballooning_x030608_y023819.png,overlays/ballooning_x030608_y023819.png,115.9,bbox_padded,410.301195525,0.06891271056661562,600.7324678875001,-0.04349891528536509,-0.5807782928376294,0.8700842116992956,-0.09114498610211465,1.4111796620140176,0.854465038015026,PathB,2025-11-14HE,,40.0,228,top,,,
ballooning_x009976_y022106,R26-041-1,ballooning,9976,22106,50,72,4.332737,9728,22016,images/ballooning_x009976_y022106.png,overlays/ballooning_x009976_y022106.png,105.004,bbox_padded,311.6203848225,0.11429625984251968,498.49448688000007,0.4256448855350443,-1.1029191558747935,1.0201442063089154,0.42285549071258494,0.699113084771504,1.2018557567983545,PathB,P273-2026-02-13_Christina HE,,40.0,204,top,,,
ballooning_x008078_y013711,R25-264-17,ballooning,8078,13711,58,59,-0.073692,7680,13312,images/ballooning_x008078_y013711.png,overlays/ballooning_x008078_y013711.png,108.966,bbox_padded,393.3126407925,0.09243218600410302,538.1140044150001,-0.07520166685210015,0.1603491024113179,-0.5336428826143107,-0.00207779081440145,0.9611593234719731,0.8377026213173286,PathB,2025-08-25HE,,40.0,2270,mid,,,
ballooning_x006904_y018918,R26-041-20,ballooning,6904,18918,69,52,0.571995,6656,18432,images/ballooning_x006904_y018918.png,overlays/ballooning_x006904_y018918.png,114.414,bbox_padded,416.61823934250003,0.04745057232049948,589.3863212250001,-0.11064581284332316,-0.1589412786763322,0.07042101678574504,-0.3739274721765529,0.9451535236888126,0.7375933499400501,PathB,P273-2026-02-13_Christina HE,,40.0,1288,mid,,,
ballooning_x017096_y013767,R25-264-24,ballooning,17096,13767,56,35,-2.244675,16896,13312,images/ballooning_x017096_y013767.png,overlays/ballooning_x017096_y013767.png,107.975,bbox_padded,441.2731093875,0.18772650398647017,253.84703262750003,0.10965167810566376,1.372619445132757,-1.5950815527931204,0.032122547609039626,-1.1286224995927236,-1.0758057207518135,PathB,2025-08-25HE,,40.0,,vetoed,,,
ballooning_x004317_y014266,R22--063-6_HE,ballooning,4317,14266,46,52,-1.694956,4096,13824,images/ballooning_x004317_y014266.png,overlays/ballooning_x004317_y014266.png,103.022,bbox_padded,529.43573548125,0.07638347622759158,314.74824147000004,-0.3225261971065225,0.19630080192425098,-0.14629225460142742,-1.1838013568673407,-0.9790412481444012,-0.8303340613848501,PathB,2025-09-24HE,,40.0,,vetoed,,,
ballooning_x054761_y022439,R25-079_10_HE,ballooning,54761,22439,63,84,0.713483,54272,22016,images/ballooning_x054761_y022439.png,overlays/ballooning_x054761_y022439.png,111.443,bbox_padded,412.6930859025,0.030413943355119825,703.7677456875001,0.1869524473038186,0.26452731521934686,-0.5791691455955115,0.47085684742031814,0.538635701869583,1.5641989467265682,PathB,2025-03-07_Jaya HE,,40.0,2040,mid,,,
ballooning_x003415_y011323,R26-122-10_HE_79,ballooning,3415,11323,70,65,-2.341916,3072,11264,images/ballooning_x003415_y011323.png,overlays/ballooning_x003415_y011323.png,114.91,bbox_padded,392.147360865,0.07829395274329196,612.56925873,-0.5834985134372147,0.7383275123401839,-0.7943899319503278,-1.3730189887540567,0.8147474336370044,1.2120598947794412,PathB,2026-04-20_CCl4_HE,,40.0,4032,low,,,
ballooning_x023603_y014209,R25-223-14_HE,ballooning,23603,14209,46,66,4.339459,23552,13824,images/ballooning_x023603_y014209.png,overlays/ballooning_x023603_y014209.png,103.022,bbox_padded,297.97434356625,0.06674265450861196,484.26580566,1.056885409994224,-0.2845780278118297,0.03538105568440536,1.4064099586617567,1.4626835691103985,1.4037449002467677,PathB,2025-07-09_Evelyn_HE,,40.0,566,top,,,
ballooning_x008328_y015640,R25-151_18_HE,ballooning,8328,15640,39,60,-5.042734,8192,15360,images/ballooning_x008328_y015640.png,overlays/ballooning_x008328_y015640.png,99.555,bbox_padded,450.16603515,0.04907521578298397,248.69526873750002,-0.3129975368970052,0.5204669853992062,-1.032065514919976,-1.1501173687389747,0.1571508819270731,-1.1492231041911902,PathB,2025-04-29HE,,40.0,,vetoed,,,
ballooning_x004598_y010247,R22-354_1_WT-CHOW1,ballooning,4598,10247,39,64,-4.092923,4096,10240,images/ballooning_x004598_y010247.png,overlays/ballooning_x004598_y010247.png,99.555,bbox_padded,324.22380719625005,0.13820315661675434,303.09544219500003,-1.0705659034546327,-0.17085638344072349,0.20778091549652553,-1.4946830212025184,1.8998981713832232e-14,-0.15281951110798234,PathB,2025-03-28_Celina 656D H&E,,40.0,,vetoed,,,
ballooning_x036877_y017130,R26-041-4,ballooning,36877,17130,88,68,3.497194,36864,16896,images/ballooning_x036877_y017130.png,overlays/ballooning_x036877_y017130.png,123.825,bbox_padded,457.03505367,0.030127793246234026,859.0566286575,0.18103324827848016,-1.379532913149449,1.2499895982405889,0.3110203198362234,1.1920304804094761,1.5938309042426393,PathB,P273-2026-02-13_Christina HE,,40.0,281,top,,,
ballooning_x027398_y017297,R25-345-1,ballooning,27398,17297,67,46,-3.231005,27136,16896,images/ballooning_x027398_y017297.png,overlays/ballooning_x027398_y017297.png,113.424,bbox_padded,339.2191199475,0.12737533110676036,532.5329268675,-1.1961411532663102,0.9258637543601026,-1.3719061603609646,-1.3210353600382194,0.2951512218317938,1.1566892676116585,PathB,2025-11-14HE,,40.0,9340,low,,,
ballooning_x028482_y017171,R22-354_25_ACLY656 NASH 6,ballooning,28482,17171,58,68,0.368777,28160,16896,images/ballooning_x028482_y017171.png,overlays/ballooning_x028482_y017171.png,108.966,bbox_padded,333.02473717500004,0.09793330201972757,522.2907296100001,0.25451357224368204,-0.0015595478970739402,-0.15415464753129118,-0.41956988227626074,0.16815008636612602,1.247888779223485,PathB,2025-03-28_Celina 656D H&E,,40.0,1195,mid,,,
ballooning_x015253_y021037,R25-264-1,ballooning,15253,21037,84,61,-1.091455,14848,20992,images/ballooning_x015253_y021037.png,overlays/ballooning_x015253_y021037.png,121.844,bbox_padded,481.90458054375006,0.08482986767485823,778.6523136600001,-0.29639361939382974,0.29771913057638666,0.12297216385822721,-0.5623980530984282,0.5176673042859566,1.0661625415640335,PathB,2025-08-25HE,,40.0,367,mid,,,
ballooning_x014052_y010057,R25-151_32_HE,ballooning,14052,10057,50,44,-1.199007,13824,9728,images/ballooning_x014052_y010057.png,overlays/ballooning_x014052_y010057.png,105.004,bbox_padded,201.4707664125,0.08844911147011308,303.70874742,-0.7927329053753893,0.5959858997800219,0.30397936050977375,-0.1319780926755827,1.1679369375080946,1.0258905985834712,PathB,2025-04-29HE,,40.0,6968,mid,,,
ballooning_x025658_y014524,R22--063-25_HE,ballooning,25658,14524,65,67,0.933396,25600,14336,images/ballooning_x025658_y014524.png,overlays/ballooning_x025658_y014524.png,112.433,bbox_padded,432.25752258,0.07072822465492623,644.2771388625,0.26848146726054417,0.20720729138315933,-0.11785739540169088,0.5308472306846819,0.06807428217863323,1.1066514264407163,PathB,2025-09-24HE,,40.0,1789,mid,,,
ballooning_x010083_y019131,R26-041-20,ballooning,10083,19131,67,62,-0.049786,9728,18944,images/ballooning_x010083_y019131.png,overlays/ballooning_x010083_y019131.png,113.424,bbox_padded,368.4124486575,0.1120197154699227,547.4975743575001,-0.4794543691599082,-0.5314011630475488,0.6876036945834826,-0.7114810831483038,0.7465113926449484,0.8642005343008593,PathB,P273-2026-02-13_Christina HE,,40.0,1533,mid,,,
ballooning_x019500_y012294,R22-354_1_WT-CHOW1,ballooning,19500,12294,90,82,0.107056,19456,12288,images/ballooning_x019500_y012294.png,overlays/ballooning_x019500_y012294.png,124.816,bbox_padded,447.52882268250005,0.045876125412839884,1355.5885388175002,-0.9476653899556261,0.6886468410697167,-0.005039809458739381,-1.303157375037249,4.32367262749842,4.941370700054659,PathB,2025-03-28_Celina 656D H&E,,40.0,3880,mid,,,
ballooning_x004065_y010711,R22-354_1_WT-CHOW1,ballooning,4065,10711,43,50,4.892494,3584,10240,images/ballooning_x004065_y010711.png,overlays/ballooning_x004065_y010711.png,101.537,bbox_padded,417.81418453125,0.11315563198624248,356.63698833750004,0.6678570505110845,-0.7813276754015395,0.3635192546927229,0.46642680640692674,0.28327619708116913,-0.2659832111397128,PathB,2025-03-28_Celina 656D H&E,,40.0,,vetoed,,,
ballooning_x029169_y013742,R22--063-16_HE,ballooning,29169,13742,86,93,-3.85915,28672,13312,images/ballooning_x029169_y013742.png,overlays/ballooning_x029169_y013742.png,122.834,bbox_padded,901.0987018312501,0.023030552836313053,1190.3641112025,-0.7579666542572118,0.7632807575728839,-0.5433121592212495,-2.6065985897234607,1.073441273656166,0.9378642886413208,PathB,2025-09-24HE,,40.0,2697,low,,,
ballooning_x012251_y018701,R26-041-20,ballooning,12251,18701,59,78,0.077039,11776,18432,images/ballooning_x012251_y018701.png,overlays/ballooning_x012251_y018701.png,109.461,bbox_padded,386.81160540750005,0.06598733676296004,619.9289214300001,0.012375299289287451,-0.3929545011006494,0.6838587835006587,-0.49935513583956714,0.6247840355019928,1.3283623713836987,PathB,P273-2026-02-13_Christina HE,,40.0,1478,mid,,,
ballooning_x009339_y015401,R26-122-23_HE_91,ballooning,9339,15401,52,80,3.122232,9216,15360,images/ballooning_x009339_y015401.png,overlays/ballooning_x009339_y015401.png,105.994,bbox_padded,455.86977374250006,0.0560625814863103,611.5266398475001,0.3238228241902483,-0.6633624095047944,1.48115021303003,0.443703947328577,-0.3029310139112545,0.810922571080814,PathB,2026-04-20_CCl4_HE,,40.0,933,top,,,
ballooning_x008234_y024098,R25-079_24_HE,ballooning,8234,24098,98,74,-2.306865,8192,24064,images/ballooning_x008234_y024098.png,overlays/ballooning_x008234_y024098.png,128.778,bbox_padded,572.2751054475001,0.024547425156716856,1046.8506885525,-0.9695685287592304,0.9388096438785647,-0.5836441828411475,-1.647250275320605,2.095566969231136,1.979973253729095,PathB,2025-03-07_Jaya HE,,40.0,3399,low,,,
ballooning_x018166_y014582,R22--063-25_HE,ballooning,18166,14582,52,66,-3.547663,17920,14336,images/ballooning_x018166_y014582.png,overlays/ballooning_x018166_y014582.png,105.994,bbox_padded,277.39795326750004,0.0640706126687435,590.612931675,-0.6712214903085469,1.571696584211299,-1.0888222757971497,-1.1486322834268117,0.805575118156476,2.405463902686432,PathB,2025-09-24HE,,40.0,3882,low,,,
ballooning_x025002_y022284,R25-079_15_HE,ballooning,25002,22284,58,82,-0.073323,24576,22016,images/ballooning_x025002_y022284.png,overlays/ballooning_x025002_y022284.png,108.966,bbox_padded,556.2678390750001,0.09024709540173459,749.581645995,0.37060554101130355,0.4681178572268785,-0.33086940393599723,0.3300905686935847,-0.46781504278520586,1.042665460456217,PathB,2025-03-07_Jaya HE,,40.0,3170,mid,,,
ballooning_x005455_y011351,R26-122-2_HE_71,ballooning,5455,11351,43,35,-5.73992,5120,11264,images/ballooning_x005455_y011351.png,overlays/ballooning_x005455_y011351.png,101.537,bbox_padded,332.04344881500003,0.16357615894039734,185.21817795,-0.2902643321021793,2.408811279764425,-2.251100310680618,-0.7397757698499238,-0.5221024973693824,-1.0714869795533968,PathB,2026-04-20_CCl4_HE,,40.0,,vetoed,,,
ballooning_x038987_y018592,R26-041-4,ballooning,38987,18592,67,84,2.44745,38912,18432,images/ballooning_x038987_y018592.png,overlays/ballooning_x038987_y018592.png,113.424,bbox_padded,463.13744065875005,0.024638168966677886,911.0649117375001,0.2349482547425669,-0.45036217093828784,0.47440360100258944,0.20636289769445718,1.6769812150308796,1.6998423953889972,PathB,P273-2026-02-13_Christina HE,,40.0,523,top,,,
ballooning_x013897_y012881,R22--063-6_HE,ballooning,13897,12881,59,86,-0.501734,13824,12800,images/ballooning_x013897_y012881.png,overlays/ballooning_x013897_y012881.png,109.461,bbox_padded,574.29901269,0.04577407225764263,750.3176122650001,-0.26507276315580797,-0.14101487077544853,0.06717094275736801,-0.4911188855741705,-0.23626171715125263,0.6673982002061123,PathB,2025-09-24HE,,40.0,1288,mid,,,
ballooning_x036080_y014365,R25-264-17,ballooning,36080,14365,58,58,3.985217,35840,14336,images/ballooning_x036080_y014365.png,overlays/ballooning_x036080_y014365.png,108.966,bbox_padded,316.1588434875,0.0895265802697699,463.78141114500005,0.6624190872124177,-0.5314965776298148,0.8946550264254755,0.8310468408834463,0.9222378797767631,0.8886148101040856,PathB,2025-08-25HE,,40.0,206,top,,,
ballooning_x015771_y011616,R22-354_23_ACLY656 NASH4,ballooning,15771,11616,83,88,0.486379,15360,11264,images/ballooning_x015771_y011616.png,overlays/ballooning_x015771_y011616.png,121.349,bbox_padded,648.6929364825,0.06471113553616817,892.7884160325001,0.22136903359491572,0.019840782207327257,-0.3197444622465358,0.2880422825499922,0.29948948591769475,0.7044012654728022,PathB,2025-03-28_Celina 656D H&E,,40.0,1783,mid,,,
ballooning_x011851_y011263,R22-354_19_ACLY656 CHOW4,ballooning,11851,11263,57,63,2.910072,11776,10752,images/ballooning_x011851_y011263.png,overlays/ballooning_x011851_y011263.png,108.471,bbox_padded,374.17751777250004,0.09853438556933485,544.001734575,0.5085118065448686,-0.008172693145728969,0.6401109624578564,0.7336861833389601,0.8957197937748733,1.1097236559659487,PathB,2025-03-28_Celina 656D H&E,,40.0,1236,top,,,
ballooning_x020525_y010542,R25-151_32_HE,ballooning,20525,10542,21,44,8.146004,20480,10240,images/ballooning_x020525_y010542.png,overlays/ballooning_x020525_y010542.png,90.64,bbox_padded,279.91250469,0.13572023313905077,147.31591504500003,2.540279223746631,-2.7450253733431578,1.724571153836499,2.47069665265318,-0.05285142678483829,-0.9967525782559118,PathB,2025-04-29HE,,40.0,,vetoed,,,
ballooning_x024223_y022403,R25-264-1,ballooning,24223,22403,78,66,3.778821,24064,22016,images/ballooning_x024223_y022403.png,overlays/ballooning_x024223_y022403.png,118.872,bbox_padded,486.84168760500006,0.09396399576420755,868.7468512125,0.31167716821346303,-1.0451758604028978,1.1202457410242526,0.47502735625053366,0.0755902975670237,1.6739952009807728,PathB,2025-08-25HE,,40.0,16,top,,,
ballooning_x038446_y022896,R25-079_29_HE,ballooning,38446,22896,74,88,3.670893,38400,22528,images/ballooning_x038446_y022896.png,overlays/ballooning_x038446_y022896.png,116.891,bbox_padded,628.76051667,0.050876132930513594,1015.0201473750001,-0.0411190628674361,-1.1689199809878887,1.1037766560292828,0.16911839689538932,2.4615106368628608,1.3258248449387007,PathB,2025-03-07_Jaya HE,,40.0,239,top,,,
ballooning_x008343_y011952,R25-264-24,ballooning,8343,11952,50,83,-1.742256,8192,11776,images/ballooning_x008343_y011952.png,overlays/ballooning_x008343_y011952.png,105.004,bbox_padded,388.83551265000006,0.10210253456221197,425.87914824000006,-0.19360934943409103,0.4869400500617417,-0.5898339262173118,-0.1923654741542767,-0.017309985007563866,0.239501715887045,PathB,2025-08-25HE,,40.0,,vetoed,,,
ballooning_x006310_y011122,R26-122-10_HE_79,ballooning,6310,11122,38,42,0.231214,6144,10752,images/ballooning_x006310_y011122.png,overlays/ballooning_x006310_y011122.png,99.06,bbox_padded,447.8048100337501,0.08878648233486942,199.63085073750003,0.2991019054899984,0.9393422118131077,-1.199087556952104,0.45399411081546825,-0.39425932426316884,-1.5726458416721654,PathB,2026-04-20_CCl4_HE,,40.0,,vetoed,,,
ballooning_x017405_y014793,R25-151_10_HE,ballooning,17405,14793,65,62,-2.140122,17408,14336,images/ballooning_x017405_y014793.png,overlays/ballooning_x017405_y014793.png,112.433,bbox_padded,404.53612641000007,0.09349757673667206,607.41749484,-0.16755925999575327,0.8771957601759521,-0.8018817072388148,-0.6215939924367188,0.46327880294348167,1.1128256520441777,PathB,2025-04-29HE,,40.0,5564,low,,,
ballooning_x005570_y012493,R25-151-36_HE,ballooning,5570,12493,82,84,0.462823,5120,12288,images/ballooning_x005570_y012493.png,overlays/ballooning_x005570_y012493.png,120.853,bbox_padded,382.33447726500003,0.09186756669881067,953.9962774875,-0.39711812165827737,0.11608537962737302,0.04327477027092832,-0.13447263996810382,2.2886607056260573,3.1816439114784125,PathB,2025-04-29HE,,40.0,2467,mid,,,
ballooning_x015679_y011678,R22-354_23_ACLY656 NASH4,ballooning,15679,11678,65,86,-1.547055,15360,11264,images/ballooning_x015679_y011678.png,overlays/ballooning_x015679_y011678.png,112.433,bbox_padded,557.61711057,0.11305096688326939,783.3747638925,-0.1916393683190383,0.8087421331615733,-0.9405860969783225,-0.15226417285155813,0.5087972641319054,0.7429085833732335,PathB,2025-03-28_Celina 656D H&E,,40.0,,vetoed,,,
ballooning_x011993_y017723,R26-041-4,ballooning,11993,17723,74,99,6.165685,11776,17408,images/ballooning_x011993_y017723.png,overlays/ballooning_x011993_y017723.png,116.891,bbox_padded,526.9518493200001,0.08004212743549237,1048.1999600475,-0.021107928899173376,-2.794660733123009,2.8170230286299045,-0.22714395711517169,1.4108444707919092,2.7001869829446936,PathB,P273-2026-02-13_Christina HE,,40.0,29,top,,,
ballooning_x024995_y012070,R25-223-18_HE,ballooning,24995,12070,52,70,0.130153,24576,11776,images/ballooning_x024995_y012070.png,overlays/ballooning_x024995_y012070.png,105.994,bbox_padded,366.17388458625004,0.04806282722513088,585.7064898750001,-0.7154715760920599,0.3127047474523319,0.48569564005521915,-0.7091078120953249,0.7150500432319438,1.5486463589137092,PathB,2025-07-09_Evelyn_HE,,40.0,3286,mid,,,
ballooning_x008467_y011477,R22-354_16_ACLY656 CHOW1,ballooning,8467,11477,86,63,-2.147407,8192,11264,images/ballooning_x008467_y011477.png,overlays/ballooning_x008467_y011477.png,122.834,bbox_padded,522.5973822225001,0.030975698222705836,845.4412526625001,-0.30833720696611927,0.975775152704325,-0.7999054491247365,-1.0400065940645677,1.1566455772683717,1.1427484254537486,PathB,2025-03-28_Celina 656D H&E,,40.0,3034,low,,,
ballooning_x039195_y019172,R22--063-20_HE,ballooning,39195,19172,39,54,-3.276154,38912,18944,images/ballooning_x039195_y019172.png,overlays/ballooning_x039195_y019172.png,99.555,bbox_padded,297.72902147625,0.1471480582524272,202.14540216,-0.6103068122086123,0.7949723924677996,-0.37645834115037113,-0.9141273586384884,-0.001461470721493227,-0.6837033161913975,PathB,2025-09-24HE,,40.0,,vetoed,,,
ballooning_x025448_y010933,R22-354_23_ACLY656 NASH4,ballooning,25448,10933,89,69,3.127675,25088,10752,images/ballooning_x025448_y010933.png,overlays/ballooning_x025448_y010933.png,124.32,bbox_padded,326.70769335750003,0.038322884012539186,782.5774671,0.20705749619140024,-1.047600930616648,1.3920144951485294,0.003047941908262318,0.6462835474833106,2.5327051352308825,PathB,2025-03-28_Celina 656D H&E,,40.0,603,top,,,
ballooning_x023569_y023044,R25-079_15_HE,ballooning,23569,23044,32,31,0.663153,23552,23040,images/ballooning_x023569_y023044.png,overlays/ballooning_x023569_y023044.png,96.088,bbox_padded,516.5563257562501,0.17937701396348013,114.197432895,0.7642543383327931,0.2091101314424303,-0.9219347019663485,0.8517817753926823,-1.3268722159961435,-1.7038878042149417,PathB,2025-03-07_Jaya HE,,40.0,,vetoed,,,
ballooning_x043660_y020955,R25-079_1_HE,ballooning,43660,20955,46,36,0.560013,43520,20480,images/ballooning_x043660_y020955.png,overlays/ballooning_x043660_y020955.png,103.022,bbox_padded,247.52998881000002,0.04940047961630695,255.74827882500003,0.3876441149760177,0.007686180957258806,0.05664619873380103,0.25211734065008296,0.1412248384043208,0.07672475532246506,PathB,2025-03-07_Jaya HE,,40.0,,vetoed,,,
ballooning_x023466_y023665,R25-345-20,ballooning,23466,23665,63,82,2.241506,23040,23552,images/ballooning_x023466_y023665.png,overlays/ballooning_x023466_y023665.png,111.443,bbox_padded,488.52827697375005,0.08342291980219307,855.7447804425001,0.2402234280251249,0.1592432526528407,-0.23309412047584663,0.8522233891874498,1.347767519014098,1.6795647420944533,PathB,2025-11-14HE,,40.0,267,top,,,
ballooning_x026852_y023963,R25-079_29_HE,ballooning,26852,23963,69,52,0.606028,26624,23552,images/ballooning_x026852_y023963.png,overlays/ballooning_x026852_y023963.png,114.414,bbox_padded,330.90883414875003,0.04678362573099415,503.40092868000005,-0.13355498035863872,-0.334866743718594,0.8014568019217626,-0.1345639828324179,1.0885904541135158,0.9292212887719442,PathB,2025-03-07_Jaya HE,,40.0,1381,mid,,,
ballooning_x021434_y011869,R25-151_10_HE,ballooning,21434,11869,77,56,4.860271,20992,11776,images/ballooning_x021434_y011869.png,overlays/ballooning_x021434_y011869.png,118.377,bbox_padded,365.25392674875,0.07459324155193993,735.0463121625,0.30412027204533076,-0.41354157679921516,0.5883846169175917,1.1593622826211472,2.180781808191788,2.1847123471738543,PathB,2025-04-29HE,,40.0,334,top,,,
ballooning_x016415_y013516,R26-122-23_HE_91,ballooning,16415,13516,63,79,0.635754,16384,13312,images/ballooning_x016415_y013516.png,overlays/ballooning_x016415_y013516.png,111.443,bbox_padded,483.31518256125,0.06177260519247985,822.0743235900001,-0.23514392781228474,0.2607504426853422,0.20596537531224615,-0.28768369576270864,1.4467127193011575,1.426593800485917,PathB,2026-04-20_CCl4_HE,,40.0,2988,mid,,,
ballooning_x004474_y014858,R22--063-25_HE,ballooning,4474,14858,82,62,0.605374,4096,14848,images/ballooning_x004474_y014858.png,overlays/ballooning_x004474_y014858.png,120.853,bbox_padded,330.3875247075,0.0581375978677328,736.334253135,-0.3097161065912316,0.6061692654255074,-0.5840628604892669,0.2487234627839812,1.80982212164279,2.3912449582086683,PathB,2025-09-24HE,,40.0,1989,mid,,,
ballooning_x003507_y011640,R26-122-2_HE_71,ballooning,3507,11640,49,51,-0.057751,3072,11264,images/ballooning_x003507_y011640.png,overlays/ballooning_x003507_y011640.png,104.508,bbox_padded,272.06219781000004,0.07071024512884978,390.30744519,-0.41725120625491596,-0.39327388564377813,0.6397454371218784,-1.0214841284583291,0.7470752445706942,1.000321680208365,PathB,2026-04-20_CCl4_HE,,40.0,4347,mid,,,
ballooning_x015552_y011073,R25-151_32_HE,ballooning,15552,11073,45,48,0.983315,15360,10752,images/ballooning_x015552_y011073.png,overlays/ballooning_x015552_y011073.png,102.527,bbox_padded,209.93437851750002,0.09700210043918274,321.1879463325,-0.10719261113545109,0.42735380779572724,-0.12080051394115782,0.21391979829829727,1.7804024866590058,0.9003136406847265,PathB,2025-04-29HE,,40.0,2179,top,,,
ballooning_x004894_y011683,R26-122-2_HE_71,ballooning,4894,11683,46,66,0.042894,4608,11264,images/ballooning_x004894_y011683.png,overlays/ballooning_x004894_y011683.png,103.022,bbox_padded,301.01020443000004,0.07988004362050165,449.92071306,-0.046441027860170826,0.2685292501039125,-0.1433680269148666,-0.3302875438161539,0.7795562740392152,1.3049112063818111,PathB,2026-04-20_CCl4_HE,,40.0,4206,mid,,,
ballooning_x009753_y012515,R25-264-24,ballooning,9753,12515,62,62,3.022585,9728,12288,images/ballooning_x009753_y012515.png,overlays/ballooning_x009753_y012515.png,110.947,bbox_padded,448.69410261,0.07234169061539987,618.8863025475,0.10424750098130918,-0.5975634634882936,1.0101930663331031,0.4116210033777037,1.5460610194575404,0.9346875693121357,PathB,2025-08-25HE,,40.0,665,top,,,
ballooning_x019534_y010140,R22-354_16_ACLY656 CHOW1,ballooning,19534,10140,86,113,5.372914,19456,9728,images/ballooning_x019534_y010140.png,overlays/ballooning_x019534_y010140.png,122.834,bbox_padded,760.83579687375,0.033993599169622,1418.0843412450001,0.33576735614203407,-1.008629731867782,1.1296302721771487,0.7178388252386138,1.9960678403194785,2.3517749223786995,PathB,2025-03-28_Celina 656D H&E,,40.0,29,top,,,
ballooning_x003887_y013215,R22--063-25_HE,ballooning,3887,13215,70,67,1.000057,3584,12800,images/ballooning_x003887_y013215.png,overlays/ballooning_x003887_y013215.png,114.91,bbox_padded,392.94465765750004,0.06679064001239733,791.5317233850001,0.0766139946230072,0.11154397684889776,-0.05958425571328004,0.13720208149147972,1.094539488290172,1.8645323036318129,PathB,2025-09-24HE,,40.0,1757,mid,,,
ballooning_x017859_y013125,R25-151_18_HE,ballooning,17859,13125,70,68,3.483991,17408,12800,images/ballooning_x017859_y013125.png,overlays/ballooning_x017859_y013125.png,114.91,bbox_padded,413.12239956,0.06643023959865063,709.0421706225001,0.3159094832854525,-0.10846586390460865,0.045920392169789985,1.15527674794418,1.8860573277074424,1.609106509010913,PathB,2025-04-29HE,,40.0,583,top,,,
ballooning_x010191_y017214,R22--063-10_HE,ballooning,10191,17214,97,70,2.248535,9728,16896,images/ballooning_x010191_y017214.png,overlays/ballooning_x010191_y017214.png,128.283,bbox_padded,535.7221140375001,0.027331790008214472,821.2770267975001,0.12436167838156713,-0.44531159046021385,0.5796318010631265,0.21691809600939774,1.4054946448230061,1.1868590234780907,PathB,2025-09-24HE,,40.0,,vetoed,,,
ballooning_x025386_y018487,R25-223-21_HE,ballooning,25386,18487,46,72,1.872937,25088,18432,images/ballooning_x025386_y018487.png,overlays/ballooning_x025386_y018487.png,103.022,bbox_padded,399.99766774500006,0.09979982842436373,428.94567436500006,-0.5728224036444621,-1.497359708252718,1.653548614263079,0.14303896475780667,0.4317000924635919,0.1672935567382831,PathB,2025-07-09_Evelyn_HE,,40.0,,vetoed,,,
ballooning_x033264_y015370,R25-223-10_HE,ballooning,33264,15370,76,104,0.38604,33280,15360,images/ballooning_x033264_y015370.png,overlays/ballooning_x033264_y015370.png,117.881,bbox_padded,389.0195042175,0.06346829167527371,1187.60423769,-0.22747457915739977,-0.00820288593714297,-0.26401185290259044,-0.5776461803103926,2.5825393644278374,4.729426052312734,PathB,2025-07-09_Evelyn_HE,,40.0,2517,mid,,,
ballooning_x034114_y013753,R25-223-18_HE,ballooning,34114,13753,53,28,4.763685,33792,13312,images/ballooning_x034114_y013753.png,overlays/ballooning_x034114_y013753.png,106.49,bbox_padded,398.58706572750003,0.14270500532481364,172.7680818825,0.30254165218131496,-1.6870324446622915,1.4624390413247257,0.5528197106645028,-1.6688734131065026,-1.3409692097153474,PathB,2025-07-09_Evelyn_HE,,40.0,,vetoed,,,
ballooning_x023814_y022002,R25-079_1_HE,ballooning,23814,22002,72,59,0.679186,23552,21504,images/ballooning_x023814_y022002.png,overlays/ballooning_x023814_y022002.png,115.9,bbox_padded,274.6994102775,0.12655954631379962,648.8769280500001,0.21921239254828517,0.3554075656109612,-0.038848592747692846,-0.7764334050629936,1.3850164200851525,2.1612752749825144,PathB,2025-03-07_Jaya HE,,40.0,3179,mid,,,
ballooning_x015960_y011568,R26-122-10_HE_79,ballooning,15960,11568,52,64,-2.680854,15872,11264,images/ballooning_x015960_y011568.png,overlays/ballooning_x015960_y011568.png,105.994,bbox_padded,429.74297115750005,0.05931528662420382,616.2490900800001,-0.557793889147679,1.1926786158945024,-1.3155995212723772,-0.927280912877698,1.3790812078068893,0.7807866005208702,PathB,2026-04-20_CCl4_HE,,40.0,4168,low,,,
ballooning_x007961_y010969,R22-354_1_WT-CHOW1,ballooning,7961,10969,70,70,3.299135,7680,10752,images/ballooning_x007961_y010969.png,overlays/ballooning_x007961_y010969.png,114.91,bbox_padded,496.899893295,0.13882636655948552,762.9516999000001,0.365827798664079,-1.1146964146996496,1.0418658028436891,0.3497322287579757,0.0035114492999816552,1.327559398643135,PathB,2025-03-28_Celina 656D H&E,,40.0,887,top,,,
ballooning_x018258_y009120,R26-122-10_HE_79,ballooning,18258,9120,71,86,-0.015858,17920,8704,images/ballooning_x018258_y009120.png,overlays/ballooning_x018258_y009120.png,115.405,bbox_padded,406.10005473375,0.10117829676144784,869.2374953925,0.19907072955289465,0.3897636393679842,-1.0331696991260126,0.6636721179786903,0.26588319743446687,2.997891094871988,PathB,2026-04-20_CCl4_HE,,40.0,2608,mid,,,
ballooning_x038138_y016522,R26-041-26,ballooning,38138,16522,64,51,3.193193,37888,16384,images/ballooning_x038138_y016522.png,overlays/ballooning_x038138_y016522.png,111.938,bbox_padded,291.44264292,0.07774152362037168,432.31885310250004,0.4793412150073624,-0.09109367995386476,0.6660286883791255,0.451549235914927,1.4363639624872517,0.9004971081184185,PathB,P273-2026-02-13_Christina HE,,40.0,397,top,,,
ballooning_x043421_y014337,R25-223-14_HE,ballooning,43421,14337,67,86,0.718753,43008,14336,images/ballooning_x043421_y014337.png,overlays/ballooning_x043421_y014337.png,113.424,bbox_padded,398.77105729500005,0.03084679142100316,717.7511048175,0.007042444640078753,0.16012680420951586,0.4135976607339576,0.12432376495285145,0.3455414035528682,1.983056212570815,PathB,2025-07-09_Evelyn_HE,,40.0,2696,mid,,,
ballooning_x024599_y016823,R22-354_25_ACLY656 NASH 6,ballooning,24599,16823,73,57,-2.509173,24576,16384,images/ballooning_x024599_y016823.png,overlays/ballooning_x024599_y016823.png,116.395,bbox_padded,363.47534159625,0.09129255799939741,610.6680125325,-0.9011344777113282,1.4804370718007704,-0.7518685320316133,-0.5497188466434558,1.8842327942662915,1.2682691887429052,PathB,2025-03-28_Celina 656D H&E,,40.0,2324,low,,,
ballooning_x021743_y018346,R25-345-13,ballooning,21743,18346,51,71,4.366565,21504,17920,images/ballooning_x021743_y018346.png,overlays/ballooning_x021743_y018346.png,105.499,bbox_padded,303.70874742,0.1163421247227015,497.63585956500003,0.558430611805645,-0.9954689231825595,0.9570708709527376,0.8245024898584759,0.8612348863158054,1.3688958802727822,PathB,2025-11-14HE,,40.0,313,top,,,
ballooning_x009183_y016255,R22-354_25_ACLY656 NASH 6,ballooning,9183,16255,92,103,-0.11121,8704,15872,images/ballooning_x009183_y016255.png,overlays/ballooning_x009183_y016255.png,125.806,bbox_padded,576.3229199325001,0.02881036822978239,1400.7278033775,-0.4090389186463523,0.9070035002132474,-0.4315292451321178,-0.4410775625342281,3.3200533876865514,3.0938422756814172,PathB,2025-03-28_Celina 656D H&E,,40.0,1418,mid,,,
ballooning_x005378_y012992,R25-151_10_HE,ballooning,5378,12992,66,77,3.259273,5120,12800,images/ballooning_x005378_y012992.png,overlays/ballooning_x005378_y012992.png,112.928,bbox_padded,383.43842667,0.08292926411865374,860.0992475400001,0.16648304332665628,-0.6813377013788962,0.7654867695057556,0.007132286369656221,1.0367600969787298,2.3925797273628935,PathB,2025-04-29HE,,40.0,956,top,,,
ballooning_x019056_y017503,R25-345-13,ballooning,19056,17503,47,68,0.772848,18944,17408,images/ballooning_x019056_y017503.png,overlays/ballooning_x019056_y017503.png,103.518,bbox_padded,326.95301544750004,0.06210756210756211,449.30740783500005,-0.4037348643027567,-0.5480340333735314,0.40495187812481415,-0.4322379753276297,-0.09757436720890343,0.9364015763088432,PathB,2025-11-14HE,,40.0,1989,mid,,,
ballooning_x032753_y022774,R25-079_10_HE,ballooning,32753,22774,54,63,2.679038,32256,22528,images/ballooning_x032753_y022774.png,overlays/ballooning_x032753_y022774.png,106.985,bbox_padded,315.4228772175,0.0775028441410694,431.27623422000005,0.05003013324597115,-1.220403490555144,1.6409661482321063,-0.18851417581353194,0.7546429956635002,0.7656929354875536,PathB,2025-03-07_Jaya HE,,40.0,836,top,,,
ballooning_x025448_y010933,R22-354_23_ACLY656 NASH4,ballooning,25448,10933,89,69,3.127675,25088,10752,images/ballooning_x025448_y010933.png,overlays/ballooning_x025448_y010933.png,124.32,bbox_padded,326.70769335750003,0.038322884012539186,782.5774671,0.20705749619140024,-1.047600930616648,1.3920144951485294,0.003047941908262318,0.6462835474833106,2.5327051352308825,PathB,2025-03-28_Celina 656D H&E,ballooning_x025448_y010933,40.0,603,top,,,
ballooning_x017859_y013125,R25-151_18_HE,ballooning,17859,13125,70,68,3.483991,17408,12800,images/ballooning_x017859_y013125.png,overlays/ballooning_x017859_y013125.png,114.91,bbox_padded,413.12239956,0.06643023959865063,709.0421706225001,0.3159094832854525,-0.10846586390460865,0.045920392169789985,1.15527674794418,1.8860573277074424,1.609106509010913,PathB,2025-04-29HE,ballooning_x017859_y013125,40.0,583,top,,,
ballooning_x028930_y017053,R25-223-10_HE,ballooning,28930,17053,79,64,0.804172,28672,16896,images/ballooning_x028930_y017053.png,overlays/ballooning_x028930_y017053.png,119.367,bbox_padded,494.84532079125006,0.0841444775158877,762.3997251975001,0.21926342870867088,0.8600228138363082,-0.2783649585574985,0.6872862459166178,0.9576805137728603,0.8371169098767131,PathB,2025-07-09_Evelyn_HE,,40.0,2200,mid,,,
ballooning_x013694_y014301,R22--063-16_HE,ballooning,13694,14301,80,96,-0.700023,13312,13824,images/ballooning_x013694_y014301.png,overlays/ballooning_x013694_y014301.png,119.863,bbox_padded,774.8498212650001,0.11095565423687573,1008.2124593775001,-0.0033139905422553285,0.28155290775620384,-0.49203982768832083,-0.18476706141278926,0.5742907200492455,0.7180854336341478,PathB,2025-09-24HE,,40.0,,vetoed,,,
ballooning_x042322_y020491,R25-079_1_HE,ballooning,42322,20491,68,93,0.463355,41984,20480,images/ballooning_x042322_y020491.png,overlays/ballooning_x042322_y020491.png,113.919,bbox_padded,345.75082059375006,0.05924708016781948,1081.7477558550002,-0.5274632869671116,0.2617794741716774,0.17898679512659754,-0.7307198452729046,2.9644785206910655,4.412224780102959,PathB,2025-03-07_Jaya HE,,40.0,3416,mid,,,
ballooning_x011781_y012902,R25-151_25_HE,ballooning,11781,12902,66,71,-0.904088,11264,12800,images/ballooning_x011781_y012902.png,overlays/ballooning_x011781_y012902.png,112.928,bbox_padded,246.24204783750002,0.17349232724073893,627.4725756975,-0.6834917362545126,0.5483780566848571,-1.1297250712485702,-0.5983110360604025,2.681405784612863,2.8157384559479626,PathB,2025-04-29HE,,40.0,7266,mid,,,
ballooning_x016589_y015022,R25-151-36_HE,ballooning,16589,15022,58,67,3.339266,16384,14848,images/ballooning_x016589_y015022.png,overlays/ballooning_x016589_y015022.png,108.966,bbox_padded,426.00180928500004,0.11405759908753922,645.2584272225,0.020784029593166775,-1.3099310295601656,0.5432928422320291,0.15301335250243922,1.9103310324109446,1.1620744410259412,PathB,2025-04-29HE,ballooning_x016589_y015022,40.0,485,top,,,
ballooning_x028290_y012097,R26-122-36_HE_95,ballooning,28290,12097,76,52,0.279073,28160,11776,images/ballooning_x028290_y012097.png,overlays/ballooning_x028290_y012097.png,117.881,bbox_padded,477.64210923,0.045847750865051905,708.9808401,-0.02568233298418009,0.3288017301564831,0.237382503062366,-0.2131714677678401,1.8476964434821945,1.1378260933567603,PathB,2026-04-20_CCl4_HE,,40.0,3504,mid,,,
ballooning_x013360_y014438,R26-122-36_HE_95,ballooning,13360,14438,60,72,0.635542,13312,14336,images/ballooning_x013360_y014438.png,overlays/ballooning_x013360_y014438.png,109.957,bbox_padded,501.71433931125,0.15037865128020195,680.2781555700001,0.3563244287444894,0.15178650749257952,-0.2603590062805923,0.27376753347111027,-0.03968973850117176,0.7689036202882176,PathB,2026-04-20_CCl4_HE,,40.0,3017,mid,,,
ballooning_x015620_y013602,R22--063-25_HE,ballooning,15620,13602,46,22,-8.557094,15360,13312,images/ballooning_x015620_y013602.png,overlays/ballooning_x015620_y013602.png,103.022,bbox_padded,488.3136201450001,0.10248713550600343,143.02277847000002,-1.4575337135558417,1.8688535201106435,-1.748170569988312,-2.6062974307843536,-1.7140016669246168,-1.7202187886084848,PathB,2025-09-24HE,,40.0,,vetoed,,,
ballooning_x015960_y011568,R26-122-10_HE_79,ballooning,15960,11568,52,64,-2.680854,15872,11264,images/ballooning_x015960_y011568.png,overlays/ballooning_x015960_y011568.png,105.994,bbox_padded,429.74297115750005,0.05931528662420382,616.2490900800001,-0.557793889147679,1.1926786158945024,-1.3155995212723772,-0.927280912877698,1.3790812078068893,0.7807866005208702,PathB,2026-04-20_CCl4_HE,ballooning_x015960_y011568,40.0,4168,low,,,
ballooning_x019190_y016001,R25-264-39,ballooning,19190,16001,76,88,2.336602,18944,15872,images/ballooning_x019190_y016001.png,overlays/ballooning_x019190_y016001.png,117.881,bbox_padded,430.72425951750006,0.05854266140751505,886.2873806475001,0.05095385919613366,-0.3817193433247715,0.38442818829575554,0.22745468026883855,2.2028003588320075,2.579875057359499,PathB,2025-08-25HE,,40.0,768,top,,,
ballooning_x020967_y022902,R25-264-1,ballooning,20967,22902,84,88,-1.505214,20480,22528,images/ballooning_x020967_y022902.png,overlays/ballooning_x020967_y022902.png,121.844,bbox_padded,449.55272992500005,0.033129112775130476,1081.1344506300002,-0.37796771774449467,0.8614416070203427,-1.37537263366733,-0.23455116146376975,1.3318709560925366,2.8258363877501944,PathB,2025-08-25HE,,40.0,422,mid,,,
ballooning_x026589_y013862,R25-223-14_HE,ballooning,26589,13862,48,52,2.124516,26112,13824,images/ballooning_x026589_y013862.png,overlays/ballooning_x026589_y013862.png,104.013,bbox_padded,360.86879439,0.08550488599348532,301.25552652000005,0.30165804599841683,-0.6529706638346288,0.9732485438617737,1.0725261518258973,-0.39922979064957564,-0.3598271230577663,PathB,2025-07-09_Evelyn_HE,,40.0,,vetoed,,,
ballooning_x011452_y014255,R25-264-17,ballooning,11452,14255,66,69,-3.448371,11264,13824,images/ballooning_x011452_y014255.png,overlays/ballooning_x011452_y014255.png,112.928,bbox_padded,487.33233178500006,0.06122646064703042,635.0775604875,-0.7743029804874431,0.557289169387671,-0.25262268650971,-2.0068407256999357,0.9475762283736845,0.6151233161382235,PathB,2025-08-25HE,,40.0,3877,low,,,
ballooning_x031865_y015121,R25-264-39,ballooning,31865,15121,98,83,0.677,31744,14848,images/ballooning_x031865_y015121.png,overlays/ballooning_x031865_y015121.png,128.778,bbox_padded,523.149356925,0.057888826501965196,1092.296605725,-0.022605618335229474,0.44326037217991476,-0.40580068268201486,-0.5997303330070434,2.2838512967733697,2.9194376156449646,PathB,2025-08-25HE,,40.0,1792,mid,,,
ballooning_x035724_y014259,R25-223-14_HE,ballooning,35724,14259,64,40,0.687242,35328,13824,images/ballooning_x035724_y014259.png,overlays/ballooning_x035724_y014259.png,111.938,bbox_padded,346.517452125,0.06516824045750765,461.1441986775,-0.2290098182545583,-0.21349017689341823,0.9990979333264112,0.07625659610852034,0.4182589245651767,0.7808133970032555,PathB,2025-07-09_Evelyn_HE,,40.0,2721,mid,,,
ballooning_x004798_y011857,R26-122-2_HE_71,ballooning,4798,11857,59,59,3.861823,4608,11776,images/ballooning_x004798_y011857.png,overlays/ballooning_x004798_y011857.png,109.461,bbox_padded,307.6952313825,0.09392054829293058,483.2231867775,0.5070462376776693,-0.22118020052899337,0.19722033229747324,1.284791154695181,1.4966280979402262,1.5681499217075678,PathB,2026-04-20_CCl4_HE,,40.0,547,top,,,
ballooning_x020786_y011815,R22-354_23_ACLY656 NASH4,ballooning,20786,11815,58,65,-4.316025,20480,11776,images/ballooning_x020786_y011815.png,overlays/ballooning_x020786_y011815.png,108.966,bbox_padded,313.46030049750004,0.11083560624845028,494.69199448500007,-1.0185861025603087,1.3566293980173332,-0.9872601713622737,-0.7416618723753052,0.3142269703632889,0.8815215366003267,PathB,2025-03-28_Celina 656D H&E,,40.0,3705,low,,,
ballooning_x036306_y017631,R25-223-3_HE,ballooning,36306,17631,53,47,6.465253,35840,17408,images/ballooning_x036306_y017631.png,overlays/ballooning_x036306_y017631.png,106.49,bbox_padded,265.68382347000005,0.09070529401620969,355.65569997750003,1.6597094872094569,-0.9645730808930721,1.007284945646846,1.9213175210901123,0.9029137747765417,0.7712220920905422,PathB,2025-07-09_Evelyn_HE,,40.0,95,top,,,
ballooning_x007950_y014895,R25-223-14_HE,ballooning,7950,14895,59,40,4.558472,7680,14848,images/ballooning_x007950_y014895.png,overlays/ballooning_x007950_y014895.png,109.461,bbox_padded,162.34189305750002,0.0646343494919207,368.1671265675,0.5192929379094745,-0.430349149494462,0.7853332056596288,0.16643821109683843,1.8889267715016935,3.474429760250888,PathB,2025-07-09_Evelyn_HE,,40.0,500,top,,,
ballooning_x035724_y014259,R25-223-14_HE,ballooning,35724,14259,64,40,0.687242,35328,13824,images/ballooning_x035724_y014259.png,overlays/ballooning_x035724_y014259.png,111.938,bbox_padded,346.517452125,0.06516824045750765,461.1441986775,-0.2290098182545583,-0.21349017689341823,0.9990979333264112,0.07625659610852034,0.4182589245651767,0.7808133970032555,PathB,2025-07-09_Evelyn_HE,ballooning_x035724_y014259,40.0,2721,mid,,,
ballooning_x012945_y023146,R25-079_15_HE,ballooning,12945,23146,57,56,-3.540495,12800,23040,images/ballooning_x012945_y023146.png,overlays/ballooning_x012945_y023146.png,108.471,bbox_padded,305.67132414,0.050431034482758624,426.8604366,-0.7868057105543772,1.035151232713411,-1.3115725734057886,-0.41655097484384296,0.4426215701255791,0.7624678150604988,PathB,2025-03-07_Jaya HE,,40.0,4960,low,,,
ballooning_x025626_y016938,R22-354_25_ACLY656 NASH 6,ballooning,25626,16938,53,45,-1.770916,25600,16896,images/ballooning_x025626_y016938.png,overlays/ballooning_x025626_y016938.png,106.49,bbox_padded,365.161930965,0.10920276852089209,239.25036827250003,-0.6050131182613311,0.12404207353271908,-0.6782439863586873,-0.8494151272716896,-1.2419453470403026,-0.8193665853286681,PathB,2025-03-28_Celina 656D H&E,,40.0,,vetoed,,,
ballooning_x004042_y017055,R26-041-26,ballooning,4042,17055,73,62,-0.061326,3584,16896,images/ballooning_x004042_y017055.png,overlays/ballooning_x004042_y017055.png,116.395,bbox_padded,296.65573733250005,0.046181339352896915,652.06611522,-0.17589175809936927,1.4217627923177947,-0.6245182057381675,-0.39941840581251886,3.303397876597077,2.27116441090463,PathB,P273-2026-02-13_Christina HE,,40.0,1659,mid,,,
ballooning_x012799_y012252,R22-354_23_ACLY656 NASH4,ballooning,12799,12252,70,61,-3.638219,12800,11776,images/ballooning_x012799_y012252.png,overlays/ballooning_x012799_y012252.png,114.91,bbox_padded,389.7554704875,0.07845250928254881,512.0485323525,-1.0845476563790941,0.6882954284007259,-0.6048894972512403,-0.5907747150814361,-0.368854018036785,0.8136325313952393,PathB,2025-03-28_Celina 656D H&E,,40.0,3599,low,,,
ballooning_x013350_y019731,R26-122-17_HE_101,ballooning,13350,19731,63,68,3.944203,13312,19456,images/ballooning_x013350_y019731.png,overlays/ballooning_x013350_y019731.png,111.443,bbox_padded,434.49608665125004,0.09825508932280848,590.49027063,0.509328225863659,-0.606222203768752,0.1929467593315478,1.4307106855008744,1.4227035050762524,0.8603647175169108,PathB,2026-04-20_CCl4_HE,,40.0,532,top,,,
ballooning_x011837_y013640,R25-151_25_HE,ballooning,11837,13640,29,29,1.022922,11776,13312,images/ballooning_x011837_y013640.png,overlays/ballooning_x011837_y013640.png,94.602,bbox_padded,218.5206516675,0.12892639474917955,130.81800449250002,-0.18594322744173677,-0.7693160524110859,0.8594056948922616,0.41228720077303793,-0.7854913769163172,-0.8173913441114669,PathB,2025-04-29HE,,40.0,,vetoed,,,
ballooning_x008026_y010576,R26-122-10_HE_79,ballooning,8026,10576,39,48,5.820764,7680,10240,images/ballooning_x008026_y010576.png,overlays/ballooning_x008026_y010576.png,99.555,bbox_padded,418.4581550175,0.1765455704270236,288.6827694075,0.7347347327246142,-2.4868118659244853,1.948370950424893,0.734985287620757,-0.4946376753776004,-0.7816114167866788,PathB,2026-04-20_CCl4_HE,,40.0,,vetoed,,,
ballooning_x026008_y013184,R25-151_25_HE,ballooning,26008,13184,47,35,2.603808,25600,12800,images/ballooning_x026008_y013184.png,overlays/ballooning_x026008_y013184.png,103.518,bbox_padded,200.7348001425,0.14702427564604542,313.27630893,-0.0796497115826655,-0.1421333577835037,1.2059072725261226,-0.21226737371610094,0.6914380975498791,1.1236409837853405,PathB,2025-04-29HE,,40.0,1216,top,,,
ballooning_x011488_y013551,R25-264-17,ballooning,11488,13551,68,55,-2.813449,11264,13312,images/ballooning_x011488_y013551.png,overlays/ballooning_x011488_y013551.png,113.919,bbox_padded,425.05118618625,0.04496740691636283,555.1025591475001,-0.3449780754541754,0.6398081301789085,-0.6115100678862787,-1.2916844196113344,-0.05240129543526067,0.7225348095327716,PathB,2025-08-25HE,,40.0,3705,low,,,
ballooning_x018777_y021804,R25-264-1,ballooning,18777,21804,94,62,-3.192603,18432,21504,images/ballooning_x018777_y021804.png,overlays/ballooning_x018777_y021804.png,126.797,bbox_padded,464.4867121537501,0.041484895876203805,745.1045178525001,-0.5625516480697751,1.3987688433749703,-0.356968271118029,-1.3756308193372297,0.5255838075553542,1.555118402612829,PathB,2025-08-25HE,,40.0,622,low,,,
ballooning_x005448_y016701,R26-041-26,ballooning,5448,16701,92,89,4.972843,5120,16384,images/ballooning_x005448_y016701.png,overlays/ballooning_x005448_y016701.png,125.806,bbox_padded,526.49187040125,0.01900664415640998,1126.151054145,0.6134892524527278,-0.7336915095354806,0.6902262162108261,0.7743067220959072,2.7415929496354052,2.122231182874468,PathB,P273-2026-02-13_Christina HE,,40.0,119,top,,,
ballooning_x008118_y015953,R25-345-17,ballooning,8118,15953,58,70,-3.778726,7680,15872,images/ballooning_x008118_y015953.png,overlays/ballooning_x008118_y015953.png,108.966,bbox_padded,377.06005233,0.0504989048430275,504.014233905,-1.1385946692912619,-0.08703954486011332,0.12880308727403994,-1.874395535684799,0.3349044397272894,0.7946476221494322,PathB,2025-11-14HE,,40.0,2802,low,,,
ballooning_x007733_y013867,R26-122-36_HE_95,ballooning,7733,13867,38,38,2.777414,7680,13824,images/ballooning_x007733_y013867.png,overlays/ballooning_x007733_y013867.png,99.06,bbox_padded,280.771132005,0.09814106068890105,224.347051305,0.6492783332917638,-0.7809575148261442,1.1315860092633703,0.8905837368764222,-0.2913172994181544,-0.3626718285905714,PathB,2026-04-20_CCl4_HE,,40.0,,vetoed,,,
ballooning_x027110_y023454,R25-079_15_HE,ballooning,27110,23454,72,70,4.929707,26624,23040,images/ballooning_x027110_y023454.png,overlays/ballooning_x027110_y023454.png,115.9,bbox_padded,497.02255434000006,0.04941965904969169,676.35300213,0.6603068454144199,-0.9348561217994951,0.6088409141535243,1.2457060920423633,1.0002376069950134,0.8063004827103698,PathB,2025-03-07_Jaya HE,,40.0,364,top,,,
ballooning_x017984_y015412,R25-264-39,ballooning,17984,15412,63,76,2.262431,17920,15360,images/ballooning_x017984_y015412.png,overlays/ballooning_x017984_y015412.png,111.443,bbox_padded,416.46491303625004,0.08828234353129374,613.427886045,0.14920298906075039,-0.3852248312893357,0.399110874773679,0.4145341249942375,1.6072290220488217,1.1677234900588065,PathB,2025-08-25HE,,40.0,806,top,,,
ballooning_x004631_y015482,R25-264-17,ballooning,4631,15482,90,80,4.520641,4608,15360,images/ballooning_x004631_y015482.png,overlays/ballooning_x004631_y015482.png,124.816,bbox_padded,409.38123768750006,0.04005856515373353,1047.2186716875,0.16792336957043053,-0.7391840691656264,0.8943589803416407,0.48983473560626856,2.855755612757281,2.956671822363157,PathB,2025-08-25HE,,40.0,124,top,,,
ballooning_x017522_y009748,R26-122-2_HE_71,ballooning,17522,9748,65,91,0.020862,17408,9728,images/ballooning_x017522_y009748.png,overlays/ballooning_x017522_y009748.png,112.433,bbox_padded,383.95973611125004,0.04330326162387231,883.7728292250001,-0.578244903554885,0.3012097893343386,-0.2731702725894471,-1.0824117190887916,3.3459347795456647,3.73294563283838,PathB,2026-04-20_CCl4_HE,,40.0,4246,mid,,,
ballooning_x012272_y024112,R25-345-20,ballooning,12272,24112,89,76,-0.87133,11776,24064,images/ballooning_x012272_y024112.png,overlays/ballooning_x012272_y024112.png,124.32,bbox_padded,540.93520845,0.05913729128014842,1057.8288520800002,-0.18048650550093803,0.6213989442037855,-0.611766306096896,-0.7564540637553113,0.6270009509001662,1.7485721688307434,PathB,2025-11-14HE,ballooning_x012272_y024112,40.0,972,mid,,,
ballooning_x020352_y012195,R25-151_18_HE,ballooning,20352,12195,74,50,3.544934,19968,11776,images/ballooning_x020352_y012195.png,overlays/ballooning_x020352_y012195.png,116.891,bbox_padded,307.02059563500006,0.05615092654610404,549.398820555,0.18817117135037328,-0.41081578754453596,0.7888537943027488,0.5251473992058528,1.4166251485474972,1.3391547256726972,PathB,2025-04-29HE,,40.0,552,top,,,
ballooning_x010544_y022059,R25-079_15_HE,ballooning,10544,22059,45,59,0.220333,10240,22016,images/ballooning_x010544_y022059.png,overlays/ballooning_x010544_y022059.png,102.527,bbox_padded,252.28310430375,0.068731438268986,433.6681245975,-0.3268487532756604,0.5795364063923005,-0.39759239336526686,-0.2977572272059774,3.0678963923072273,1.4382165978024735,PathB,2025-03-07_Jaya HE,,40.0,2915,mid,,,
ballooning_x006694_y020283,R25-079_1_HE,ballooning,6694,20283,62,81,2.897841,6656,19968,images/ballooning_x006694_y020283.png,overlays/ballooning_x006694_y020283.png,110.947,bbox_padded,472.7969979525,0.06501197764173543,921.67509213,0.5274845917067255,-0.07093853907321204,-0.07808311511180302,0.46247275580336067,2.102942154299221,2.3285839002873585,PathB,2025-03-07_Jaya HE,,40.0,1235,top,,,
ballooning_x047796_y023774,R25-079_29_HE,ballooning,47796,23774,74,53,2.731878,47616,23552,images/ballooning_x047796_y023774.png,overlays/ballooning_x047796_y023774.png,116.891,bbox_padded,322.1692346925,0.08769659565996418,616.126429035,0.4194314637183708,-0.4102974691665116,0.7893796889775897,0.44581698341893705,1.3978321853256714,1.300939319988459,PathB,2025-03-07_Jaya HE,,40.0,490,top,,,
ballooning_x024934_y018508,R22--063-20_HE,ballooning,24934,18508,70,92,2.496804,24576,18432,images/ballooning_x024934_y018508.png,overlays/ballooning_x024934_y018508.png,114.91,bbox_padded,406.89735152625,0.06121999559568377,835.5057080175001,-0.04964474624154404,-0.8482639896526928,1.462781522002365,0.053516290941744836,0.10404974209914872,1.8323337891553686,PathB,2025-09-24HE,,40.0,613,top,,,
ballooning_x012733_y018145,R26-122-17_HE_101,ballooning,12733,18145,48,50,-3.621903,12288,17920,images/ballooning_x012733_y018145.png,overlays/ballooning_x012733_y018145.png,104.013,bbox_padded,273.74878717875004,0.07987658553308194,357.802268265,-1.3468286033078898,0.6549566742891998,-1.078954888853308,-1.1483072584241223,1.068600274357987,0.6256443897547704,PathB,2026-04-20_CCl4_HE,,40.0,5849,low,,,
ballooning_x008641_y014534,R25-151_25_HE,ballooning,8641,14534,66,87,3.789494,8192,14336,images/ballooning_x008641_y014534.png,overlays/ballooning_x008641_y014534.png,112.928,bbox_padded,224.40838182750002,0.044564993476618825,893.1563991675001,0.623048244151394,-0.5963672390554939,-0.19135438469085586,0.4829972705178914,2.341826927985794,6.406487144018116,PathB,2025-04-29HE,,40.0,635,top,,,
ballooning_x026753_y010738,R22-354_16_ACLY656 CHOW1,ballooning,26753,10738,84,60,2.180126,26624,10240,images/ballooning_x026753_y010738.png,overlays/ballooning_x026753_y010738.png,121.844,bbox_padded,411.0984923175,0.07844541953971523,684.8779447575,0.30473655222068197,0.03027594307467435,0.3536525813301972,0.6851919796218338,1.4351544609311224,1.4559607109784913,PathB,2025-03-28_Celina 656D H&E,,40.0,680,top,,,
ballooning_x017842_y020773,R25-264-1,ballooning,17842,20773,60,65,-1.146477,17408,20480,images/ballooning_x017842_y020773.png,overlays/ballooning_x017842_y020773.png,109.957,bbox_padded,490.27619686500003,0.0479293109603713,687.14717409,-0.08314651222889913,0.25839675856061517,-0.2437379518265208,-0.27277163063596005,-0.2697149434120463,0.7776994748275398,PathB,2025-08-25HE,,40.0,374,mid,,,
ballooning_x005841_y015967,R25-264-39,ballooning,5841,15967,66,72,0.609516,5632,15872,images/ballooning_x005841_y015967.png,overlays/ballooning_x005841_y015967.png,112.928,bbox_padded,444.27830499000004,0.0740569526627219,663.35093136,0.12402732480404838,0.10081587738733841,-0.3115210004163024,-0.20135325664707598,0.8262650752997152,1.04979563958623,PathB,2025-08-25HE,,40.0,1843,mid,,,
ballooning_x028157_y022656,R25-264-1,ballooning,28157,22656,79,62,-0.669351,27648,22528,images/ballooning_x028157_y022656.png,overlays/ballooning_x028157_y022656.png,119.367,bbox_padded,363.59800264125005,0.04865289040020925,703.3997625525001,-0.9535237462420648,-0.24500131448431503,0.595423932229063,-1.1282837016181422,0.5282931042818395,1.6679384302075766,PathB,2025-08-25HE,,40.0,312,mid,,,
ballooning_x013551_y018397,R26-041-4,ballooning,13551,18397,76,70,-3.159733,13312,17920,images/ballooning_x013551_y018397.png,overlays/ballooning_x013551_y018397.png,117.881,bbox_padded,368.53510970250005,0.07318846433476048,759.2105380275001,-1.0456963250644586,1.092044214794976,-0.14354968934328072,-1.1138812048538635,0.5813558006141898,2.0469300323324973,PathB,P273-2026-02-13_Christina HE,,40.0,2474,low,,,
ballooning_x015782_y015427,R25-345-17,ballooning,15782,15427,66,102,0.574812,15360,15360,images/ballooning_x015782_y015427.png,overlays/ballooning_x015782_y015427.png,112.928,bbox_padded,450.90200142000003,0.047518348053240456,986.0721407550001,-0.02552118278341523,-0.3537437708857031,0.5178771871695672,-0.433624238511391,0.4369960235463661,2.7920333810212368,PathB,2025-11-14HE,,40.0,1219,mid,,,
ballooning_x006656_y021688,R26-041-1,ballooning,6656,21688,66,62,3.708305,6144,21504,images/ballooning_x006656_y021688.png,overlays/ballooning_x006656_y021688.png,112.928,bbox_padded,335.6619496425,0.06172839506172839,486.84168760500006,0.28477214213562074,-0.90504653178438,0.9738320036563376,0.4324350019294475,0.3096404531637292,1.0678354027680201,PathB,P273-2026-02-13_Christina HE,,40.0,328,top,,,
ballooning_x009253_y018832,R26-041-4,ballooning,9253,18832,71,55,3.902406,9216,18432,images/ballooning_x009253_y018832.png,overlays/ballooning_x009253_y018832.png,115.405,bbox_padded,459.24295248000004,0.1227700519735918,436.61198967750005,0.8069437575258301,-1.2067523801159865,1.0595271677113003,0.9548766951858372,-0.00827004323636443,-0.07391953972285818,PathB,P273-2026-02-13_Christina HE,,40.0,,vetoed,,,
ballooning_x019726_y013646,R25-264-24,ballooning,19726,13646,78,63,2.86967,19456,13312,images/ballooning_x019726_y013646.png,overlays/ballooning_x019726_y013646.png,118.872,bbox_padded,472.42901481750005,0.06123968060630667,906.3424615050001,0.3187343308432871,-0.16248046561238888,0.47779389021963664,-0.01601569537592206,1.67041210129479,2.4560072688095262,PathB,2025-08-25HE,,40.0,741,top,,,
ballooning_x010757_y010869,R26-122-2_HE_71,ballooning,10757,10869,56,62,-2.234932,10752,10752,images/ballooning_x010757_y010869.png,overlays/ballooning_x010757_y010869.png,107.975,bbox_padded,338.421823155,0.05183927560837577,541.8551662875001,-0.3547187215624938,0.9151341707074695,-0.7815638353217697,-0.44592513595887473,0.28671430313343615,1.3477625597493172,PathB,2026-04-20_CCl4_HE,,40.0,6664,low,,,
ballooning_x029985_y021810,R25-264-1,ballooning,29985,21810,82,97,0.936591,29696,21504,images/ballooning_x029985_y021810.png,overlays/ballooning_x029985_y021810.png,120.853,bbox_padded,421.15669800750004,0.05831328814053502,841.3934381775001,-0.14681935442130192,0.043761821394859415,0.03490286157588683,-0.281889049734687,2.1422886917209647,1.2830679300204417,PathB,2025-08-25HE,,40.0,,vetoed,,,
ballooning_x028378_y013646,R26-122-36_HE_95,ballooning,28378,13646,76,73,2.106403,28160,13312,images/ballooning_x028378_y013646.png,overlays/ballooning_x028378_y013646.png,117.881,bbox_padded,478.25541445500005,0.10011566636679091,954.4255911450001,0.10131640858012547,-0.11233956830122678,0.35750597276708274,0.24245620549709926,2.123994408400208,2.611843519489419,PathB,2026-04-20_CCl4_HE,,40.0,1443,top,,,
ballooning_x023074_y020208,R25-079_1_HE,ballooning,23074,20208,94,72,4.773049,23040,19968,images/ballooning_x023074_y020208.png,overlays/ballooning_x023074_y020208.png,126.797,bbox_padded,622.13682024,0.06650653055096832,817.045220745,0.5220553252090678,-1.0400307251001808,0.7564051300273953,1.8676020324510272,1.03664871945908,0.8853910093418503,PathB,2025-03-07_Jaya HE,,40.0,407,top,,,
ballooning_x012774_y012751,R25-151_10_HE,ballooning,12774,12751,50,49,5.183202,12288,12288,images/ballooning_x012774_y012751.png,overlays/ballooning_x012774_y012751.png,105.004,bbox_padded,513.45913437,0.1080110497237569,222.01649145000002,-0.018620996269819695,-3.137826178319314,2.964915607154512,-0.05083107123542106,-0.9945659522770209,-1.4483416579452242,PathB,2025-04-29HE,,40.0,,vetoed,,,
ballooning_x039823_y013013,R25-223-14_HE,ballooning,39823,13013,38,52,3.807532,39424,12800,images/ballooning_x039823_y013013.png,overlays/ballooning_x039823_y013013.png,99.06,bbox_padded,240.90629238000002,0.09534639608117564,350.56526661000004,1.1037809992704257,-0.24949773995789054,0.4915639221557215,1.1215102515201387,1.696796317011223,0.866371751396661,PathB,2025-07-09_Evelyn_HE,,40.0,732,top,,,
ballooning_x023110_y023680,R25-345-20,ballooning,23110,23680,73,56,-3.103228,23040,23552,images/ballooning_x023110_y023680.png,overlays/ballooning_x023110_y023680.png,116.395,bbox_padded,506.77410741750003,0.048351082102370324,714.13260399,-0.6495965781282158,0.007138557118425363,0.13598100902106436,-2.996329817781251,-0.18578865201492073,0.8654471566566863,PathB,2025-11-14HE,,40.0,1375,low,,,
ballooning_x020842_y017445,R22--063-10_HE,ballooning,20842,17445,57,70,-2.570106,20480,17408,images/ballooning_x020842_y017445.png,overlays/ballooning_x020842_y017445.png,108.471,bbox_padded,402.08290551000005,0.07506098705197974,653.660708805,-0.7639086607473312,0.6483466243180532,-0.7094047417605516,-0.6270244427981667,0.8755560877016365,1.2809079145245337,PathB,2025-09-24HE,,40.0,2937,low,,,
ballooning_x016959_y020067,R25-345-24,ballooning,16959,20067,35,46,4.135865,16896,19968,images/ballooning_x016959_y020067.png,overlays/ballooning_x016959_y020067.png,97.574,bbox_padded,334.89531811125005,0.09287257019438445,227.16825534000003,0.5166470234762107,-1.7788738270620075,0.8930907445706879,0.42378185582876976,0.18851408464242572,-0.5789118099294598,PathB,2025-11-14HE,,40.0,,vetoed,,,
ballooning_x018631_y008687,R26-122-10_HE_79,ballooning,18631,8687,83,62,0.473271,18432,8192,images/ballooning_x018631_y008687.png,overlays/ballooning_x018631_y008687.png,121.349,bbox_padded,431.9508699675,0.10666411336652622,640.5359769900001,0.14027186933720998,0.09204914445548996,-0.37386962505987587,0.12657167372180977,0.0,0.9227445989460586,PathB,2026-04-20_CCl4_HE,,40.0,2230,mid,,,
ballooning_x017474_y012805,R26-122-2_HE_71,ballooning,17474,12805,63,56,4.063392,17408,12288,images/ballooning_x017474_y012805.png,overlays/ballooning_x017474_y012805.png,111.443,bbox_padded,356.820979905,0.06298430359626465,617.3530394850001,0.5115686743146316,-0.9473093609213448,0.45867255733296425,0.8974556993881679,1.380161248524686,1.6196929034802585,PathB,2026-04-20_CCl4_HE,,40.0,467,top,,,
ballooning_x026486_y023893,R25-079_29_HE,ballooning,26486,23893,76,68,0.674555,26112,23552,images/ballooning_x026486_y023893.png,overlays/ballooning_x026486_y023893.png,117.881,bbox_padded,364.9779393975,0.11654615057422374,720.9402919875,-0.10254418337308367,0.16854473333950767,-0.08277196197446396,-0.41768072906277776,1.9470904289109634,2.0003803617793348,PathB,2025-03-07_Jaya HE,,40.0,1351,mid,,,
ballooning_x026274_y021342,R25-079_1_HE,ballooning,26274,21342,26,28,1.677233,26112,20992,images/ballooning_x026274_y021342.png,overlays/ballooning_x026274_y021342.png,93.116,bbox_padded,178.96246465500002,0.3273672055427252,106.22446497000001,0.4763820011376736,-0.30258696716565664,-0.628844810339804,0.39699169433644166,-0.8456434521283557,-1.0074887162962742,PathB,2025-03-07_Jaya HE,,40.0,,vetoed,,,
ballooning_x026675_y015591,R22-354_25_ACLY656 NASH 6,ballooning,26675,15591,52,87,-4.036972,26624,15360,images/ballooning_x026675_y015591.png,overlays/ballooning_x026675_y015591.png,105.994,bbox_padded,337.685856885,0.07464595705801735,671.2625687625001,-0.8452222723978853,1.6726998815828291,-1.0740397616880186,-0.993466164274765,0.853072734447352,1.7365941968251843,PathB,2025-03-28_Celina 656D H&E,,40.0,2657,low,,,
ballooning_x022448_y013505,R22--063-6_HE,ballooning,22448,13505,101,101,3.073516,22016,13312,images/ballooning_x022448_y013505.png,overlays/ballooning_x022448_y013505.png,130.264,bbox_padded,771.93662144625,0.03654908627284317,1443.1071944250002,-0.1551541980791571,-0.33782991685828107,0.48383354983025756,-0.27792213018659767,2.008476550868829,2.683129635162531,PathB,2025-09-24HE,,40.0,342,top,,,
ballooning_x018301_y018752,R22--063-10_HE,ballooning,18301,18752,90,76,6.576335,17920,18432,images/ballooning_x018301_y018752.png,overlays/ballooning_x018301_y018752.png,124.816,bbox_padded,581.2293617325,0.03693448960401211,1173.9888616950002,0.4567942833631485,-1.3579479619630288,1.4353041486981941,0.3251810001808943,1.1159532940875245,2.541502218456645,PathB,2025-09-24HE,,40.0,90,top,,,
ballooning_x047746_y016186,R25-223-3_HE,ballooning,47746,16186,56,61,0.973099,47616,15872,images/ballooning_x047746_y016186.png,overlays/ballooning_x047746_y016186.png,107.975,bbox_padded,368.47377918,0.10769618339841289,486.90301812750005,0.4834390913898021,0.605539429283939,-0.6464869819700949,0.636961769769661,1.1152205949924685,0.8392020982920784,PathB,2025-07-09_Evelyn_HE,,40.0,2568,mid,,,
ballooning_x019422_y015395,R26-041-15,ballooning,19422,15395,78,48,-3.463648,18944,15360,images/ballooning_x019422_y015395.png,overlays/ballooning_x019422_y015395.png,118.872,bbox_padded,491.80945992750003,0.062401678028316726,467.82922563000005,-0.6825512883278329,0.8244643804809477,-0.4802701288442511,-0.9315196801827458,-1.2873474984594213,-0.1176297444047049,PathB,P273-2026-02-13_Christina HE,,40.0,,vetoed,,,
ballooning_x014135_y014176,R25-264-24,ballooning,14135,14176,60,67,5.956687,13824,13824,images/ballooning_x014135_y014176.png,overlays/ballooning_x014135_y014176.png,109.957,bbox_padded,449.9820435825,0.04116133774347666,667.5214068900001,0.5126236425326799,-1.903668056647183,1.4457880566203185,1.1037970491596039,0.699916373072162,1.1132706951435476,PathB,2025-08-25HE,,40.0,74,top,,,
ballooning_x020532_y015337,R26-041-15,ballooning,20532,15337,55,69,5.783112,20480,14848,images/ballooning_x020532_y015337.png,overlays/ballooning_x020532_y015337.png,107.48,bbox_padded,393.74195445000004,0.08173862871429945,637.7761034775001,0.6672776247813551,-1.5100067399938941,1.6658944595095067,0.9867579380564202,2.340748431929985,1.649538249512829,PathB,P273-2026-02-13_Christina HE,,40.0,126,top,,,
ballooning_x009242_y021299,R26-041-1,ballooning,9242,21299,54,56,-0.22879,9216,20992,images/ballooning_x009242_y021299.png,overlays/ballooning_x009242_y021299.png,106.985,bbox_padded,344.18689227000004,0.0889942074776198,465.86664891000004,-0.08349269152300191,0.2242874734218059,-0.2532575142978287,-0.23736330491112373,0.8103587665524115,0.6751713757828278,PathB,P273-2026-02-13_Christina HE,,40.0,2283,mid,,,
ballooning_x025591_y019542,R26-122-17_HE_101,ballooning,25591,19542,34,51,-1.600709,25088,19456,images/ballooning_x025591_y019542.png,overlays/ballooning_x025591_y019542.png,97.079,bbox_padded,461.94149547000006,0.13442361388113283,153.7556199075,0.27981094592253464,-0.10752553721399671,-0.8423854522802721,0.9540645771447397,-2.4512755489746474,-1.5490475623262756,PathB,2026-04-20_CCl4_HE,,40.0,,vetoed,,,
ballooning_x011134_y015653,R25-151_18_HE,ballooning,11134,15653,59,73,-0.065158,10752,15360,images/ballooning_x011134_y015653.png,overlays/ballooning_x011134_y015653.png,109.461,bbox_padded,367.369829775,0.07074408117249154,652.8020814900001,-0.44094920475109006,-0.014036637657544716,0.2541864141919819,-1.0666191277557748,1.386494885068908,1.73910249008536,PathB,2025-04-29HE,,40.0,3523,mid,,,
ballooning_x027785_y020591,R25-345-24,ballooning,27785,20591,81,58,3.330135,27648,20480,images/ballooning_x027785_y020591.png,overlays/ballooning_x027785_y020591.png,120.358,bbox_padded,253.72437158250003,0.07270282384580905,684.1419784875001,0.7254331076063926,-0.5783223100278144,0.6058725744778937,0.4830795824404773,1.4341871257468402,3.307879909159151,PathB,2025-11-14HE,,40.0,211,top,,,
ballooning_x018534_y011737,R22-354_23_ACLY656 NASH4,ballooning,18534,11737,66,64,0.402055,18432,11264,images/ballooning_x018534_y011737.png,overlays/ballooning_x018534_y011737.png,112.928,bbox_padded,487.2710012625,0.06910215521407172,634.5869163075,-0.09875981412576557,-0.4557512932945366,0.41179677212645244,-0.006563933506266526,0.1592869809425264,0.5876412057536385,PathB,2025-03-28_Celina 656D H&E,,40.0,1831,mid,,,
ballooning_x010520_y015208,R25-151-36_HE,ballooning,10520,15208,69,54,-3.522028,10240,14848,images/ballooning_x010520_y015208.png,overlays/ballooning_x010520_y015208.png,114.414,bbox_padded,345.41350272000005,0.10212923991086903,495.427960755,-0.40543204920678055,1.094760704272707,-1.4883594844179064,-0.8758556201627459,0.8637915650210458,1.152098043072452,PathB,2025-04-29HE,,40.0,4925,low,,,
ballooning_x016415_y013516,R26-122-23_HE_91,ballooning,16415,13516,63,79,0.635754,16384,13312,images/ballooning_x016415_y013516.png,overlays/ballooning_x016415_y013516.png,111.443,bbox_padded,483.31518256125,0.06177260519247985,822.0743235900001,-0.23514392781228474,0.2607504426853422,0.20596537531224615,-0.28768369576270864,1.4467127193011575,1.426593800485917,PathB,2026-04-20_CCl4_HE,ballooning_x016415_y013516,40.0,2988,mid,,,
ballooning_x005147_y015514,R25-264-39,ballooning,5147,15514,60,80,0.001299,5120,15360,images/ballooning_x005147_y015514.png,overlays/ballooning_x005147_y015514.png,109.957,bbox_padded,322.13856943125006,0.04374223816751759,444.46229655750005,-0.01524088500479696,0.1798223948474903,0.029243232868522588,-0.051896332830184744,-0.016341638161316663,0.9264957436474305,PathB,2025-08-25HE,,40.0,,vetoed,,,
ballooning_x015476_y012477,R26-122-36_HE_95,ballooning,15476,12477,63,72,-0.05589,15360,12288,images/ballooning_x015476_y012477.png,overlays/ballooning_x015476_y012477.png,111.443,bbox_padded,467.951886675,0.12469981321711286,689.5390644675001,-0.024830409325185324,0.5480146991622452,-0.8259470615624405,-0.11915665485357439,1.2107626539318261,0.9295956948269843,PathB,2026-04-20_CCl4_HE,,40.0,3959,mid,,,
ballooning_x025658_y014524,R22--063-25_HE,ballooning,25658,14524,65,67,0.933396,25600,14336,images/ballooning_x025658_y014524.png,overlays/ballooning_x025658_y014524.png,112.433,bbox_padded,432.25752258,0.07072822465492623,644.2771388625,0.26848146726054417,0.20720729138315933,-0.11785739540169088,0.5308472306846819,0.06807428217863323,1.1066514264407163,PathB,2025-09-24HE,ballooning_x025658_y014524,40.0,1789,mid,,,
ballooning_x004598_y016727,R22--063-10_HE,ballooning,4598,16727,60,76,4.052633,4096,16384,images/ballooning_x004598_y016727.png,overlays/ballooning_x004598_y016727.png,109.957,bbox_padded,400.30432035750005,0.05291595197255575,715.11389235,0.5647275708003917,-0.470358269723852,0.9585464971523389,0.9431202303757615,1.4765995897054462,1.5082383221055815,PathB,2025-09-24HE,,40.0,438,top,,,
ballooning_x050846_y022924,R25-079_15_HE,ballooning,50846,22924,82,87,7.433982,50688,22528,images/ballooning_x050846_y022924.png,overlays/ballooning_x050846_y022924.png,120.853,bbox_padded,601.4684341575,0.028593058467272305,1053.16773237,0.6734528897052943,-1.6959324082298137,1.9102305737252425,1.3924493984278787,1.3646551199194,1.3753113077367454,PathB,2025-03-07_Jaya HE,,40.0,76,top,,,
ballooning_x025771_y016630,R25-345-13,ballooning,25771,16630,61,65,0.869261,25600,16384,images/ballooning_x025771_y016630.png,overlays/ballooning_x025771_y016630.png,110.452,bbox_padded,260.28673749,0.05198346380508399,697.2667103025001,0.03140991169706328,0.36306690123028335,-0.9532141283396887,-0.3513275679238083,2.9663779477057375,4.121566604863415,PathB,2025-11-14HE,,40.0,1921,mid,,,
ballooning_x008317_y013142,R25-151_10_HE,ballooning,8317,13142,61,46,-1.726697,8192,12800,images/ballooning_x008317_y013142.png,overlays/ballooning_x008317_y013142.png,110.452,bbox_padded,423.2419357725,0.11650199085680579,415.8822730725,-0.9225937732734976,0.38963631999429743,-0.400944824789467,-0.4100239088880239,0.01788363737830702,-0.03874528058266703,PathB,2025-04-29HE,,40.0,,vetoed,,,
ballooning_x033436_y017690,R25-223-3_HE,ballooning,33436,17690,39,36,-2.102688,33280,17408,images/ballooning_x033436_y017690.png,overlays/ballooning_x033436_y017690.png,99.555,bbox_padded,359.764844985,0.14804804804804805,204.23063992500002,-0.9645400059868303,0.312284303983607,-1.0216842172717346,-1.9409821546385015,-0.7337444009954646,-0.9807961961196363,PathB,2025-07-09_Evelyn_HE,,40.0,,vetoed,,,
ballooning_x008476_y023107,R25-079_29_HE,ballooning,8476,23107,54,63,-6.750557,8192,23040,images/ballooning_x008476_y023107.png,overlays/ballooning_x008476_y023107.png,106.985,bbox_padded,355.96235259,0.058647997245495236,534.3728425425,-1.867387941100564,2.8822278920086544,-1.0008050333619183,-2.154747010841976,0.8807167638985229,0.899217974022647,PathB,2025-03-07_Jaya HE,,40.0,3182,low,,,
ballooning_x022403_y022259,R26-041-1,ballooning,22403,22259,81,69,0.267692,22016,22016,images/ballooning_x022403_y022259.png,overlays/ballooning_x022403_y022259.png,120.358,bbox_padded,485.89106450625,0.033979238754325264,886.226050125,-0.15727498788976202,0.3553994750228779,-0.5495966490506072,-0.0037067861080231457,2.0189928418693746,2.0256445514071664,PathB,P273-2026-02-13_Christina HE,,40.0,1967,mid,,,
ballooning_x048402_y019863,R26-041-20,ballooning,48402,19863,68,78,2.959228,48128,19456,images/ballooning_x048402_y019863.png,overlays/ballooning_x048402_y019863.png,113.919,bbox_padded,543.0511114762501,0.03579201934703748,760.8051316125001,-0.4319482222283708,-1.4263675180557829,2.1290316019974935,-0.8571020111735395,-0.22276361739232098,1.0203576657527273,PathB,P273-2026-02-13_Christina HE,,40.0,438,top,,,
ballooning_x020836_y017056,R25-264-39,ballooning,20836,17056,73,76,-0.12067,20480,16896,images/ballooning_x020836_y017056.png,overlays/ballooning_x020836_y017056.png,116.395,bbox_padded,442.74504192750004,0.0652871105681124,803.1845226600001,-0.221067567016485,0.6116431296451575,-0.4327758738871565,-0.30069333843351603,0.9946393818465321,1.894376197583728,PathB,2025-08-25HE,,40.0,2390,mid,,,
ballooning_x004845_y012993,R25-151_25_HE,ballooning,4845,12993,50,62,-1.009577,4608,12800,images/ballooning_x004845_y012993.png,overlays/ballooning_x004845_y012993.png,105.004,bbox_padded,220.57522417125003,0.24110835401157982,444.891610215,-0.7650310892172522,0.590274234188834,-0.7301762842224888,-0.47790976733710944,1.4345457330004807,2.026242261014905,PathB,2025-04-29HE,,40.0,7573,mid,,,
ballooning_x015844_y023288,R25-079_24_HE,ballooning,15844,23288,82,62,3.413622,15360,23040,images/ballooning_x015844_y023288.png,overlays/ballooning_x015844_y023288.png,120.853,bbox_padded,433.11614989500004,0.07480738218957177,684.571292145,0.3929300584200163,-0.23258108109365436,0.41223748136973504,0.8810911683431248,1.4654692983044384,1.1241512657943253,PathB,2025-03-07_Jaya HE,,40.0,459,top,,,
ballooning_x008804_y022488,R26-041-1,ballooning,8804,22488,86,67,0.655065,8704,22016,images/ballooning_x008804_y022488.png,overlays/ballooning_x008804_y022488.png,122.834,bbox_padded,389.5101483975,0.036647173489278755,786.5639510625001,-0.6319842938548291,-0.13023762267062838,1.0997473214787028,-1.1081041103847742,2.779264379734874,2.164924728235736,PathB,P273-2026-02-13_Christina HE,,40.0,1721,mid,,,
ballooning_x022211_y011791,R22-354_19_ACLY656 CHOW4,ballooning,22211,11791,102,104,0.428738,22016,11776,images/ballooning_x022211_y011791.png,overlays/ballooning_x022211_y011791.png,130.759,bbox_padded,430.3562763825,0.06528389940368162,1182.7591264125,-0.1255585970284661,0.11183099391652437,-0.09663835617128504,-0.34241699503697853,1.8726579144492383,3.2109633827158985,PathB,2025-03-28_Celina 656D H&E,,40.0,,vetoed,,,
ballooning_x024599_y016823,R22-354_25_ACLY656 NASH 6,ballooning,24599,16823,73,57,-2.509173,24576,16384,images/ballooning_x024599_y016823.png,overlays/ballooning_x024599_y016823.png,116.395,bbox_padded,363.47534159625,0.09129255799939741,610.6680125325,-0.9011344777113282,1.4804370718007704,-0.7518685320316133,-0.5497188466434558,1.8842327942662915,1.2682691887429052,PathB,2025-03-28_Celina 656D H&E,ballooning_x024599_y016823,40.0,2324,low,,,
ballooning_x034932_y016152,R25-223-10_HE,ballooning,34932,16152,56,72,3.607945,34816,15872,images/ballooning_x034932_y016152.png,overlays/ballooning_x034932_y016152.png,107.975,bbox_padded,477.15146505,0.10401430196652041,754.733409885,0.032877490611950534,-1.5987961103005044,0.8620222464886826,-0.1260952363193127,0.4774264233011425,1.2230549588906527,PathB,2025-07-09_Evelyn_HE,ballooning_x034932_y016152,40.0,629,top,,,
ballooning_x010745_y016344,R26-122-23_HE_91,ballooning,10745,16344,53,80,-4.231713,10240,15872,images/ballooning_x010745_y016344.png,overlays/ballooning_x010745_y016344.png,106.49,bbox_padded,474.39159153750006,0.03446686941295733,665.4974996475,-0.8452169821263726,1.160513750073914,-0.6971439886902343,-1.8181914338644514,1.0698887650944418,1.1456599654015096,PathB,2026-04-20_CCl4_HE,,40.0,6066,low,,,
ballooning_x035640_y013496,R26-041-15,ballooning,35640,13496,76,68,3.196589,35328,13312,images/ballooning_x035640_y013496.png,overlays/ballooning_x035640_y013496.png,117.881,bbox_padded,422.38330845750005,0.02760691271236087,837.52961526,-0.039690029608908065,-0.6341518720321662,1.2591627122279492,-0.3306517965255849,2.436736740520637,2.5620807805258536,PathB,P273-2026-02-13_Christina HE,,40.0,741,top,,,
ballooning_x042829_y015608,R25-223-14_HE,ballooning,42829,15608,46,74,-4.289124,42496,15360,images/ballooning_x042829_y015608.png,overlays/ballooning_x042829_y015608.png,103.022,bbox_padded,313.85894889375004,0.04158145875937287,539.831259045,-1.7195092051764447,1.0476371849740607,-0.7469477016657556,-1.5367726701588211,1.6760912030102433,1.6403704312155216,PathB,2025-07-09_Evelyn_HE,,40.0,5950,low,,,
ballooning_x006277_y015163,R25-264-17,ballooning,6277,15163,88,62,2.536115,6144,14848,images/ballooning_x006277_y015163.png,overlays/ballooning_x006277_y015163.png,123.825,bbox_padded,370.19103381,0.03529921316682307,849.6117281925001,0.16750542351095116,-0.008402582692749514,0.3065131911415182,0.9364357998049789,1.1089534722538246,2.6049872859824825,PathB,2025-08-25HE,,40.0,653,top,,,
ballooning_x028796_y014806,R25-264-17,ballooning,28796,14806,79,90,2.85782,28672,14336,images/ballooning_x028796_y014806.png,overlays/ballooning_x028796_y014806.png,119.367,bbox_padded,509.2273283175,0.09861666486544905,1134.982649385,0.31535409966902184,-0.7452540517576719,0.41737121484679,-0.02513000094753862,1.8830202608750233,2.291269924734377,PathB,2025-08-25HE,,40.0,533,top,,,
ballooning_x006310_y011122,R26-122-10_HE_79,ballooning,6310,11122,38,42,0.231214,6144,10752,images/ballooning_x006310_y011122.png,overlays/ballooning_x006310_y011122.png,99.06,bbox_padded,447.8048100337501,0.08878648233486942,199.63085073750003,0.2991019054899984,0.9393422118131077,-1.199087556952104,0.45399411081546825,-0.39425932426316884,-1.5726458416721654,PathB,2026-04-20_CCl4_HE,ballooning_x006310_y011122,40.0,,vetoed,,,
ballooning_x029005_y015989,R25-223-21_HE,ballooning,29005,15989,68,66,-3.226079,28672,15872,images/ballooning_x029005_y015989.png,overlays/ballooning_x029005_y015989.png,113.919,bbox_padded,354.61308109500004,0.10439218613910661,492.91340933250007,-0.4446199894409887,1.5547303751856603,-1.4446218075605823,-0.14883156177888315,0.31607836923324073,1.0235374580213474,PathB,2025-07-09_Evelyn_HE,,40.0,,vetoed,,,
ballooning_x040678_y012333,R25-223-18_HE,ballooning,40678,12333,56,57,0.047763,40448,12288,images/ballooning_x040678_y012333.png,overlays/ballooning_x040678_y012333.png,107.975,bbox_padded,350.04395716875,0.13112634165265744,474.26893049250003,-0.10635175188110342,0.5075050629912244,-0.5189894312517728,-0.35351678011860227,1.4327986795900152,0.7192319206737792,PathB,2025-07-09_Evelyn_HE,,40.0,3367,mid,,,
ballooning_x017107_y017838,R25-264-39,ballooning,17107,17838,78,73,3.205466,16896,17408,images/ballooning_x017107_y017838.png,overlays/ballooning_x017107_y017838.png,118.872,bbox_padded,476.5994903475,0.057760567925137146,950.3164461375001,0.04780348278744485,-0.8301747107547028,0.5137932634463014,0.17059930722873315,1.5061410697088806,2.743426343442454,PathB,2025-08-25HE,,40.0,410,top,,,
ballooning_x015185_y011184,R22-354_1_WT-CHOW1,ballooning,15185,11184,79,56,-0.136599,14848,10752,images/ballooning_x015185_y011184.png,overlays/ballooning_x015185_y011184.png,119.367,bbox_padded,330.20353314000005,0.07874088433490262,664.3935502425,-0.3643742825314286,-0.009409996584162581,0.07076808734047356,-0.6228701723600045,0.672740493537155,1.6921271401417894,PathB,2025-03-28_Celina 656D H&E,,40.0,4130,mid,,,
ballooning_x025966_y013861,R26-122-23_HE_91,ballooning,25966,13861,42,37,-7.030748,25600,13824,images/ballooning_x025966_y013861.png,overlays/ballooning_x025966_y013861.png,101.041,bbox_padded,517.0163046750001,0.14378937893789379,272.55284199000005,-0.9446106730556005,0.8557658906416944,-1.5893292759055386,-2.023220875334463,-0.9618795493285923,-1.0764845514609447,PathB,2026-04-20_CCl4_HE,,40.0,,vetoed,,,
ballooning_x029914_y011634,R25-223-18_HE,ballooning,29914,11634,44,52,-3.123324,29696,11264,images/ballooning_x029914_y011634.png,overlays/ballooning_x029914_y011634.png,102.032,bbox_padded,376.69206919500004,0.08006644518272425,369.20974545,-2.0867617454761747,0.48655032735928594,-0.16813521416510074,-0.6277130454094796,0.9191591157079174,-0.04440791832495681,PathB,2025-07-09_Evelyn_HE,,40.0,,vetoed,,,
ballooning_x016948_y009587,R22-354_1_WT-CHOW1,ballooning,16948,9587,71,41,3.872772,16896,9216,images/ballooning_x016948_y009587.png,overlays/ballooning_x016948_y009587.png,115.405,bbox_padded,330.326194185,0.06770305283316436,544.4310482325001,0.8117376071716371,-0.716725546931323,0.9597964690172446,0.9721598247299257,0.7225040536686775,1.444568859713371,PathB,2025-03-28_Celina 656D H&E,,40.0,597,top,,,
ballooning_x034932_y016152,R25-223-10_HE,ballooning,34932,16152,56,72,3.607945,34816,15872,images/ballooning_x034932_y016152.png,overlays/ballooning_x034932_y016152.png,107.975,bbox_padded,477.15146505,0.10401430196652041,754.733409885,0.032877490611950534,-1.5987961103005044,0.8620222464886826,-0.1260952363193127,0.4774264233011425,1.2230549588906527,PathB,2025-07-09_Evelyn_HE,,40.0,629,top,,,
ballooning_x013694_y014301,R22--063-16_HE,ballooning,13694,14301,80,96,-0.700023,13312,13824,images/ballooning_x013694_y014301.png,overlays/ballooning_x013694_y014301.png,119.863,bbox_padded,774.8498212650001,0.11095565423687573,1008.2124593775001,-0.0033139905422553285,0.28155290775620384,-0.49203982768832083,-0.18476706141278926,0.5742907200492455,0.7180854336341478,PathB,2025-09-24HE,ballooning_x013694_y014301,40.0,,vetoed,,,
ballooning_x059563_y022275,R25-079_15_HE,ballooning,59563,22275,78,62,1.358918,59392,22016,images/ballooning_x059563_y022275.png,overlays/ballooning_x059563_y022275.png,118.872,bbox_padded,370.58968220625,0.08636169303120993,573.80836851,0.45139306339585306,-0.12005458643236316,0.24778271617912026,0.09679869348778086,0.17587798247526681,0.8320644570088229,PathB,2025-03-07_Jaya HE,,40.0,2148,mid,,,
ballooning_x010701_y021218,R25-345-24,ballooning,10701,21218,69,70,-0.020096,10240,20992,images/ballooning_x010701_y021218.png,overlays/ballooning_x010701_y021218.png,114.414,bbox_padded,352.77316542000005,0.10870970721344786,664.0255671075,-0.1194876561050991,0.10268126464524827,-0.5715002530671466,0.17751089847716042,-0.04554398488104162,1.4921711440033651,PathB,2025-11-14HE,,40.0,1551,mid,,,
ballooning_x018887_y010360,R22-354_19_ACLY656 CHOW4,ballooning,18887,10360,69,66,-2.246477,18432,10240,images/ballooning_x018887_y010360.png,overlays/ballooning_x018887_y010360.png,114.414,bbox_padded,471.75437907,0.06421576497030021,764.0556493050001,-0.5847867313363161,1.44924117178131,-0.6475282517379194,-0.968556204477207,2.006749704659553,1.544007185237969,PathB,2025-03-28_Celina 656D H&E,,40.0,5833,low,,,
ballooning_x016589_y015022,R25-151-36_HE,ballooning,16589,15022,58,67,3.339266,16384,14848,images/ballooning_x016589_y015022.png,overlays/ballooning_x016589_y015022.png,108.966,bbox_padded,426.00180928500004,0.11405759908753922,645.2584272225,0.020784029593166775,-1.3099310295601656,0.5432928422320291,0.15301335250243922,1.9103310324109446,1.1620744410259412,PathB,2025-04-29HE,,40.0,485,top,,,
ballooning_x012272_y024112,R25-345-20,ballooning,12272,24112,89,76,-0.87133,11776,24064,images/ballooning_x012272_y024112.png,overlays/ballooning_x012272_y024112.png,124.32,bbox_padded,540.93520845,0.05913729128014842,1057.8288520800002,-0.18048650550093803,0.6213989442037855,-0.611766306096896,-0.7564540637553113,0.6270009509001662,1.7485721688307434,PathB,2025-11-14HE,,40.0,972,mid,,,
ballooning_x021063_y011089,R22-354_19_ACLY656 CHOW4,ballooning,21063,11089,79,86,5.238472,20992,10752,images/ballooning_x021063_y011089.png,overlays/ballooning_x021063_y011089.png,119.367,bbox_padded,475.6182019875,0.046804625684723065,1007.6604846750001,0.44636607562270414,-1.5149097306178398,1.4664897701174495,0.39455013626907703,1.9421928537561786,2.1984622725754135,PathB,2025-03-28_Celina 656D H&E,,40.0,238,top,,,
ballooning_x026638_y021568,R25-345-20,ballooning,26638,21568,43,52,1.514238,26624,21504,images/ballooning_x026638_y021568.png,overlays/ballooning_x026638_y021568.png,101.537,bbox_padded,553.2626434725,0.06547884187082405,275.37404602500004,-0.0966960404463588,-0.6804491054526961,1.1914928056355467,0.15670798407315992,-0.24910372504489675,-1.5521166232546741,PathB,2025-11-14HE,,40.0,,vetoed,,,
ballooning_x022262_y014164,R25-264-24,ballooning,22262,14164,60,94,-0.40524,22016,13824,images/ballooning_x022262_y014164.png,overlays/ballooning_x022262_y014164.png,109.957,bbox_padded,394.355259675,0.07490006311803071,874.5119203275001,-0.23503541550654913,1.1466642402003258,-0.5534045717052253,-0.2551829188314824,1.9118502002786706,2.406831429326465,PathB,2025-08-25HE,,40.0,3484,mid,,,
ballooning_x008385_y017760,R25-223-3_HE,ballooning,8385,17760,32,31,-1.585627,8192,17408,images/ballooning_x008385_y017760.png,overlays/ballooning_x008385_y017760.png,96.088,bbox_padded,156.45416289750003,0.1497447532614861,108.12571116750001,0.14754940156547405,0.6171175179541926,-0.9452097914506484,-0.0705398040502884,-1.7100979099905638,-1.1236759375635452,PathB,2025-07-09_Evelyn_HE,,40.0,,vetoed,,,
ballooning_x015811_y018560,R25-345-1,ballooning,15811,18560,43,25,4.383797,15360,18432,images/ballooning_x015811_y018560.png,overlays/ballooning_x015811_y018560.png,101.537,bbox_padded,374.66816195250004,0.13630289532293988,137.68702301250002,1.0103557750578391,-1.417405251933598,1.6293387192072315,1.357660685796192,-0.9592180965248648,-1.5412373120151173,PathB,2025-11-14HE,,40.0,,vetoed,,,
ballooning_x007407_y008839,R26-122-10_HE_79,ballooning,7407,8839,64,51,6.913136,7168,8704,images/ballooning_x007407_y008839.png,overlays/ballooning_x007407_y008839.png,111.938,bbox_padded,334.71132654375003,0.09368238857637386,566.9393499900001,0.9471559112317608,-1.183213364162275,1.5316508839802014,1.4464142801765285,2.2611121085876036,1.4275904196523914,PathB,2026-04-20_CCl4_HE,,40.0,25,top,,,
ballooning_x016002_y017192,R22--063-10_HE,ballooning,16002,17192,76,72,0.349933,15872,16896,images/ballooning_x016002_y017192.png,overlays/ballooning_x016002_y017192.png,117.881,bbox_padded,402.38955812250003,0.053563075003898335,786.625281585,-0.4802606823034292,0.4015521356648968,-0.0564811392694479,-0.6398118151458874,2.119723713658518,2.2891032546700263,PathB,2025-09-24HE,,40.0,1801,mid,,,
ballooning_x030691_y015014,R25-264-39,ballooning,30691,15014,74,75,-3.060538,30208,14848,images/ballooning_x030691_y015014.png,overlays/ballooning_x030691_y015014.png,116.891,bbox_padded,547.1909217450001,0.0551235767842266,883.4048460900001,-0.5138739014650323,1.0725013901106868,-0.37012836200037047,-1.4771903869690681,1.3575158194597345,1.1832186699042222,PathB,2025-08-25HE,,40.0,3916,low,,,
ballooning_x035369_y014591,R25-264-17,ballooning,35369,14591,78,83,-0.404863,35328,14336,images/ballooning_x035369_y014591.png,overlays/ballooning_x035369_y014591.png,118.872,bbox_padded,520.35881815125,0.0404613348459066,973.1314005075001,-0.440050952404778,0.033365012596756075,-0.0257786246349491,-1.115347858795823,2.387473469230911,2.2329273685363065,PathB,2025-08-25HE,,40.0,2489,mid,,,
ballooning_x044804_y018067,R26-041-20,ballooning,44804,18067,61,52,1.618932,44544,17920,images/ballooning_x044804_y018067.png,overlays/ballooning_x044804_y018067.png,110.452,bbox_padded,478.86871968,0.11662425784563188,433.85211616500004,-0.16608621664219253,-0.8496655157923426,1.3298550473334245,-0.22499407543125394,0.4424923470363041,-0.20801521741841197,PathB,P273-2026-02-13_Christina HE,,40.0,,vetoed,,,
ballooning_x015082_y017034,R22-354_25_ACLY656 NASH 6,ballooning,15082,17034,64,61,3.691268,14848,16896,images/ballooning_x015082_y017034.png,overlays/ballooning_x015082_y017034.png,111.938,bbox_padded,298.09700461125004,0.09325946445060018,597.7886028075001,0.19893374055831942,-0.8928669647395077,1.392331951659815,-0.07320059427457609,1.6195331291271169,1.8025152289758721,PathB,2025-03-28_Celina 656D H&E,,40.0,247,top,,,
ballooning_x008815_y017928,R25-345-13,ballooning,8815,17928,48,48,2.727539,8704,17920,images/ballooning_x008815_y017928.png,overlays/ballooning_x008815_y017928.png,104.013,bbox_padded,371.3256484762501,0.06910569105691057,286.658862165,0.11251580968529898,-1.7736364514259917,1.8771692501335602,-0.356236118224801,-0.5055146494441273,-0.39338170403778633,PathB,2025-11-14HE,,40.0,,vetoed,,,
ballooning_x032252_y012059,R22--063-6_HE,ballooning,32252,12059,93,96,0.375314,32256,11776,images/ballooning_x032252_y012059.png,overlays/ballooning_x032252_y012059.png,126.302,bbox_padded,678.438239895,0.03240488601882829,1576.5624113850001,-0.18487040429245216,-0.12625442470726694,0.372089823996329,-1.1128563826468931,1.0450091866773767,2.969706158080354,PathB,2025-09-24HE,,40.0,1020,mid,,,
