field_id,blind_id,present_order,panel,slide,cohort,batch,diet,split,sample_type,x,y,size,score,image,context
s714e88_f01,s714e88,1,1,R22-354_23_ACLY656 NASH4,ACLY656,2025-03-28_Celina 656D H&E,nash,train,uniform,24064,12288,512,5.81352568528771,images/s714e88_024064_012288.jpg,context/s714e88_024064_012288.jpg
s714e88_f02,s714e88,1,2,R22-354_23_ACLY656 NASH4,ACLY656,2025-03-28_Celina 656D H&E,nash,train,uniform,11264,14336,512,2.5547241716573943,images/s714e88_011264_014336.jpg,context/s714e88_011264_014336.jpg
s714e88_f03,s714e88,1,3,R22-354_23_ACLY656 NASH4,ACLY656,2025-03-28_Celina 656D H&E,nash,train,uniform,15360,14336,512,2.660572134639753,images/s714e88_015360_014336.jpg,context/s714e88_015360_014336.jpg
s714e88_f04,s714e88,1,4,R22-354_23_ACLY656 NASH4,ACLY656,2025-03-28_Celina 656D H&E,nash,train,uniform,19456,11264,512,1.5578793052082438,images/s714e88_019456_011264.jpg,context/s714e88_019456_011264.jpg
s714e88_f05,s714e88,1,5,R22-354_23_ACLY656 NASH4,ACLY656,2025-03-28_Celina 656D H&E,nash,train,uniform,16896,12800,512,6.938231520836049,images/s714e88_016896_012800.jpg,context/s714e88_016896_012800.jpg
s714e88_f06,s714e88,1,6,R22-354_23_ACLY656 NASH4,ACLY656,2025-03-28_Celina 656D H&E,nash,train,uniform,17920,11264,512,5.416171602394983,images/s714e88_017920_011264.jpg,context/s714e88_017920_011264.jpg
s714e88_f07,s714e88,1,7,R22-354_23_ACLY656 NASH4,ACLY656,2025-03-28_Celina 656D H&E,nash,train,uniform,12288,11264,512,5.747873248074243,images/s714e88_012288_011264.jpg,context/s714e88_012288_011264.jpg
s714e88_f08,s714e88,1,8,R22-354_23_ACLY656 NASH4,ACLY656,2025-03-28_Celina 656D H&E,nash,train,uniform,7680,11776,512,5.178180233405639,images/s714e88_007680_011776.jpg,context/s714e88_007680_011776.jpg
s714e88_f09,s714e88,1,9,R22-354_23_ACLY656 NASH4,ACLY656,2025-03-28_Celina 656D H&E,nash,train,uniform,5632,14336,512,2.5124088464381726,images/s714e88_005632_014336.jpg,context/s714e88_005632_014336.jpg
s714e88_f10,s714e88,1,10,R22-354_23_ACLY656 NASH4,ACLY656,2025-03-28_Celina 656D H&E,nash,train,uniform,19968,12800,512,7.67974542321861,images/s714e88_019968_012800.jpg,context/s714e88_019968_012800.jpg
s714e88_f11,s714e88,1,11,R22-354_23_ACLY656 NASH4,ACLY656,2025-03-28_Celina 656D H&E,nash,train,uniform,6656,14336,512,2.925841941916417,images/s714e88_006656_014336.jpg,context/s714e88_006656_014336.jpg
s714e88_f12,s714e88,1,12,R22-354_23_ACLY656 NASH4,ACLY656,2025-03-28_Celina 656D H&E,nash,train,uniform,18432,14336,512,6.100303789405541,images/s714e88_018432_014336.jpg,context/s714e88_018432_014336.jpg
s714e88_f13,s714e88,1,13,R22-354_23_ACLY656 NASH4,ACLY656,2025-03-28_Celina 656D H&E,nash,train,uniform,20992,11264,512,4.9121794606508775,images/s714e88_020992_011264.jpg,context/s714e88_020992_011264.jpg
s714e88_f14,s714e88,1,14,R22-354_23_ACLY656 NASH4,ACLY656,2025-03-28_Celina 656D H&E,nash,train,uniform,6656,12800,512,2.8826343156307166,images/s714e88_006656_012800.jpg,context/s714e88_006656_012800.jpg
s714e88_f15,s714e88,1,15,R22-354_23_ACLY656 NASH4,ACLY656,2025-03-28_Celina 656D H&E,nash,train,uniform,8192,14336,512,,images/s714e88_008192_014336.jpg,context/s714e88_008192_014336.jpg
s714e88_f16,s714e88,1,16,R22-354_23_ACLY656 NASH4,ACLY656,2025-03-28_Celina 656D H&E,nash,train,uniform,25600,13312,512,1.8554542188583667,images/s714e88_025600_013312.jpg,context/s714e88_025600_013312.jpg
s714e88_f17,s714e88,1,17,R22-354_23_ACLY656 NASH4,ACLY656,2025-03-28_Celina 656D H&E,nash,train,repeat,19968,12800,512,7.67974542321861,images/s714e88_019968_012800.jpg,context/s714e88_019968_012800.jpg
s714e88_f18,s714e88,1,18,R22-354_23_ACLY656 NASH4,ACLY656,2025-03-28_Celina 656D H&E,nash,train,repeat,25600,13312,512,1.8554542188583667,images/s714e88_025600_013312.jpg,context/s714e88_025600_013312.jpg
sb3057a_f01,sb3057a,2,1,R25-079_25_HE,unknown,2025-03-07_Jaya HE,unknown,train,uniform,29184,31744,512,,images/sb3057a_029184_031744.jpg,context/sb3057a_029184_031744.jpg
sb3057a_f02,sb3057a,2,2,R25-079_25_HE,unknown,2025-03-07_Jaya HE,unknown,train,uniform,14336,20992,512,,images/sb3057a_014336_020992.jpg,context/sb3057a_014336_020992.jpg
sb3057a_f03,sb3057a,2,3,R25-079_25_HE,unknown,2025-03-07_Jaya HE,unknown,train,uniform,40960,36352,512,,images/sb3057a_040960_036352.jpg,context/sb3057a_040960_036352.jpg
sb3057a_f04,sb3057a,2,4,R25-079_25_HE,unknown,2025-03-07_Jaya HE,unknown,train,uniform,13824,30208,512,,images/sb3057a_013824_030208.jpg,context/sb3057a_013824_030208.jpg
sb3057a_f05,sb3057a,2,5,R25-079_25_HE,unknown,2025-03-07_Jaya HE,unknown,train,uniform,11264,18944,512,,images/sb3057a_011264_018944.jpg,context/sb3057a_011264_018944.jpg
sb3057a_f06,sb3057a,2,6,R25-079_25_HE,unknown,2025-03-07_Jaya HE,unknown,train,uniform,59392,27136,512,,images/sb3057a_059392_027136.jpg,context/sb3057a_059392_027136.jpg
sb3057a_f07,sb3057a,2,7,R25-079_25_HE,unknown,2025-03-07_Jaya HE,unknown,train,uniform,18944,37376,512,,images/sb3057a_018944_037376.jpg,context/sb3057a_018944_037376.jpg
sb3057a_f08,sb3057a,2,8,R25-079_25_HE,unknown,2025-03-07_Jaya HE,unknown,train,uniform,46592,3584,512,,images/sb3057a_046592_003584.jpg,context/sb3057a_046592_003584.jpg
sb3057a_f09,sb3057a,2,9,R25-079_25_HE,unknown,2025-03-07_Jaya HE,unknown,train,uniform,14848,12800,512,,images/sb3057a_014848_012800.jpg,context/sb3057a_014848_012800.jpg
sb3057a_f10,sb3057a,2,10,R25-079_25_HE,unknown,2025-03-07_Jaya HE,unknown,train,uniform,43520,15872,512,,images/sb3057a_043520_015872.jpg,context/sb3057a_043520_015872.jpg
sb3057a_f11,sb3057a,2,11,R25-079_25_HE,unknown,2025-03-07_Jaya HE,unknown,train,uniform,39424,35840,512,,images/sb3057a_039424_035840.jpg,context/sb3057a_039424_035840.jpg
sb3057a_f12,sb3057a,2,12,R25-079_25_HE,unknown,2025-03-07_Jaya HE,unknown,train,uniform,39936,17408,512,,images/sb3057a_039936_017408.jpg,context/sb3057a_039936_017408.jpg
sb3057a_f13,sb3057a,2,13,R25-079_25_HE,unknown,2025-03-07_Jaya HE,unknown,train,uniform,44544,1536,512,,images/sb3057a_044544_001536.jpg,context/sb3057a_044544_001536.jpg
sb3057a_f14,sb3057a,2,14,R25-079_25_HE,unknown,2025-03-07_Jaya HE,unknown,train,uniform,44544,17920,512,,images/sb3057a_044544_017920.jpg,context/sb3057a_044544_017920.jpg
sb3057a_f15,sb3057a,2,15,R25-079_25_HE,unknown,2025-03-07_Jaya HE,unknown,train,uniform,58368,32256,512,,images/sb3057a_058368_032256.jpg,context/sb3057a_058368_032256.jpg
sb3057a_f16,sb3057a,2,16,R25-079_25_HE,unknown,2025-03-07_Jaya HE,unknown,train,uniform,19968,20992,512,,images/sb3057a_019968_020992.jpg,context/sb3057a_019968_020992.jpg
sb3057a_f17,sb3057a,2,17,R25-079_25_HE,unknown,2025-03-07_Jaya HE,unknown,train,repeat,19968,20992,512,,images/sb3057a_019968_020992.jpg,context/sb3057a_019968_020992.jpg
sb3057a_f18,sb3057a,2,18,R25-079_25_HE,unknown,2025-03-07_Jaya HE,unknown,train,repeat,18944,37376,512,,images/sb3057a_018944_037376.jpg,context/sb3057a_018944_037376.jpg
s88424f_f01,s88424f,3,1,R25-151_17_HE,unknown,2025-04-29HE,unknown,train,uniform,5632,7680,512,,images/s88424f_005632_007680.jpg,context/s88424f_005632_007680.jpg
s88424f_f02,s88424f,3,2,R25-151_17_HE,unknown,2025-04-29HE,unknown,train,uniform,11264,23552,512,,images/s88424f_011264_023552.jpg,context/s88424f_011264_023552.jpg
s88424f_f03,s88424f,3,3,R25-151_17_HE,unknown,2025-04-29HE,unknown,train,uniform,7168,15872,512,,images/s88424f_007168_015872.jpg,context/s88424f_007168_015872.jpg
s88424f_f04,s88424f,3,4,R25-151_17_HE,unknown,2025-04-29HE,unknown,train,uniform,17408,18432,512,,images/s88424f_017408_018432.jpg,context/s88424f_017408_018432.jpg
s88424f_f05,s88424f,3,5,R25-151_17_HE,unknown,2025-04-29HE,unknown,train,uniform,10752,12800,512,,images/s88424f_010752_012800.jpg,context/s88424f_010752_012800.jpg
s88424f_f06,s88424f,3,6,R25-151_17_HE,unknown,2025-04-29HE,unknown,train,uniform,12288,18432,512,,images/s88424f_012288_018432.jpg,context/s88424f_012288_018432.jpg
s88424f_f07,s88424f,3,7,R25-151_17_HE,unknown,2025-04-29HE,unknown,train,uniform,10752,24576,512,,images/s88424f_010752_024576.jpg,context/s88424f_010752_024576.jpg
s88424f_f08,s88424f,3,8,R25-151_17_HE,unknown,2025-04-29HE,unknown,train,uniform,22528,14336,512,,images/s88424f_022528_014336.jpg,context/s88424f_022528_014336.jpg
s88424f_f09,s88424f,3,9,R25-151_17_HE,unknown,2025-04-29HE,unknown,train,uniform,3072,12800,512,,images/s88424f_003072_012800.jpg,context/s88424f_003072_012800.jpg
s88424f_f10,s88424f,3,10,R25-151_17_HE,unknown,2025-04-29HE,unknown,train,uniform,9216,9216,512,,images/s88424f_009216_009216.jpg,context/s88424f_009216_009216.jpg
s88424f_f11,s88424f,3,11,R25-151_17_HE,unknown,2025-04-29HE,unknown,train,uniform,12288,14848,512,,images/s88424f_012288_014848.jpg,context/s88424f_012288_014848.jpg
s88424f_f12,s88424f,3,12,R25-151_17_HE,unknown,2025-04-29HE,unknown,train,uniform,16384,15872,512,,images/s88424f_016384_015872.jpg,context/s88424f_016384_015872.jpg
s88424f_f13,s88424f,3,13,R25-151_17_HE,unknown,2025-04-29HE,unknown,train,uniform,22016,7168,512,,images/s88424f_022016_007168.jpg,context/s88424f_022016_007168.jpg
s88424f_f14,s88424f,3,14,R25-151_17_HE,unknown,2025-04-29HE,unknown,train,uniform,13312,17920,512,,images/s88424f_013312_017920.jpg,context/s88424f_013312_017920.jpg
s88424f_f15,s88424f,3,15,R25-151_17_HE,unknown,2025-04-29HE,unknown,train,uniform,16896,10752,512,,images/s88424f_016896_010752.jpg,context/s88424f_016896_010752.jpg
s88424f_f16,s88424f,3,16,R25-151_17_HE,unknown,2025-04-29HE,unknown,train,uniform,24576,12800,512,,images/s88424f_024576_012800.jpg,context/s88424f_024576_012800.jpg
s88424f_f17,s88424f,3,17,R25-151_17_HE,unknown,2025-04-29HE,unknown,train,repeat,7168,15872,512,,images/s88424f_007168_015872.jpg,context/s88424f_007168_015872.jpg
s88424f_f18,s88424f,3,18,R25-151_17_HE,unknown,2025-04-29HE,unknown,train,repeat,3072,12800,512,,images/s88424f_003072_012800.jpg,context/s88424f_003072_012800.jpg
s3c7488_f01,s3c7488,4,1,R25-223-4_HE,unknown,2025-07-09_Evelyn_HE,unknown,train,uniform,15872,9216,512,,images/s3c7488_015872_009216.jpg,context/s3c7488_015872_009216.jpg
s3c7488_f02,s3c7488,4,2,R25-223-4_HE,unknown,2025-07-09_Evelyn_HE,unknown,train,uniform,28160,18432,512,,images/s3c7488_028160_018432.jpg,context/s3c7488_028160_018432.jpg
s3c7488_f03,s3c7488,4,3,R25-223-4_HE,unknown,2025-07-09_Evelyn_HE,unknown,train,uniform,3072,7168,512,,images/s3c7488_003072_007168.jpg,context/s3c7488_003072_007168.jpg
s3c7488_f04,s3c7488,4,4,R25-223-4_HE,unknown,2025-07-09_Evelyn_HE,unknown,train,uniform,39424,22016,512,,images/s3c7488_039424_022016.jpg,context/s3c7488_039424_022016.jpg
s3c7488_f05,s3c7488,4,5,R25-223-4_HE,unknown,2025-07-09_Evelyn_HE,unknown,train,uniform,31232,11264,512,,images/s3c7488_031232_011264.jpg,context/s3c7488_031232_011264.jpg
s3c7488_f06,s3c7488,4,6,R25-223-4_HE,unknown,2025-07-09_Evelyn_HE,unknown,train,uniform,35840,22528,512,,images/s3c7488_035840_022528.jpg,context/s3c7488_035840_022528.jpg
s3c7488_f07,s3c7488,4,7,R25-223-4_HE,unknown,2025-07-09_Evelyn_HE,unknown,train,uniform,24576,16384,512,,images/s3c7488_024576_016384.jpg,context/s3c7488_024576_016384.jpg
s3c7488_f08,s3c7488,4,8,R25-223-4_HE,unknown,2025-07-09_Evelyn_HE,unknown,train,uniform,10752,27136,512,,images/s3c7488_010752_027136.jpg,context/s3c7488_010752_027136.jpg
s3c7488_f09,s3c7488,4,9,R25-223-4_HE,unknown,2025-07-09_Evelyn_HE,unknown,train,uniform,28160,8192,512,,images/s3c7488_028160_008192.jpg,context/s3c7488_028160_008192.jpg
s3c7488_f10,s3c7488,4,10,R25-223-4_HE,unknown,2025-07-09_Evelyn_HE,unknown,train,uniform,11264,6656,512,,images/s3c7488_011264_006656.jpg,context/s3c7488_011264_006656.jpg
s3c7488_f11,s3c7488,4,11,R25-223-4_HE,unknown,2025-07-09_Evelyn_HE,unknown,train,uniform,49664,19456,512,,images/s3c7488_049664_019456.jpg,context/s3c7488_049664_019456.jpg
s3c7488_f12,s3c7488,4,12,R25-223-4_HE,unknown,2025-07-09_Evelyn_HE,unknown,train,uniform,43520,10240,512,,images/s3c7488_043520_010240.jpg,context/s3c7488_043520_010240.jpg
s3c7488_f13,s3c7488,4,13,R25-223-4_HE,unknown,2025-07-09_Evelyn_HE,unknown,train,uniform,39936,19456,512,,images/s3c7488_039936_019456.jpg,context/s3c7488_039936_019456.jpg
s3c7488_f14,s3c7488,4,14,R25-223-4_HE,unknown,2025-07-09_Evelyn_HE,unknown,train,uniform,24064,17408,512,,images/s3c7488_024064_017408.jpg,context/s3c7488_024064_017408.jpg
s3c7488_f15,s3c7488,4,15,R25-223-4_HE,unknown,2025-07-09_Evelyn_HE,unknown,train,uniform,24576,19456,512,,images/s3c7488_024576_019456.jpg,context/s3c7488_024576_019456.jpg
s3c7488_f16,s3c7488,4,16,R25-223-4_HE,unknown,2025-07-09_Evelyn_HE,unknown,train,uniform,35328,10240,512,,images/s3c7488_035328_010240.jpg,context/s3c7488_035328_010240.jpg
s3c7488_f17,s3c7488,4,17,R25-223-4_HE,unknown,2025-07-09_Evelyn_HE,unknown,train,repeat,43520,10240,512,,images/s3c7488_043520_010240.jpg,context/s3c7488_043520_010240.jpg
s3c7488_f18,s3c7488,4,18,R25-223-4_HE,unknown,2025-07-09_Evelyn_HE,unknown,train,repeat,24064,17408,512,,images/s3c7488_024064_017408.jpg,context/s3c7488_024064_017408.jpg
s3800fd_f01,s3800fd,5,1,R22--063-5_HE,unknown,2025-09-24HE,unknown,train,uniform,29184,16384,512,,images/s3800fd_029184_016384.jpg,context/s3800fd_029184_016384.jpg
s3800fd_f02,s3800fd,5,2,R22--063-5_HE,unknown,2025-09-24HE,unknown,train,uniform,35840,17920,512,,images/s3800fd_035840_017920.jpg,context/s3800fd_035840_017920.jpg
s3800fd_f03,s3800fd,5,3,R22--063-5_HE,unknown,2025-09-24HE,unknown,train,uniform,18944,14848,512,,images/s3800fd_018944_014848.jpg,context/s3800fd_018944_014848.jpg
s3800fd_f04,s3800fd,5,4,R22--063-5_HE,unknown,2025-09-24HE,unknown,train,uniform,11776,24576,512,,images/s3800fd_011776_024576.jpg,context/s3800fd_011776_024576.jpg
s3800fd_f05,s3800fd,5,5,R22--063-5_HE,unknown,2025-09-24HE,unknown,train,uniform,28672,18432,512,,images/s3800fd_028672_018432.jpg,context/s3800fd_028672_018432.jpg
s3800fd_f06,s3800fd,5,6,R22--063-5_HE,unknown,2025-09-24HE,unknown,train,uniform,14848,4608,512,,images/s3800fd_014848_004608.jpg,context/s3800fd_014848_004608.jpg
s3800fd_f07,s3800fd,5,7,R22--063-5_HE,unknown,2025-09-24HE,unknown,train,uniform,7680,27648,512,,images/s3800fd_007680_027648.jpg,context/s3800fd_007680_027648.jpg
s3800fd_f08,s3800fd,5,8,R22--063-5_HE,unknown,2025-09-24HE,unknown,train,uniform,11264,27136,512,,images/s3800fd_011264_027136.jpg,context/s3800fd_011264_027136.jpg
s3800fd_f09,s3800fd,5,9,R22--063-5_HE,unknown,2025-09-24HE,unknown,train,uniform,16896,3584,512,,images/s3800fd_016896_003584.jpg,context/s3800fd_016896_003584.jpg
s3800fd_f10,s3800fd,5,10,R22--063-5_HE,unknown,2025-09-24HE,unknown,train,uniform,29696,14848,512,,images/s3800fd_029696_014848.jpg,context/s3800fd_029696_014848.jpg
s3800fd_f11,s3800fd,5,11,R22--063-5_HE,unknown,2025-09-24HE,unknown,train,uniform,26112,16384,512,,images/s3800fd_026112_016384.jpg,context/s3800fd_026112_016384.jpg
s3800fd_f12,s3800fd,5,12,R22--063-5_HE,unknown,2025-09-24HE,unknown,train,uniform,14336,13824,512,,images/s3800fd_014336_013824.jpg,context/s3800fd_014336_013824.jpg
s3800fd_f13,s3800fd,5,13,R22--063-5_HE,unknown,2025-09-24HE,unknown,train,uniform,17920,16384,512,,images/s3800fd_017920_016384.jpg,context/s3800fd_017920_016384.jpg
s3800fd_f14,s3800fd,5,14,R22--063-5_HE,unknown,2025-09-24HE,unknown,train,uniform,15360,10240,512,,images/s3800fd_015360_010240.jpg,context/s3800fd_015360_010240.jpg
s3800fd_f15,s3800fd,5,15,R22--063-5_HE,unknown,2025-09-24HE,unknown,train,uniform,12288,9728,512,,images/s3800fd_012288_009728.jpg,context/s3800fd_012288_009728.jpg
s3800fd_f16,s3800fd,5,16,R22--063-5_HE,unknown,2025-09-24HE,unknown,train,uniform,32768,16384,512,,images/s3800fd_032768_016384.jpg,context/s3800fd_032768_016384.jpg
s3800fd_f17,s3800fd,5,17,R22--063-5_HE,unknown,2025-09-24HE,unknown,train,repeat,32768,16384,512,,images/s3800fd_032768_016384.jpg,context/s3800fd_032768_016384.jpg
s3800fd_f18,s3800fd,5,18,R22--063-5_HE,unknown,2025-09-24HE,unknown,train,repeat,35840,17920,512,,images/s3800fd_035840_017920.jpg,context/s3800fd_035840_017920.jpg
s5360e6_f01,s5360e6,6,1,R25-345-17,unknown,2025-11-14HE,unknown,train,uniform,8704,14848,512,3.2854321245546037,images/s5360e6_008704_014848.jpg,context/s5360e6_008704_014848.jpg
s5360e6_f02,s5360e6,6,2,R25-345-17,unknown,2025-11-14HE,unknown,train,uniform,20992,14336,512,1.238329229716375,images/s5360e6_020992_014336.jpg,context/s5360e6_020992_014336.jpg
s5360e6_f03,s5360e6,6,3,R25-345-17,unknown,2025-11-14HE,unknown,train,uniform,27136,13824,512,1.2749301291029538,images/s5360e6_027136_013824.jpg,context/s5360e6_027136_013824.jpg
s5360e6_f04,s5360e6,6,4,R25-345-17,unknown,2025-11-14HE,unknown,train,uniform,20992,16384,512,2.942950965269055,images/s5360e6_020992_016384.jpg,context/s5360e6_020992_016384.jpg
s5360e6_f05,s5360e6,6,5,R25-345-17,unknown,2025-11-14HE,unknown,train,uniform,27136,14336,512,2.3396728528903985,images/s5360e6_027136_014336.jpg,context/s5360e6_027136_014336.jpg
s5360e6_f06,s5360e6,6,6,R25-345-17,unknown,2025-11-14HE,unknown,train,uniform,7168,16384,512,4.540708497013303,images/s5360e6_007168_016384.jpg,context/s5360e6_007168_016384.jpg
s5360e6_f07,s5360e6,6,7,R25-345-17,unknown,2025-11-14HE,unknown,train,uniform,15360,13824,512,3.8656377025839497,images/s5360e6_015360_013824.jpg,context/s5360e6_015360_013824.jpg
s5360e6_f08,s5360e6,6,8,R25-345-17,unknown,2025-11-14HE,unknown,train,uniform,19456,14848,512,3.798140551865874,images/s5360e6_019456_014848.jpg,context/s5360e6_019456_014848.jpg
s5360e6_f09,s5360e6,6,9,R25-345-17,unknown,2025-11-14HE,unknown,train,uniform,32768,13824,512,2.909975246340432,images/s5360e6_032768_013824.jpg,context/s5360e6_032768_013824.jpg
s5360e6_f10,s5360e6,6,10,R25-345-17,unknown,2025-11-14HE,unknown,train,uniform,28672,13824,512,3.5224364794308407,images/s5360e6_028672_013824.jpg,context/s5360e6_028672_013824.jpg
s5360e6_f11,s5360e6,6,11,R25-345-17,unknown,2025-11-14HE,unknown,train,uniform,19968,16384,512,3.820794031164666,images/s5360e6_019968_016384.jpg,context/s5360e6_019968_016384.jpg
s5360e6_f12,s5360e6,6,12,R25-345-17,unknown,2025-11-14HE,unknown,train,uniform,12800,13824,512,2.9908463100963116,images/s5360e6_012800_013824.jpg,context/s5360e6_012800_013824.jpg
s5360e6_f13,s5360e6,6,13,R25-345-17,unknown,2025-11-14HE,unknown,train,uniform,12288,16384,512,-0.4800224754828492,images/s5360e6_012288_016384.jpg,context/s5360e6_012288_016384.jpg
s5360e6_f14,s5360e6,6,14,R25-345-17,unknown,2025-11-14HE,unknown,train,uniform,17408,13824,512,8.771306036716068,images/s5360e6_017408_013824.jpg,context/s5360e6_017408_013824.jpg
s5360e6_f15,s5360e6,6,15,R25-345-17,unknown,2025-11-14HE,unknown,train,uniform,15872,15872,512,2.8500898213532673,images/s5360e6_015872_015872.jpg,context/s5360e6_015872_015872.jpg
s5360e6_f16,s5360e6,6,16,R25-345-17,unknown,2025-11-14HE,unknown,train,uniform,11264,16384,512,2.2192560504040615,images/s5360e6_011264_016384.jpg,context/s5360e6_011264_016384.jpg
s5360e6_f17,s5360e6,6,17,R25-345-17,unknown,2025-11-14HE,unknown,train,repeat,12800,13824,512,2.9908463100963116,images/s5360e6_012800_013824.jpg,context/s5360e6_012800_013824.jpg
s5360e6_f18,s5360e6,6,18,R25-345-17,unknown,2025-11-14HE,unknown,train,repeat,20992,14336,512,1.238329229716375,images/s5360e6_020992_014336.jpg,context/s5360e6_020992_014336.jpg
sb4b2e5_f01,sb4b2e5,7,1,R26-041-12,unknown,P273-2026-02-13_Christina HE,unknown,train,uniform,25088,24064,512,,images/sb4b2e5_025088_024064.jpg,context/sb4b2e5_025088_024064.jpg
sb4b2e5_f02,sb4b2e5,7,2,R26-041-12,unknown,P273-2026-02-13_Christina HE,unknown,train,uniform,13312,13312,512,,images/sb4b2e5_013312_013312.jpg,context/sb4b2e5_013312_013312.jpg
sb4b2e5_f03,sb4b2e5,7,3,R26-041-12,unknown,P273-2026-02-13_Christina HE,unknown,train,uniform,30720,31232,512,,images/sb4b2e5_030720_031232.jpg,context/sb4b2e5_030720_031232.jpg
sb4b2e5_f04,sb4b2e5,7,4,R26-041-12,unknown,P273-2026-02-13_Christina HE,unknown,train,uniform,10240,18944,512,,images/sb4b2e5_010240_018944.jpg,context/sb4b2e5_010240_018944.jpg
sb4b2e5_f05,sb4b2e5,7,5,R26-041-12,unknown,P273-2026-02-13_Christina HE,unknown,train,uniform,34304,18432,512,,images/sb4b2e5_034304_018432.jpg,context/sb4b2e5_034304_018432.jpg
sb4b2e5_f06,sb4b2e5,7,6,R26-041-12,unknown,P273-2026-02-13_Christina HE,unknown,train,uniform,24576,26624,512,,images/sb4b2e5_024576_026624.jpg,context/sb4b2e5_024576_026624.jpg
sb4b2e5_f07,sb4b2e5,7,7,R26-041-12,unknown,P273-2026-02-13_Christina HE,unknown,train,uniform,2560,12800,512,,images/sb4b2e5_002560_012800.jpg,context/sb4b2e5_002560_012800.jpg
sb4b2e5_f08,sb4b2e5,7,8,R26-041-12,unknown,P273-2026-02-13_Christina HE,unknown,train,uniform,14848,2560,512,,images/sb4b2e5_014848_002560.jpg,context/sb4b2e5_014848_002560.jpg
sb4b2e5_f09,sb4b2e5,7,9,R26-041-12,unknown,P273-2026-02-13_Christina HE,unknown,train,uniform,38400,19968,512,,images/sb4b2e5_038400_019968.jpg,context/sb4b2e5_038400_019968.jpg
sb4b2e5_f10,sb4b2e5,7,10,R26-041-12,unknown,P273-2026-02-13_Christina HE,unknown,train,uniform,22528,18944,512,,images/sb4b2e5_022528_018944.jpg,context/sb4b2e5_022528_018944.jpg
sb4b2e5_f11,sb4b2e5,7,11,R26-041-12,unknown,P273-2026-02-13_Christina HE,unknown,train,uniform,10752,11776,512,,images/sb4b2e5_010752_011776.jpg,context/sb4b2e5_010752_011776.jpg
sb4b2e5_f12,sb4b2e5,7,12,R26-041-12,unknown,P273-2026-02-13_Christina HE,unknown,train,uniform,40448,24064,512,,images/sb4b2e5_040448_024064.jpg,context/sb4b2e5_040448_024064.jpg
sb4b2e5_f13,sb4b2e5,7,13,R26-041-12,unknown,P273-2026-02-13_Christina HE,unknown,train,uniform,16384,13824,512,,images/sb4b2e5_016384_013824.jpg,context/sb4b2e5_016384_013824.jpg
sb4b2e5_f14,sb4b2e5,7,14,R26-041-12,unknown,P273-2026-02-13_Christina HE,unknown,train,uniform,27648,17408,512,,images/sb4b2e5_027648_017408.jpg,context/sb4b2e5_027648_017408.jpg
sb4b2e5_f15,sb4b2e5,7,15,R26-041-12,unknown,P273-2026-02-13_Christina HE,unknown,train,uniform,36352,26624,512,,images/sb4b2e5_036352_026624.jpg,context/sb4b2e5_036352_026624.jpg
sb4b2e5_f16,sb4b2e5,7,16,R26-041-12,unknown,P273-2026-02-13_Christina HE,unknown,train,uniform,38400,26624,512,,images/sb4b2e5_038400_026624.jpg,context/sb4b2e5_038400_026624.jpg
sb4b2e5_f17,sb4b2e5,7,17,R26-041-12,unknown,P273-2026-02-13_Christina HE,unknown,train,repeat,38400,19968,512,,images/sb4b2e5_038400_019968.jpg,context/sb4b2e5_038400_019968.jpg
sb4b2e5_f18,sb4b2e5,7,18,R26-041-12,unknown,P273-2026-02-13_Christina HE,unknown,train,repeat,13312,13312,512,,images/sb4b2e5_013312_013312.jpg,context/sb4b2e5_013312_013312.jpg
s2e8cbe_f01,s2e8cbe,8,1,R25-264-33,MASH,2025-08-25HE,unknown,train,uniform,13824,7168,512,1.5574276129094229,images/s2e8cbe_013824_007168.jpg,context/s2e8cbe_013824_007168.jpg
s2e8cbe_f02,s2e8cbe,8,2,R25-264-33,MASH,2025-08-25HE,unknown,train,uniform,17408,19968,512,-1.3819691704065928,images/s2e8cbe_017408_019968.jpg,context/s2e8cbe_017408_019968.jpg
s2e8cbe_f03,s2e8cbe,8,3,R25-264-33,MASH,2025-08-25HE,unknown,train,uniform,31232,18432,512,2.941331226762733,images/s2e8cbe_031232_018432.jpg,context/s2e8cbe_031232_018432.jpg
s2e8cbe_f04,s2e8cbe,8,4,R25-264-33,MASH,2025-08-25HE,unknown,train,uniform,14336,15872,512,1.451190309916302,images/s2e8cbe_014336_015872.jpg,context/s2e8cbe_014336_015872.jpg
s2e8cbe_f05,s2e8cbe,8,5,R25-264-33,MASH,2025-08-25HE,unknown,train,uniform,30720,7168,512,2.1219424421669895,images/s2e8cbe_030720_007168.jpg,context/s2e8cbe_030720_007168.jpg
s2e8cbe_f06,s2e8cbe,8,6,R25-264-33,MASH,2025-08-25HE,unknown,train,uniform,26112,17920,512,2.108040950917146,images/s2e8cbe_026112_017920.jpg,context/s2e8cbe_026112_017920.jpg
s2e8cbe_f07,s2e8cbe,8,7,R25-264-33,MASH,2025-08-25HE,unknown,train,uniform,10752,18944,512,0.3597364615363406,images/s2e8cbe_010752_018944.jpg,context/s2e8cbe_010752_018944.jpg
s2e8cbe_f08,s2e8cbe,8,8,R25-264-33,MASH,2025-08-25HE,unknown,train,uniform,18944,19456,512,2.112185868372932,images/s2e8cbe_018944_019456.jpg,context/s2e8cbe_018944_019456.jpg
s2e8cbe_f09,s2e8cbe,8,9,R25-264-33,MASH,2025-08-25HE,unknown,train,uniform,20992,7168,512,,images/s2e8cbe_020992_007168.jpg,context/s2e8cbe_020992_007168.jpg
s2e8cbe_f10,s2e8cbe,8,10,R25-264-33,MASH,2025-08-25HE,unknown,train,uniform,24064,7168,512,1.5671447600364834,images/s2e8cbe_024064_007168.jpg,context/s2e8cbe_024064_007168.jpg
s2e8cbe_f11,s2e8cbe,8,11,R25-264-33,MASH,2025-08-25HE,unknown,train,uniform,20480,15360,512,1.3418691897158457,images/s2e8cbe_020480_015360.jpg,context/s2e8cbe_020480_015360.jpg
s2e8cbe_f12,s2e8cbe,8,12,R25-264-33,MASH,2025-08-25HE,unknown,train,uniform,18432,7168,512,2.2960501535392384,images/s2e8cbe_018432_007168.jpg,context/s2e8cbe_018432_007168.jpg
s2e8cbe_f13,s2e8cbe,8,13,R25-264-33,MASH,2025-08-25HE,unknown,train,uniform,28672,7680,512,4.100916798067731,images/s2e8cbe_028672_007680.jpg,context/s2e8cbe_028672_007680.jpg
s2e8cbe_f14,s2e8cbe,8,14,R25-264-33,MASH,2025-08-25HE,unknown,train,uniform,13312,15360,512,-1.0194046418320672,images/s2e8cbe_013312_015360.jpg,context/s2e8cbe_013312_015360.jpg
s2e8cbe_f15,s2e8cbe,8,15,R25-264-33,MASH,2025-08-25HE,unknown,train,uniform,18944,17408,512,4.802101441013085,images/s2e8cbe_018944_017408.jpg,context/s2e8cbe_018944_017408.jpg
s2e8cbe_f16,s2e8cbe,8,16,R25-264-33,MASH,2025-08-25HE,unknown,train,uniform,25600,7680,512,3.713976842501284,images/s2e8cbe_025600_007680.jpg,context/s2e8cbe_025600_007680.jpg
s2e8cbe_f17,s2e8cbe,8,17,R25-264-33,MASH,2025-08-25HE,unknown,train,repeat,31232,18432,512,2.941331226762733,images/s2e8cbe_031232_018432.jpg,context/s2e8cbe_031232_018432.jpg
s2e8cbe_f18,s2e8cbe,8,18,R25-264-33,MASH,2025-08-25HE,unknown,train,repeat,14336,15872,512,1.451190309916302,images/s2e8cbe_014336_015872.jpg,context/s2e8cbe_014336_015872.jpg
s5bca16_f01,s5bca16,9,1,R26-122-22_HE_106,CCl4,2026-04-20_CCl4_HE,unknown,train,uniform,6144,18432,512,5.815169063914909,images/s5bca16_006144_018432.jpg,context/s5bca16_006144_018432.jpg
s5bca16_f02,s5bca16,9,2,R26-122-22_HE_106,CCl4,2026-04-20_CCl4_HE,unknown,train,uniform,24064,17920,512,3.79161245597523,images/s5bca16_024064_017920.jpg,context/s5bca16_024064_017920.jpg
s5bca16_f03,s5bca16,9,3,R26-122-22_HE_106,CCl4,2026-04-20_CCl4_HE,unknown,train,uniform,14848,17920,512,1.2343183088548653,images/s5bca16_014848_017920.jpg,context/s5bca16_014848_017920.jpg
s5bca16_f04,s5bca16,9,4,R26-122-22_HE_106,CCl4,2026-04-20_CCl4_HE,unknown,train,uniform,26112,18432,512,2.269770241010176,images/s5bca16_026112_018432.jpg,context/s5bca16_026112_018432.jpg
s5bca16_f05,s5bca16,9,5,R26-122-22_HE_106,CCl4,2026-04-20_CCl4_HE,unknown,train,uniform,16384,11776,512,1.8624044222534464,images/s5bca16_016384_011776.jpg,context/s5bca16_016384_011776.jpg
s5bca16_f06,s5bca16,9,6,R26-122-22_HE_106,CCl4,2026-04-20_CCl4_HE,unknown,train,uniform,15360,11264,512,2.7195136888376235,images/s5bca16_015360_011264.jpg,context/s5bca16_015360_011264.jpg
s5bca16_f07,s5bca16,9,7,R26-122-22_HE_106,CCl4,2026-04-20_CCl4_HE,unknown,train,uniform,10752,18432,512,4.3799342435363995,images/s5bca16_010752_018432.jpg,context/s5bca16_010752_018432.jpg
s5bca16_f08,s5bca16,9,8,R26-122-22_HE_106,CCl4,2026-04-20_CCl4_HE,unknown,train,uniform,16896,17920,512,1.22995520796094,images/s5bca16_016896_017920.jpg,context/s5bca16_016896_017920.jpg
s5bca16_f09,s5bca16,9,9,R26-122-22_HE_106,CCl4,2026-04-20_CCl4_HE,unknown,train,uniform,9216,11776,512,3.875029031242709,images/s5bca16_009216_011776.jpg,context/s5bca16_009216_011776.jpg
s5bca16_f10,s5bca16,9,10,R26-122-22_HE_106,CCl4,2026-04-20_CCl4_HE,unknown,train,uniform,9216,18432,512,,images/s5bca16_009216_018432.jpg,context/s5bca16_009216_018432.jpg
s5bca16_f11,s5bca16,9,11,R26-122-22_HE_106,CCl4,2026-04-20_CCl4_HE,unknown,train,uniform,22528,18432,512,5.671243362319234,images/s5bca16_022528_018432.jpg,context/s5bca16_022528_018432.jpg
s5bca16_f12,s5bca16,9,12,R26-122-22_HE_106,CCl4,2026-04-20_CCl4_HE,unknown,train,uniform,8704,17920,512,5.355269525560652,images/s5bca16_008704_017920.jpg,context/s5bca16_008704_017920.jpg
s5bca16_f13,s5bca16,9,13,R26-122-22_HE_106,CCl4,2026-04-20_CCl4_HE,unknown,train,uniform,25600,17920,512,1.2110113839111802,images/s5bca16_025600_017920.jpg,context/s5bca16_025600_017920.jpg
s5bca16_f14,s5bca16,9,14,R26-122-22_HE_106,CCl4,2026-04-20_CCl4_HE,unknown,train,uniform,15872,18944,512,,images/s5bca16_015872_018944.jpg,context/s5bca16_015872_018944.jpg
s5bca16_f15,s5bca16,9,15,R26-122-22_HE_106,CCl4,2026-04-20_CCl4_HE,unknown,train,uniform,10240,17920,512,4.754027178424143,images/s5bca16_010240_017920.jpg,context/s5bca16_010240_017920.jpg
s5bca16_f16,s5bca16,9,16,R26-122-22_HE_106,CCl4,2026-04-20_CCl4_HE,unknown,train,uniform,19968,17920,512,5.200846095373777,images/s5bca16_019968_017920.jpg,context/s5bca16_019968_017920.jpg
s5bca16_f17,s5bca16,9,17,R26-122-22_HE_106,CCl4,2026-04-20_CCl4_HE,unknown,train,repeat,10240,17920,512,4.754027178424143,images/s5bca16_010240_017920.jpg,context/s5bca16_010240_017920.jpg
s5bca16_f18,s5bca16,9,18,R26-122-22_HE_106,CCl4,2026-04-20_CCl4_HE,unknown,train,repeat,15360,11264,512,2.7195136888376235,images/s5bca16_015360_011264.jpg,context/s5bca16_015360_011264.jpg
sa1ae5e_f01,sa1ae5e,10,1,R22-354_3_WT-CHOW3,ACLY656,2025-03-28_Celina 656D H&E,chow,train,uniform,24576,14848,512,,images/sa1ae5e_024576_014848.jpg,context/sa1ae5e_024576_014848.jpg
sa1ae5e_f02,sa1ae5e,10,2,R22-354_3_WT-CHOW3,ACLY656,2025-03-28_Celina 656D H&E,chow,train,uniform,20480,18944,512,,images/sa1ae5e_020480_018944.jpg,context/sa1ae5e_020480_018944.jpg
sa1ae5e_f03,sa1ae5e,10,3,R22-354_3_WT-CHOW3,ACLY656,2025-03-28_Celina 656D H&E,chow,train,uniform,11264,14848,512,,images/sa1ae5e_011264_014848.jpg,context/sa1ae5e_011264_014848.jpg
sa1ae5e_f04,sa1ae5e,10,4,R22-354_3_WT-CHOW3,ACLY656,2025-03-28_Celina 656D H&E,chow,train,uniform,5120,7168,512,,images/sa1ae5e_005120_007168.jpg,context/sa1ae5e_005120_007168.jpg
sa1ae5e_f05,sa1ae5e,10,5,R22-354_3_WT-CHOW3,ACLY656,2025-03-28_Celina 656D H&E,chow,train,uniform,23040,15872,512,,images/sa1ae5e_023040_015872.jpg,context/sa1ae5e_023040_015872.jpg
sa1ae5e_f06,sa1ae5e,10,6,R22-354_3_WT-CHOW3,ACLY656,2025-03-28_Celina 656D H&E,chow,train,uniform,6656,10240,512,,images/sa1ae5e_006656_010240.jpg,context/sa1ae5e_006656_010240.jpg
sa1ae5e_f07,sa1ae5e,10,7,R22-354_3_WT-CHOW3,ACLY656,2025-03-28_Celina 656D H&E,chow,train,uniform,8704,17920,512,,images/sa1ae5e_008704_017920.jpg,context/sa1ae5e_008704_017920.jpg
sa1ae5e_f08,sa1ae5e,10,8,R22-354_3_WT-CHOW3,ACLY656,2025-03-28_Celina 656D H&E,chow,train,uniform,13312,16896,512,,images/sa1ae5e_013312_016896.jpg,context/sa1ae5e_013312_016896.jpg
sa1ae5e_f09,sa1ae5e,10,9,R22-354_3_WT-CHOW3,ACLY656,2025-03-28_Celina 656D H&E,chow,train,uniform,12800,15872,512,,images/sa1ae5e_012800_015872.jpg,context/sa1ae5e_012800_015872.jpg
sa1ae5e_f10,sa1ae5e,10,10,R22-354_3_WT-CHOW3,ACLY656,2025-03-28_Celina 656D H&E,chow,train,uniform,8192,12800,512,,images/sa1ae5e_008192_012800.jpg,context/sa1ae5e_008192_012800.jpg
sa1ae5e_f11,sa1ae5e,10,11,R22-354_3_WT-CHOW3,ACLY656,2025-03-28_Celina 656D H&E,chow,train,uniform,5632,5120,512,,images/sa1ae5e_005632_005120.jpg,context/sa1ae5e_005632_005120.jpg
sa1ae5e_f12,sa1ae5e,10,12,R22-354_3_WT-CHOW3,ACLY656,2025-03-28_Celina 656D H&E,chow,train,uniform,12800,11776,512,,images/sa1ae5e_012800_011776.jpg,context/sa1ae5e_012800_011776.jpg
sa1ae5e_f13,sa1ae5e,10,13,R22-354_3_WT-CHOW3,ACLY656,2025-03-28_Celina 656D H&E,chow,train,uniform,25600,10752,512,,images/sa1ae5e_025600_010752.jpg,context/sa1ae5e_025600_010752.jpg
sa1ae5e_f14,sa1ae5e,10,14,R22-354_3_WT-CHOW3,ACLY656,2025-03-28_Celina 656D H&E,chow,train,uniform,10752,21504,512,,images/sa1ae5e_010752_021504.jpg,context/sa1ae5e_010752_021504.jpg
sa1ae5e_f15,sa1ae5e,10,15,R22-354_3_WT-CHOW3,ACLY656,2025-03-28_Celina 656D H&E,chow,train,uniform,22528,18432,512,,images/sa1ae5e_022528_018432.jpg,context/sa1ae5e_022528_018432.jpg
sa1ae5e_f16,sa1ae5e,10,16,R22-354_3_WT-CHOW3,ACLY656,2025-03-28_Celina 656D H&E,chow,train,uniform,24576,12800,512,,images/sa1ae5e_024576_012800.jpg,context/sa1ae5e_024576_012800.jpg
sa1ae5e_f17,sa1ae5e,10,17,R22-354_3_WT-CHOW3,ACLY656,2025-03-28_Celina 656D H&E,chow,train,repeat,8192,12800,512,,images/sa1ae5e_008192_012800.jpg,context/sa1ae5e_008192_012800.jpg
sa1ae5e_f18,sa1ae5e,10,18,R22-354_3_WT-CHOW3,ACLY656,2025-03-28_Celina 656D H&E,chow,train,repeat,5632,5120,512,,images/sa1ae5e_005632_005120.jpg,context/sa1ae5e_005632_005120.jpg
s40f5a8_f01,s40f5a8,11,1,R25-079_5_HE,unknown,2025-03-07_Jaya HE,unknown,train,uniform,34816,32256,512,,images/s40f5a8_034816_032256.jpg,context/s40f5a8_034816_032256.jpg
s40f5a8_f02,s40f5a8,11,2,R25-079_5_HE,unknown,2025-03-07_Jaya HE,unknown,train,uniform,12800,24064,512,,images/s40f5a8_012800_024064.jpg,context/s40f5a8_012800_024064.jpg
s40f5a8_f03,s40f5a8,11,3,R25-079_5_HE,unknown,2025-03-07_Jaya HE,unknown,train,uniform,28160,15360,512,,images/s40f5a8_028160_015360.jpg,context/s40f5a8_028160_015360.jpg
s40f5a8_f04,s40f5a8,11,4,R25-079_5_HE,unknown,2025-03-07_Jaya HE,unknown,train,uniform,46592,18432,512,,images/s40f5a8_046592_018432.jpg,context/s40f5a8_046592_018432.jpg
s40f5a8_f05,s40f5a8,11,5,R25-079_5_HE,unknown,2025-03-07_Jaya HE,unknown,train,uniform,13824,3584,512,,images/s40f5a8_013824_003584.jpg,context/s40f5a8_013824_003584.jpg
s40f5a8_f06,s40f5a8,11,6,R25-079_5_HE,unknown,2025-03-07_Jaya HE,unknown,train,uniform,22528,29184,512,,images/s40f5a8_022528_029184.jpg,context/s40f5a8_022528_029184.jpg
s40f5a8_f07,s40f5a8,11,7,R25-079_5_HE,unknown,2025-03-07_Jaya HE,unknown,train,uniform,29184,5120,512,,images/s40f5a8_029184_005120.jpg,context/s40f5a8_029184_005120.jpg
s40f5a8_f08,s40f5a8,11,8,R25-079_5_HE,unknown,2025-03-07_Jaya HE,unknown,train,uniform,4096,14336,512,,images/s40f5a8_004096_014336.jpg,context/s40f5a8_004096_014336.jpg
s40f5a8_f09,s40f5a8,11,9,R25-079_5_HE,unknown,2025-03-07_Jaya HE,unknown,train,uniform,32768,6656,512,,images/s40f5a8_032768_006656.jpg,context/s40f5a8_032768_006656.jpg
s40f5a8_f10,s40f5a8,11,10,R25-079_5_HE,unknown,2025-03-07_Jaya HE,unknown,train,uniform,37376,31232,512,,images/s40f5a8_037376_031232.jpg,context/s40f5a8_037376_031232.jpg
s40f5a8_f11,s40f5a8,11,11,R25-079_5_HE,unknown,2025-03-07_Jaya HE,unknown,train,uniform,32768,24064,512,,images/s40f5a8_032768_024064.jpg,context/s40f5a8_032768_024064.jpg
s40f5a8_f12,s40f5a8,11,12,R25-079_5_HE,unknown,2025-03-07_Jaya HE,unknown,train,uniform,17408,23552,512,,images/s40f5a8_017408_023552.jpg,context/s40f5a8_017408_023552.jpg
s40f5a8_f13,s40f5a8,11,13,R25-079_5_HE,unknown,2025-03-07_Jaya HE,unknown,train,uniform,15872,20992,512,,images/s40f5a8_015872_020992.jpg,context/s40f5a8_015872_020992.jpg
s40f5a8_f14,s40f5a8,11,14,R25-079_5_HE,unknown,2025-03-07_Jaya HE,unknown,train,uniform,24576,27136,512,,images/s40f5a8_024576_027136.jpg,context/s40f5a8_024576_027136.jpg
s40f5a8_f15,s40f5a8,11,15,R25-079_5_HE,unknown,2025-03-07_Jaya HE,unknown,train,uniform,27648,10240,512,,images/s40f5a8_027648_010240.jpg,context/s40f5a8_027648_010240.jpg
s40f5a8_f16,s40f5a8,11,16,R25-079_5_HE,unknown,2025-03-07_Jaya HE,unknown,train,uniform,13824,25088,512,,images/s40f5a8_013824_025088.jpg,context/s40f5a8_013824_025088.jpg
s40f5a8_f17,s40f5a8,11,17,R25-079_5_HE,unknown,2025-03-07_Jaya HE,unknown,train,repeat,13824,3584,512,,images/s40f5a8_013824_003584.jpg,context/s40f5a8_013824_003584.jpg
s40f5a8_f18,s40f5a8,11,18,R25-079_5_HE,unknown,2025-03-07_Jaya HE,unknown,train,repeat,37376,31232,512,,images/s40f5a8_037376_031232.jpg,context/s40f5a8_037376_031232.jpg
s5c5cdf_f01,s5c5cdf,12,1,R25-151_11_HE,unknown,2025-04-29HE,unknown,train,uniform,11776,16896,512,,images/s5c5cdf_011776_016896.jpg,context/s5c5cdf_011776_016896.jpg
s5c5cdf_f02,s5c5cdf,12,2,R25-151_11_HE,unknown,2025-04-29HE,unknown,train,uniform,18944,11264,512,,images/s5c5cdf_018944_011264.jpg,context/s5c5cdf_018944_011264.jpg
s5c5cdf_f03,s5c5cdf,12,3,R25-151_11_HE,unknown,2025-04-29HE,unknown,train,uniform,19456,14848,512,,images/s5c5cdf_019456_014848.jpg,context/s5c5cdf_019456_014848.jpg
s5c5cdf_f04,s5c5cdf,12,4,R25-151_11_HE,unknown,2025-04-29HE,unknown,train,uniform,13824,7680,512,,images/s5c5cdf_013824_007680.jpg,context/s5c5cdf_013824_007680.jpg
s5c5cdf_f05,s5c5cdf,12,5,R25-151_11_HE,unknown,2025-04-29HE,unknown,train,uniform,14336,18432,512,,images/s5c5cdf_014336_018432.jpg,context/s5c5cdf_014336_018432.jpg
s5c5cdf_f06,s5c5cdf,12,6,R25-151_11_HE,unknown,2025-04-29HE,unknown,train,uniform,17920,4608,512,,images/s5c5cdf_017920_004608.jpg,context/s5c5cdf_017920_004608.jpg
s5c5cdf_f07,s5c5cdf,12,7,R25-151_11_HE,unknown,2025-04-29HE,unknown,train,uniform,24576,9728,512,,images/s5c5cdf_024576_009728.jpg,context/s5c5cdf_024576_009728.jpg
s5c5cdf_f08,s5c5cdf,12,8,R25-151_11_HE,unknown,2025-04-29HE,unknown,train,uniform,14336,3072,512,,images/s5c5cdf_014336_003072.jpg,context/s5c5cdf_014336_003072.jpg
s5c5cdf_f09,s5c5cdf,12,9,R25-151_11_HE,unknown,2025-04-29HE,unknown,train,uniform,13312,5632,512,,images/s5c5cdf_013312_005632.jpg,context/s5c5cdf_013312_005632.jpg
s5c5cdf_f10,s5c5cdf,12,10,R25-151_11_HE,unknown,2025-04-29HE,unknown,train,uniform,20480,5632,512,,images/s5c5cdf_020480_005632.jpg,context/s5c5cdf_020480_005632.jpg
s5c5cdf_f11,s5c5cdf,12,11,R25-151_11_HE,unknown,2025-04-29HE,unknown,train,uniform,17920,8704,512,,images/s5c5cdf_017920_008704.jpg,context/s5c5cdf_017920_008704.jpg
s5c5cdf_f12,s5c5cdf,12,12,R25-151_11_HE,unknown,2025-04-29HE,unknown,train,uniform,19968,7168,512,,images/s5c5cdf_019968_007168.jpg,context/s5c5cdf_019968_007168.jpg
s5c5cdf_f13,s5c5cdf,12,13,R25-151_11_HE,unknown,2025-04-29HE,unknown,train,uniform,18432,17920,512,,images/s5c5cdf_018432_017920.jpg,context/s5c5cdf_018432_017920.jpg
s5c5cdf_f14,s5c5cdf,12,14,R25-151_11_HE,unknown,2025-04-29HE,unknown,train,uniform,23552,10752,512,,images/s5c5cdf_023552_010752.jpg,context/s5c5cdf_023552_010752.jpg
s5c5cdf_f15,s5c5cdf,12,15,R25-151_11_HE,unknown,2025-04-29HE,unknown,train,uniform,9728,9728,512,,images/s5c5cdf_009728_009728.jpg,context/s5c5cdf_009728_009728.jpg
s5c5cdf_f16,s5c5cdf,12,16,R25-151_11_HE,unknown,2025-04-29HE,unknown,train,uniform,7168,9216,512,,images/s5c5cdf_007168_009216.jpg,context/s5c5cdf_007168_009216.jpg
s5c5cdf_f17,s5c5cdf,12,17,R25-151_11_HE,unknown,2025-04-29HE,unknown,train,repeat,17920,4608,512,,images/s5c5cdf_017920_004608.jpg,context/s5c5cdf_017920_004608.jpg
s5c5cdf_f18,s5c5cdf,12,18,R25-151_11_HE,unknown,2025-04-29HE,unknown,train,repeat,19968,7168,512,,images/s5c5cdf_019968_007168.jpg,context/s5c5cdf_019968_007168.jpg
sb0af2e_f01,sb0af2e,13,1,R25-223-11_HE,unknown,2025-07-09_Evelyn_HE,unknown,train,uniform,10240,7168,512,,images/sb0af2e_010240_007168.jpg,context/sb0af2e_010240_007168.jpg
sb0af2e_f02,sb0af2e,13,2,R25-223-11_HE,unknown,2025-07-09_Evelyn_HE,unknown,train,uniform,29696,5632,512,,images/sb0af2e_029696_005632.jpg,context/sb0af2e_029696_005632.jpg
sb0af2e_f03,sb0af2e,13,3,R25-223-11_HE,unknown,2025-07-09_Evelyn_HE,unknown,train,uniform,29696,14848,512,,images/sb0af2e_029696_014848.jpg,context/sb0af2e_029696_014848.jpg
sb0af2e_f04,sb0af2e,13,4,R25-223-11_HE,unknown,2025-07-09_Evelyn_HE,unknown,train,uniform,24064,11776,512,,images/sb0af2e_024064_011776.jpg,context/sb0af2e_024064_011776.jpg
sb0af2e_f05,sb0af2e,13,5,R25-223-11_HE,unknown,2025-07-09_Evelyn_HE,unknown,train,uniform,8704,2560,512,,images/sb0af2e_008704_002560.jpg,context/sb0af2e_008704_002560.jpg
sb0af2e_f06,sb0af2e,13,6,R25-223-11_HE,unknown,2025-07-09_Evelyn_HE,unknown,train,uniform,28160,23040,512,,images/sb0af2e_028160_023040.jpg,context/sb0af2e_028160_023040.jpg
sb0af2e_f07,sb0af2e,13,7,R25-223-11_HE,unknown,2025-07-09_Evelyn_HE,unknown,train,uniform,15360,9728,512,,images/sb0af2e_015360_009728.jpg,context/sb0af2e_015360_009728.jpg
sb0af2e_f08,sb0af2e,13,8,R25-223-11_HE,unknown,2025-07-09_Evelyn_HE,unknown,train,uniform,17408,8704,512,,images/sb0af2e_017408_008704.jpg,context/sb0af2e_017408_008704.jpg
sb0af2e_f09,sb0af2e,13,9,R25-223-11_HE,unknown,2025-07-09_Evelyn_HE,unknown,train,uniform,27136,6656,512,,images/sb0af2e_027136_006656.jpg,context/sb0af2e_027136_006656.jpg
sb0af2e_f10,sb0af2e,13,10,R25-223-11_HE,unknown,2025-07-09_Evelyn_HE,unknown,train,uniform,29184,21504,512,,images/sb0af2e_029184_021504.jpg,context/sb0af2e_029184_021504.jpg
sb0af2e_f11,sb0af2e,13,11,R25-223-11_HE,unknown,2025-07-09_Evelyn_HE,unknown,train,uniform,14336,10240,512,,images/sb0af2e_014336_010240.jpg,context/sb0af2e_014336_010240.jpg
sb0af2e_f12,sb0af2e,13,12,R25-223-11_HE,unknown,2025-07-09_Evelyn_HE,unknown,train,uniform,37376,21504,512,,images/sb0af2e_037376_021504.jpg,context/sb0af2e_037376_021504.jpg
sb0af2e_f13,sb0af2e,13,13,R25-223-11_HE,unknown,2025-07-09_Evelyn_HE,unknown,train,uniform,31232,23040,512,,images/sb0af2e_031232_023040.jpg,context/sb0af2e_031232_023040.jpg
sb0af2e_f14,sb0af2e,13,14,R25-223-11_HE,unknown,2025-07-09_Evelyn_HE,unknown,train,uniform,27648,5632,512,,images/sb0af2e_027648_005632.jpg,context/sb0af2e_027648_005632.jpg
sb0af2e_f15,sb0af2e,13,15,R25-223-11_HE,unknown,2025-07-09_Evelyn_HE,unknown,train,uniform,30208,27648,512,,images/sb0af2e_030208_027648.jpg,context/sb0af2e_030208_027648.jpg
sb0af2e_f16,sb0af2e,13,16,R25-223-11_HE,unknown,2025-07-09_Evelyn_HE,unknown,train,uniform,3584,17920,512,,images/sb0af2e_003584_017920.jpg,context/sb0af2e_003584_017920.jpg
sb0af2e_f17,sb0af2e,13,17,R25-223-11_HE,unknown,2025-07-09_Evelyn_HE,unknown,train,repeat,37376,21504,512,,images/sb0af2e_037376_021504.jpg,context/sb0af2e_037376_021504.jpg
sb0af2e_f18,sb0af2e,13,18,R25-223-11_HE,unknown,2025-07-09_Evelyn_HE,unknown,train,repeat,27648,5632,512,,images/sb0af2e_027648_005632.jpg,context/sb0af2e_027648_005632.jpg
s69fafc_f01,s69fafc,14,1,R22--063-8_HE,unknown,2025-09-24HE,unknown,train,uniform,13824,8192,512,,images/s69fafc_013824_008192.jpg,context/s69fafc_013824_008192.jpg
s69fafc_f02,s69fafc,14,2,R22--063-8_HE,unknown,2025-09-24HE,unknown,train,uniform,10752,8192,512,,images/s69fafc_010752_008192.jpg,context/s69fafc_010752_008192.jpg
s69fafc_f03,s69fafc,14,3,R22--063-8_HE,unknown,2025-09-24HE,unknown,train,uniform,16384,14848,512,,images/s69fafc_016384_014848.jpg,context/s69fafc_016384_014848.jpg
s69fafc_f04,s69fafc,14,4,R22--063-8_HE,unknown,2025-09-24HE,unknown,train,uniform,19456,22528,512,,images/s69fafc_019456_022528.jpg,context/s69fafc_019456_022528.jpg
s69fafc_f05,s69fafc,14,5,R22--063-8_HE,unknown,2025-09-24HE,unknown,train,uniform,13312,18944,512,,images/s69fafc_013312_018944.jpg,context/s69fafc_013312_018944.jpg
s69fafc_f06,s69fafc,14,6,R22--063-8_HE,unknown,2025-09-24HE,unknown,train,uniform,32256,15872,512,,images/s69fafc_032256_015872.jpg,context/s69fafc_032256_015872.jpg
s69fafc_f07,s69fafc,14,7,R22--063-8_HE,unknown,2025-09-24HE,unknown,train,uniform,13312,26624,512,,images/s69fafc_013312_026624.jpg,context/s69fafc_013312_026624.jpg
s69fafc_f08,s69fafc,14,8,R22--063-8_HE,unknown,2025-09-24HE,unknown,train,uniform,9728,4608,512,,images/s69fafc_009728_004608.jpg,context/s69fafc_009728_004608.jpg
s69fafc_f09,s69fafc,14,9,R22--063-8_HE,unknown,2025-09-24HE,unknown,train,uniform,19456,3584,512,,images/s69fafc_019456_003584.jpg,context/s69fafc_019456_003584.jpg
s69fafc_f10,s69fafc,14,10,R22--063-8_HE,unknown,2025-09-24HE,unknown,train,uniform,32768,14848,512,,images/s69fafc_032768_014848.jpg,context/s69fafc_032768_014848.jpg
s69fafc_f11,s69fafc,14,11,R22--063-8_HE,unknown,2025-09-24HE,unknown,train,uniform,16384,23040,512,,images/s69fafc_016384_023040.jpg,context/s69fafc_016384_023040.jpg
s69fafc_f12,s69fafc,14,12,R22--063-8_HE,unknown,2025-09-24HE,unknown,train,uniform,30208,8192,512,,images/s69fafc_030208_008192.jpg,context/s69fafc_030208_008192.jpg
s69fafc_f13,s69fafc,14,13,R22--063-8_HE,unknown,2025-09-24HE,unknown,train,uniform,20992,7168,512,,images/s69fafc_020992_007168.jpg,context/s69fafc_020992_007168.jpg
s69fafc_f14,s69fafc,14,14,R22--063-8_HE,unknown,2025-09-24HE,unknown,train,uniform,17408,10240,512,,images/s69fafc_017408_010240.jpg,context/s69fafc_017408_010240.jpg
s69fafc_f15,s69fafc,14,15,R22--063-8_HE,unknown,2025-09-24HE,unknown,train,uniform,8192,18432,512,,images/s69fafc_008192_018432.jpg,context/s69fafc_008192_018432.jpg
s69fafc_f16,s69fafc,14,16,R22--063-8_HE,unknown,2025-09-24HE,unknown,train,uniform,22528,4608,512,,images/s69fafc_022528_004608.jpg,context/s69fafc_022528_004608.jpg
s69fafc_f17,s69fafc,14,17,R22--063-8_HE,unknown,2025-09-24HE,unknown,train,repeat,16384,23040,512,,images/s69fafc_016384_023040.jpg,context/s69fafc_016384_023040.jpg
s69fafc_f18,s69fafc,14,18,R22--063-8_HE,unknown,2025-09-24HE,unknown,train,repeat,22528,4608,512,,images/s69fafc_022528_004608.jpg,context/s69fafc_022528_004608.jpg
se8d65b_f01,se8d65b,15,1,R25-345-20,unknown,2025-11-14HE,unknown,train,uniform,24576,22016,512,3.1613757954735213,images/se8d65b_024576_022016.jpg,context/se8d65b_024576_022016.jpg
se8d65b_f02,se8d65b,15,2,R25-345-20,unknown,2025-11-14HE,unknown,train,uniform,8192,23040,512,1.0900337793506505,images/se8d65b_008192_023040.jpg,context/se8d65b_008192_023040.jpg
se8d65b_f03,se8d65b,15,3,R25-345-20,unknown,2025-11-14HE,unknown,train,uniform,18432,24064,512,3.82347519741427,images/se8d65b_018432_024064.jpg,context/se8d65b_018432_024064.jpg
se8d65b_f04,se8d65b,15,4,R25-345-20,unknown,2025-11-14HE,unknown,train,uniform,12800,23552,512,3.0487456743514154,images/se8d65b_012800_023552.jpg,context/se8d65b_012800_023552.jpg
se8d65b_f05,se8d65b,15,5,R25-345-20,unknown,2025-11-14HE,unknown,train,uniform,28672,22528,512,3.0234719426333307,images/se8d65b_028672_022528.jpg,context/se8d65b_028672_022528.jpg
se8d65b_f06,se8d65b,15,6,R25-345-20,unknown,2025-11-14HE,unknown,train,uniform,15360,23552,512,2.0209394421446394,images/se8d65b_015360_023552.jpg,context/se8d65b_015360_023552.jpg
se8d65b_f07,se8d65b,15,7,R25-345-20,unknown,2025-11-14HE,unknown,train,uniform,18944,21504,512,4.076551087278625,images/se8d65b_018944_021504.jpg,context/se8d65b_018944_021504.jpg
se8d65b_f08,se8d65b,15,8,R25-345-20,unknown,2025-11-14HE,unknown,train,uniform,23040,22016,512,1.1311821934857649,images/se8d65b_023040_022016.jpg,context/se8d65b_023040_022016.jpg
se8d65b_f09,se8d65b,15,9,R25-345-20,unknown,2025-11-14HE,unknown,train,uniform,17408,23552,512,-1.0980320420988168,images/se8d65b_017408_023552.jpg,context/se8d65b_017408_023552.jpg
se8d65b_f10,se8d65b,15,10,R25-345-20,unknown,2025-11-14HE,unknown,train,uniform,20992,22016,512,-1.4611588089938037,images/se8d65b_020992_022016.jpg,context/se8d65b_020992_022016.jpg
se8d65b_f11,se8d65b,15,11,R25-345-20,unknown,2025-11-14HE,unknown,train,uniform,5632,23552,512,2.6180480430606705,images/se8d65b_005632_023552.jpg,context/se8d65b_005632_023552.jpg
se8d65b_f12,se8d65b,15,12,R25-345-20,unknown,2025-11-14HE,unknown,train,uniform,26624,21504,512,2.5117025781299485,images/se8d65b_026624_021504.jpg,context/se8d65b_026624_021504.jpg
se8d65b_f13,se8d65b,15,13,R25-345-20,unknown,2025-11-14HE,unknown,train,uniform,4608,22016,512,2.923164706972789,images/se8d65b_004608_022016.jpg,context/se8d65b_004608_022016.jpg
se8d65b_f14,se8d65b,15,14,R25-345-20,unknown,2025-11-14HE,unknown,train,uniform,7680,23552,512,3.1968973321897707,images/se8d65b_007680_023552.jpg,context/se8d65b_007680_023552.jpg
se8d65b_f15,se8d65b,15,15,R25-345-20,unknown,2025-11-14HE,unknown,train,uniform,30208,22016,512,3.6630875668532736,images/se8d65b_030208_022016.jpg,context/se8d65b_030208_022016.jpg
se8d65b_f16,se8d65b,15,16,R25-345-20,unknown,2025-11-14HE,unknown,train,uniform,11264,21504,512,2.3689800390610425,images/se8d65b_011264_021504.jpg,context/se8d65b_011264_021504.jpg
se8d65b_f17,se8d65b,15,17,R25-345-20,unknown,2025-11-14HE,unknown,train,repeat,26624,21504,512,2.5117025781299485,images/se8d65b_026624_021504.jpg,context/se8d65b_026624_021504.jpg
se8d65b_f18,se8d65b,15,18,R25-345-20,unknown,2025-11-14HE,unknown,train,repeat,30208,22016,512,3.6630875668532736,images/se8d65b_030208_022016.jpg,context/se8d65b_030208_022016.jpg
s09cc47_f01,s09cc47,16,1,R26-041-30,unknown,P273-2026-02-13_Christina HE,unknown,train,uniform,13312,4608,512,,images/s09cc47_013312_004608.jpg,context/s09cc47_013312_004608.jpg
s09cc47_f02,s09cc47,16,2,R26-041-30,unknown,P273-2026-02-13_Christina HE,unknown,train,uniform,28672,7680,512,,images/s09cc47_028672_007680.jpg,context/s09cc47_028672_007680.jpg
s09cc47_f03,s09cc47,16,3,R26-041-30,unknown,P273-2026-02-13_Christina HE,unknown,train,uniform,28672,28160,512,,images/s09cc47_028672_028160.jpg,context/s09cc47_028672_028160.jpg
s09cc47_f04,s09cc47,16,4,R26-041-30,unknown,P273-2026-02-13_Christina HE,unknown,train,uniform,40960,25600,512,,images/s09cc47_040960_025600.jpg,context/s09cc47_040960_025600.jpg
s09cc47_f05,s09cc47,16,5,R26-041-30,unknown,P273-2026-02-13_Christina HE,unknown,train,uniform,30720,25600,512,,images/s09cc47_030720_025600.jpg,context/s09cc47_030720_025600.jpg
s09cc47_f06,s09cc47,16,6,R26-041-30,unknown,P273-2026-02-13_Christina HE,unknown,train,uniform,26112,28160,512,,images/s09cc47_026112_028160.jpg,context/s09cc47_026112_028160.jpg
s09cc47_f07,s09cc47,16,7,R26-041-30,unknown,P273-2026-02-13_Christina HE,unknown,train,uniform,11776,22528,512,,images/s09cc47_011776_022528.jpg,context/s09cc47_011776_022528.jpg
s09cc47_f08,s09cc47,16,8,R26-041-30,unknown,P273-2026-02-13_Christina HE,unknown,train,uniform,9728,6144,512,,images/s09cc47_009728_006144.jpg,context/s09cc47_009728_006144.jpg
s09cc47_f09,s09cc47,16,9,R26-041-30,unknown,P273-2026-02-13_Christina HE,unknown,train,uniform,19456,22016,512,,images/s09cc47_019456_022016.jpg,context/s09cc47_019456_022016.jpg
s09cc47_f10,s09cc47,16,10,R26-041-30,unknown,P273-2026-02-13_Christina HE,unknown,train,uniform,36864,14848,512,,images/s09cc47_036864_014848.jpg,context/s09cc47_036864_014848.jpg
s09cc47_f11,s09cc47,16,11,R26-041-30,unknown,P273-2026-02-13_Christina HE,unknown,train,uniform,15872,4096,512,,images/s09cc47_015872_004096.jpg,context/s09cc47_015872_004096.jpg
s09cc47_f12,s09cc47,16,12,R26-041-30,unknown,P273-2026-02-13_Christina HE,unknown,train,uniform,23552,22528,512,,images/s09cc47_023552_022528.jpg,context/s09cc47_023552_022528.jpg
s09cc47_f13,s09cc47,16,13,R26-041-30,unknown,P273-2026-02-13_Christina HE,unknown,train,uniform,40960,26624,512,,images/s09cc47_040960_026624.jpg,context/s09cc47_040960_026624.jpg
s09cc47_f14,s09cc47,16,14,R26-041-30,unknown,P273-2026-02-13_Christina HE,unknown,train,uniform,37888,23552,512,,images/s09cc47_037888_023552.jpg,context/s09cc47_037888_023552.jpg
s09cc47_f15,s09cc47,16,15,R26-041-30,unknown,P273-2026-02-13_Christina HE,unknown,train,uniform,3584,13824,512,,images/s09cc47_003584_013824.jpg,context/s09cc47_003584_013824.jpg
s09cc47_f16,s09cc47,16,16,R26-041-30,unknown,P273-2026-02-13_Christina HE,unknown,train,uniform,17920,8704,512,,images/s09cc47_017920_008704.jpg,context/s09cc47_017920_008704.jpg
s09cc47_f17,s09cc47,16,17,R26-041-30,unknown,P273-2026-02-13_Christina HE,unknown,train,repeat,28672,28160,512,,images/s09cc47_028672_028160.jpg,context/s09cc47_028672_028160.jpg
s09cc47_f18,s09cc47,16,18,R26-041-30,unknown,P273-2026-02-13_Christina HE,unknown,train,repeat,40960,26624,512,,images/s09cc47_040960_026624.jpg,context/s09cc47_040960_026624.jpg
scee2e3_f01,scee2e3,17,1,R25-264-31,MASH,2025-08-25HE,unknown,test,uniform,8192,9728,512,1.8135147234258715,images/scee2e3_008192_009728.jpg,context/scee2e3_008192_009728.jpg
scee2e3_f02,scee2e3,17,2,R25-264-31,MASH,2025-08-25HE,unknown,test,uniform,4096,15872,512,3.333728274864625,images/scee2e3_004096_015872.jpg,context/scee2e3_004096_015872.jpg
scee2e3_f03,scee2e3,17,3,R25-264-31,MASH,2025-08-25HE,unknown,test,uniform,9728,15872,512,-0.0099274711837794,images/scee2e3_009728_015872.jpg,context/scee2e3_009728_015872.jpg
scee2e3_f04,scee2e3,17,4,R25-264-31,MASH,2025-08-25HE,unknown,test,uniform,20992,16896,512,5.913192826075789,images/scee2e3_020992_016896.jpg,context/scee2e3_020992_016896.jpg
scee2e3_f05,scee2e3,17,5,R25-264-31,MASH,2025-08-25HE,unknown,test,uniform,14848,16896,512,4.607125903253199,images/scee2e3_014848_016896.jpg,context/scee2e3_014848_016896.jpg
scee2e3_f06,scee2e3,17,6,R25-264-31,MASH,2025-08-25HE,unknown,test,uniform,20992,10240,512,0.9419745745956274,images/scee2e3_020992_010240.jpg,context/scee2e3_020992_010240.jpg
scee2e3_f07,scee2e3,17,7,R25-264-31,MASH,2025-08-25HE,unknown,test,uniform,11264,16896,512,2.781957667039718,images/scee2e3_011264_016896.jpg,context/scee2e3_011264_016896.jpg
scee2e3_f08,scee2e3,17,8,R25-264-31,MASH,2025-08-25HE,unknown,test,uniform,25088,15360,512,0.5958890770117029,images/scee2e3_025088_015360.jpg,context/scee2e3_025088_015360.jpg
scee2e3_f09,scee2e3,17,9,R25-264-31,MASH,2025-08-25HE,unknown,test,uniform,27648,9728,512,1.2201404266926306,images/scee2e3_027648_009728.jpg,context/scee2e3_027648_009728.jpg
scee2e3_f10,scee2e3,17,10,R25-264-31,MASH,2025-08-25HE,unknown,test,uniform,32768,16896,512,,images/scee2e3_032768_016896.jpg,context/scee2e3_032768_016896.jpg
scee2e3_f11,scee2e3,17,11,R25-264-31,MASH,2025-08-25HE,unknown,test,uniform,24064,16896,512,2.838313865606948,images/scee2e3_024064_016896.jpg,context/scee2e3_024064_016896.jpg
scee2e3_f12,scee2e3,17,12,R25-264-31,MASH,2025-08-25HE,unknown,test,uniform,4608,16896,512,3.124195328179361,images/scee2e3_004608_016896.jpg,context/scee2e3_004608_016896.jpg
scee2e3_f13,scee2e3,17,13,R25-264-31,MASH,2025-08-25HE,unknown,test,uniform,18432,10240,512,4.143995885219509,images/scee2e3_018432_010240.jpg,context/scee2e3_018432_010240.jpg
scee2e3_f14,scee2e3,17,14,R25-264-31,MASH,2025-08-25HE,unknown,test,uniform,7168,10240,512,-0.8798837763454943,images/scee2e3_007168_010240.jpg,context/scee2e3_007168_010240.jpg
scee2e3_f15,scee2e3,17,15,R25-264-31,MASH,2025-08-25HE,unknown,test,uniform,20480,9728,512,6.825872085220729,images/scee2e3_020480_009728.jpg,context/scee2e3_020480_009728.jpg
scee2e3_f16,scee2e3,17,16,R25-264-31,MASH,2025-08-25HE,unknown,test,uniform,24576,16384,512,3.7388965623997894,images/scee2e3_024576_016384.jpg,context/scee2e3_024576_016384.jpg
scee2e3_f17,scee2e3,17,17,R25-264-31,MASH,2025-08-25HE,unknown,test,repeat,18432,10240,512,4.143995885219509,images/scee2e3_018432_010240.jpg,context/scee2e3_018432_010240.jpg
scee2e3_f18,scee2e3,17,18,R25-264-31,MASH,2025-08-25HE,unknown,test,repeat,20992,10240,512,0.9419745745956274,images/scee2e3_020992_010240.jpg,context/scee2e3_020992_010240.jpg
s7ed711_f01,s7ed711,18,1,R26-122-21_HE_105,CCl4,2026-04-20_CCl4_HE,unknown,test,uniform,7680,8192,512,,images/s7ed711_007680_008192.jpg,context/s7ed711_007680_008192.jpg
s7ed711_f02,s7ed711,18,2,R26-122-21_HE_105,CCl4,2026-04-20_CCl4_HE,unknown,test,uniform,6144,17920,512,,images/s7ed711_006144_017920.jpg,context/s7ed711_006144_017920.jpg
s7ed711_f03,s7ed711,18,3,R26-122-21_HE_105,CCl4,2026-04-20_CCl4_HE,unknown,test,uniform,23040,16896,512,,images/s7ed711_023040_016896.jpg,context/s7ed711_023040_016896.jpg
s7ed711_f04,s7ed711,18,4,R26-122-21_HE_105,CCl4,2026-04-20_CCl4_HE,unknown,test,uniform,9728,6144,512,,images/s7ed711_009728_006144.jpg,context/s7ed711_009728_006144.jpg
s7ed711_f05,s7ed711,18,5,R26-122-21_HE_105,CCl4,2026-04-20_CCl4_HE,unknown,test,uniform,24064,22528,512,,images/s7ed711_024064_022528.jpg,context/s7ed711_024064_022528.jpg
s7ed711_f06,s7ed711,18,6,R26-122-21_HE_105,CCl4,2026-04-20_CCl4_HE,unknown,test,uniform,20480,13824,512,,images/s7ed711_020480_013824.jpg,context/s7ed711_020480_013824.jpg
s7ed711_f07,s7ed711,18,7,R26-122-21_HE_105,CCl4,2026-04-20_CCl4_HE,unknown,test,uniform,24576,22016,512,,images/s7ed711_024576_022016.jpg,context/s7ed711_024576_022016.jpg
s7ed711_f08,s7ed711,18,8,R26-122-21_HE_105,CCl4,2026-04-20_CCl4_HE,unknown,test,uniform,22016,20480,512,,images/s7ed711_022016_020480.jpg,context/s7ed711_022016_020480.jpg
s7ed711_f09,s7ed711,18,9,R26-122-21_HE_105,CCl4,2026-04-20_CCl4_HE,unknown,test,uniform,10752,10240,512,,images/s7ed711_010752_010240.jpg,context/s7ed711_010752_010240.jpg
s7ed711_f10,s7ed711,18,10,R26-122-21_HE_105,CCl4,2026-04-20_CCl4_HE,unknown,test,uniform,14848,5632,512,,images/s7ed711_014848_005632.jpg,context/s7ed711_014848_005632.jpg
s7ed711_f11,s7ed711,18,11,R26-122-21_HE_105,CCl4,2026-04-20_CCl4_HE,unknown,test,uniform,16384,11264,512,,images/s7ed711_016384_011264.jpg,context/s7ed711_016384_011264.jpg
s7ed711_f12,s7ed711,18,12,R26-122-21_HE_105,CCl4,2026-04-20_CCl4_HE,unknown,test,uniform,14848,14848,512,,images/s7ed711_014848_014848.jpg,context/s7ed711_014848_014848.jpg
s7ed711_f13,s7ed711,18,13,R26-122-21_HE_105,CCl4,2026-04-20_CCl4_HE,unknown,test,uniform,20992,14336,512,,images/s7ed711_020992_014336.jpg,context/s7ed711_020992_014336.jpg
s7ed711_f14,s7ed711,18,14,R26-122-21_HE_105,CCl4,2026-04-20_CCl4_HE,unknown,test,uniform,18432,8704,512,,images/s7ed711_018432_008704.jpg,context/s7ed711_018432_008704.jpg
s7ed711_f15,s7ed711,18,15,R26-122-21_HE_105,CCl4,2026-04-20_CCl4_HE,unknown,test,uniform,18944,15872,512,,images/s7ed711_018944_015872.jpg,context/s7ed711_018944_015872.jpg
s7ed711_f16,s7ed711,18,16,R26-122-21_HE_105,CCl4,2026-04-20_CCl4_HE,unknown,test,uniform,23040,18944,512,,images/s7ed711_023040_018944.jpg,context/s7ed711_023040_018944.jpg
s7ed711_f17,s7ed711,18,17,R26-122-21_HE_105,CCl4,2026-04-20_CCl4_HE,unknown,test,repeat,9728,6144,512,,images/s7ed711_009728_006144.jpg,context/s7ed711_009728_006144.jpg
s7ed711_f18,s7ed711,18,18,R26-122-21_HE_105,CCl4,2026-04-20_CCl4_HE,unknown,test,repeat,6144,17920,512,,images/s7ed711_006144_017920.jpg,context/s7ed711_006144_017920.jpg
s5167ac_f01,s5167ac,19,1,R22-354_19_ACLY656 CHOW4,ACLY656,2025-03-28_Celina 656D H&E,chow,train,uniform,8192,12288,512,4.511711406793646,images/s5167ac_008192_012288.jpg,context/s5167ac_008192_012288.jpg
s5167ac_f02,s5167ac,19,2,R22-354_19_ACLY656 CHOW4,ACLY656,2025-03-28_Celina 656D H&E,chow,train,uniform,11776,9728,512,2.6936958954189456,images/s5167ac_011776_009728.jpg,context/s5167ac_011776_009728.jpg
s5167ac_f03,s5167ac,19,3,R22-354_19_ACLY656 CHOW4,ACLY656,2025-03-28_Celina 656D H&E,chow,train,uniform,9728,11264,512,3.8929857083962456,images/s5167ac_009728_011264.jpg,context/s5167ac_009728_011264.jpg
s5167ac_f04,s5167ac,19,4,R22-354_19_ACLY656 CHOW4,ACLY656,2025-03-28_Celina 656D H&E,chow,train,uniform,13824,12288,512,5.837723209366651,images/s5167ac_013824_012288.jpg,context/s5167ac_013824_012288.jpg
s5167ac_f05,s5167ac,19,5,R22-354_19_ACLY656 CHOW4,ACLY656,2025-03-28_Celina 656D H&E,chow,train,uniform,17920,9216,512,3.4334604311747157,images/s5167ac_017920_009216.jpg,context/s5167ac_017920_009216.jpg
s5167ac_f06,s5167ac,19,6,R22-354_19_ACLY656 CHOW4,ACLY656,2025-03-28_Celina 656D H&E,chow,train,uniform,14848,9216,512,2.3771178997913185,images/s5167ac_014848_009216.jpg,context/s5167ac_014848_009216.jpg
s5167ac_f07,s5167ac,19,7,R22-354_19_ACLY656 CHOW4,ACLY656,2025-03-28_Celina 656D H&E,chow,train,uniform,20480,12288,512,2.4166127323937947,images/s5167ac_020480_012288.jpg,context/s5167ac_020480_012288.jpg
s5167ac_f08,s5167ac,19,8,R22-354_19_ACLY656 CHOW4,ACLY656,2025-03-28_Celina 656D H&E,chow,train,uniform,22016,10752,512,0.7156872998455046,images/s5167ac_022016_010752.jpg,context/s5167ac_022016_010752.jpg
s5167ac_f09,s5167ac,19,9,R22-354_19_ACLY656 CHOW4,ACLY656,2025-03-28_Celina 656D H&E,chow,train,uniform,6656,10752,512,5.271778544339861,images/s5167ac_006656_010752.jpg,context/s5167ac_006656_010752.jpg
s5167ac_f10,s5167ac,19,10,R22-354_19_ACLY656 CHOW4,ACLY656,2025-03-28_Celina 656D H&E,chow,train,uniform,4608,9216,512,3.3085931711340915,images/s5167ac_004608_009216.jpg,context/s5167ac_004608_009216.jpg
s5167ac_f11,s5167ac,19,11,R22-354_19_ACLY656 CHOW4,ACLY656,2025-03-28_Celina 656D H&E,chow,train,uniform,18944,8704,512,4.94545366852089,images/s5167ac_018944_008704.jpg,context/s5167ac_018944_008704.jpg
s5167ac_f12,s5167ac,19,12,R22-354_19_ACLY656 CHOW4,ACLY656,2025-03-28_Celina 656D H&E,chow,train,uniform,22528,12288,512,3.681231529599776,images/s5167ac_022528_012288.jpg,context/s5167ac_022528_012288.jpg
s5167ac_f13,s5167ac,19,13,R22-354_19_ACLY656 CHOW4,ACLY656,2025-03-28_Celina 656D H&E,chow,train,uniform,22528,11264,512,3.119631022000124,images/s5167ac_022528_011264.jpg,context/s5167ac_022528_011264.jpg
s5167ac_f14,s5167ac,19,14,R22-354_19_ACLY656 CHOW4,ACLY656,2025-03-28_Celina 656D H&E,chow,train,uniform,10752,11776,512,7.696748745713647,images/s5167ac_010752_011776.jpg,context/s5167ac_010752_011776.jpg
s5167ac_f15,s5167ac,19,15,R22-354_19_ACLY656 CHOW4,ACLY656,2025-03-28_Celina 656D H&E,chow,train,uniform,3072,12800,512,5.116885957929649,images/s5167ac_003072_012800.jpg,context/s5167ac_003072_012800.jpg
s5167ac_f16,s5167ac,19,16,R22-354_19_ACLY656 CHOW4,ACLY656,2025-03-28_Celina 656D H&E,chow,train,uniform,3584,9216,512,-0.1560449623736341,images/s5167ac_003584_009216.jpg,context/s5167ac_003584_009216.jpg
s5167ac_f17,s5167ac,19,17,R22-354_19_ACLY656 CHOW4,ACLY656,2025-03-28_Celina 656D H&E,chow,train,repeat,13824,12288,512,5.837723209366651,images/s5167ac_013824_012288.jpg,context/s5167ac_013824_012288.jpg
s5167ac_f18,s5167ac,19,18,R22-354_19_ACLY656 CHOW4,ACLY656,2025-03-28_Celina 656D H&E,chow,train,repeat,3584,9216,512,-0.1560449623736341,images/s5167ac_003584_009216.jpg,context/s5167ac_003584_009216.jpg
se09f9e_f01,se09f9e,20,1,R25-079_16_HE,unknown,2025-03-07_Jaya HE,unknown,train,uniform,31744,44544,512,,images/se09f9e_031744_044544.jpg,context/se09f9e_031744_044544.jpg
se09f9e_f02,se09f9e,20,2,R25-079_16_HE,unknown,2025-03-07_Jaya HE,unknown,train,uniform,42496,0,512,,images/se09f9e_042496_000000.jpg,context/se09f9e_042496_000000.jpg
se09f9e_f03,se09f9e,20,3,R25-079_16_HE,unknown,2025-03-07_Jaya HE,unknown,train,uniform,29184,12288,512,,images/se09f9e_029184_012288.jpg,context/se09f9e_029184_012288.jpg
se09f9e_f04,se09f9e,20,4,R25-079_16_HE,unknown,2025-03-07_Jaya HE,unknown,train,uniform,44544,19456,512,,images/se09f9e_044544_019456.jpg,context/se09f9e_044544_019456.jpg
se09f9e_f05,se09f9e,20,5,R25-079_16_HE,unknown,2025-03-07_Jaya HE,unknown,train,uniform,36864,22528,512,,images/se09f9e_036864_022528.jpg,context/se09f9e_036864_022528.jpg
se09f9e_f06,se09f9e,20,6,R25-079_16_HE,unknown,2025-03-07_Jaya HE,unknown,train,uniform,57856,11264,512,,images/se09f9e_057856_011264.jpg,context/se09f9e_057856_011264.jpg
se09f9e_f07,se09f9e,20,7,R25-079_16_HE,unknown,2025-03-07_Jaya HE,unknown,train,uniform,37888,21504,512,,images/se09f9e_037888_021504.jpg,context/se09f9e_037888_021504.jpg
se09f9e_f08,se09f9e,20,8,R25-079_16_HE,unknown,2025-03-07_Jaya HE,unknown,train,uniform,18432,28160,512,,images/se09f9e_018432_028160.jpg,context/se09f9e_018432_028160.jpg
se09f9e_f09,se09f9e,20,9,R25-079_16_HE,unknown,2025-03-07_Jaya HE,unknown,train,uniform,11264,33280,512,,images/se09f9e_011264_033280.jpg,context/se09f9e_011264_033280.jpg
se09f9e_f10,se09f9e,20,10,R25-079_16_HE,unknown,2025-03-07_Jaya HE,unknown,train,uniform,41984,31232,512,,images/se09f9e_041984_031232.jpg,context/se09f9e_041984_031232.jpg
se09f9e_f11,se09f9e,20,11,R25-079_16_HE,unknown,2025-03-07_Jaya HE,unknown,train,uniform,28672,33792,512,,images/se09f9e_028672_033792.jpg,context/se09f9e_028672_033792.jpg
se09f9e_f12,se09f9e,20,12,R25-079_16_HE,unknown,2025-03-07_Jaya HE,unknown,train,uniform,19456,39424,512,,images/se09f9e_019456_039424.jpg,context/se09f9e_019456_039424.jpg
se09f9e_f13,se09f9e,20,13,R25-079_16_HE,unknown,2025-03-07_Jaya HE,unknown,train,uniform,37888,45056,512,,images/se09f9e_037888_045056.jpg,context/se09f9e_037888_045056.jpg
se09f9e_f14,se09f9e,20,14,R25-079_16_HE,unknown,2025-03-07_Jaya HE,unknown,train,uniform,14336,33280,512,,images/se09f9e_014336_033280.jpg,context/se09f9e_014336_033280.jpg
se09f9e_f15,se09f9e,20,15,R25-079_16_HE,unknown,2025-03-07_Jaya HE,unknown,train,uniform,35840,18944,512,,images/se09f9e_035840_018944.jpg,context/se09f9e_035840_018944.jpg
se09f9e_f16,se09f9e,20,16,R25-079_16_HE,unknown,2025-03-07_Jaya HE,unknown,train,uniform,39936,16384,512,,images/se09f9e_039936_016384.jpg,context/se09f9e_039936_016384.jpg
se09f9e_f17,se09f9e,20,17,R25-079_16_HE,unknown,2025-03-07_Jaya HE,unknown,train,repeat,36864,22528,512,,images/se09f9e_036864_022528.jpg,context/se09f9e_036864_022528.jpg
se09f9e_f18,se09f9e,20,18,R25-079_16_HE,unknown,2025-03-07_Jaya HE,unknown,train,repeat,37888,21504,512,,images/se09f9e_037888_021504.jpg,context/se09f9e_037888_021504.jpg
s7dced6_f01,s7dced6,21,1,R25-151_1_HE,unknown,2025-04-29HE,unknown,test,uniform,7680,6656,512,,images/s7dced6_007680_006656.jpg,context/s7dced6_007680_006656.jpg
s7dced6_f02,s7dced6,21,2,R25-151_1_HE,unknown,2025-04-29HE,unknown,test,uniform,9728,12288,512,,images/s7dced6_009728_012288.jpg,context/s7dced6_009728_012288.jpg
s7dced6_f03,s7dced6,21,3,R25-151_1_HE,unknown,2025-04-29HE,unknown,test,uniform,14336,11776,512,,images/s7dced6_014336_011776.jpg,context/s7dced6_014336_011776.jpg
s7dced6_f04,s7dced6,21,4,R25-151_1_HE,unknown,2025-04-29HE,unknown,test,uniform,17408,6144,512,,images/s7dced6_017408_006144.jpg,context/s7dced6_017408_006144.jpg
s7dced6_f05,s7dced6,21,5,R25-151_1_HE,unknown,2025-04-29HE,unknown,test,uniform,15360,12800,512,,images/s7dced6_015360_012800.jpg,context/s7dced6_015360_012800.jpg
s7dced6_f06,s7dced6,21,6,R25-151_1_HE,unknown,2025-04-29HE,unknown,test,uniform,10752,12800,512,,images/s7dced6_010752_012800.jpg,context/s7dced6_010752_012800.jpg
s7dced6_f07,s7dced6,21,7,R25-151_1_HE,unknown,2025-04-29HE,unknown,test,uniform,16896,14336,512,,images/s7dced6_016896_014336.jpg,context/s7dced6_016896_014336.jpg
s7dced6_f08,s7dced6,21,8,R25-151_1_HE,unknown,2025-04-29HE,unknown,test,uniform,32768,22016,512,,images/s7dced6_032768_022016.jpg,context/s7dced6_032768_022016.jpg
s7dced6_f09,s7dced6,21,9,R25-151_1_HE,unknown,2025-04-29HE,unknown,test,uniform,5120,12288,512,,images/s7dced6_005120_012288.jpg,context/s7dced6_005120_012288.jpg
s7dced6_f10,s7dced6,21,10,R25-151_1_HE,unknown,2025-04-29HE,unknown,test,uniform,17920,8192,512,,images/s7dced6_017920_008192.jpg,context/s7dced6_017920_008192.jpg
s7dced6_f11,s7dced6,21,11,R25-151_1_HE,unknown,2025-04-29HE,unknown,test,uniform,18944,24064,512,,images/s7dced6_018944_024064.jpg,context/s7dced6_018944_024064.jpg
s7dced6_f12,s7dced6,21,12,R25-151_1_HE,unknown,2025-04-29HE,unknown,test,uniform,30720,15872,512,,images/s7dced6_030720_015872.jpg,context/s7dced6_030720_015872.jpg
s7dced6_f13,s7dced6,21,13,R25-151_1_HE,unknown,2025-04-29HE,unknown,test,uniform,34304,19456,512,,images/s7dced6_034304_019456.jpg,context/s7dced6_034304_019456.jpg
s7dced6_f14,s7dced6,21,14,R25-151_1_HE,unknown,2025-04-29HE,unknown,test,uniform,13824,18944,512,,images/s7dced6_013824_018944.jpg,context/s7dced6_013824_018944.jpg
s7dced6_f15,s7dced6,21,15,R25-151_1_HE,unknown,2025-04-29HE,unknown,test,uniform,10240,16384,512,,images/s7dced6_010240_016384.jpg,context/s7dced6_010240_016384.jpg
s7dced6_f16,s7dced6,21,16,R25-151_1_HE,unknown,2025-04-29HE,unknown,test,uniform,5120,15360,512,,images/s7dced6_005120_015360.jpg,context/s7dced6_005120_015360.jpg
s7dced6_f17,s7dced6,21,17,R25-151_1_HE,unknown,2025-04-29HE,unknown,test,repeat,9728,12288,512,,images/s7dced6_009728_012288.jpg,context/s7dced6_009728_012288.jpg
s7dced6_f18,s7dced6,21,18,R25-151_1_HE,unknown,2025-04-29HE,unknown,test,repeat,13824,18944,512,,images/s7dced6_013824_018944.jpg,context/s7dced6_013824_018944.jpg
sa528a7_f01,sa528a7,22,1,R25-223-21_HE,unknown,2025-07-09_Evelyn_HE,unknown,test,uniform,25600,18944,512,6.8333864393718695,images/sa528a7_025600_018944.jpg,context/sa528a7_025600_018944.jpg
sa528a7_f02,sa528a7,22,2,R25-223-21_HE,unknown,2025-07-09_Evelyn_HE,unknown,test,uniform,14336,15872,512,0.4225597601340167,images/sa528a7_014336_015872.jpg,context/sa528a7_014336_015872.jpg
sa528a7_f03,sa528a7,22,3,R25-223-21_HE,unknown,2025-07-09_Evelyn_HE,unknown,test,uniform,9728,16384,512,6.055648735151974,images/sa528a7_009728_016384.jpg,context/sa528a7_009728_016384.jpg
sa528a7_f04,sa528a7,22,4,R25-223-21_HE,unknown,2025-07-09_Evelyn_HE,unknown,test,uniform,32256,15872,512,6.955345137106445,images/sa528a7_032256_015872.jpg,context/sa528a7_032256_015872.jpg
sa528a7_f05,sa528a7,22,5,R25-223-21_HE,unknown,2025-07-09_Evelyn_HE,unknown,test,uniform,37376,17920,512,3.5910636990243487,images/sa528a7_037376_017920.jpg,context/sa528a7_037376_017920.jpg
sa528a7_f06,sa528a7,22,6,R25-223-21_HE,unknown,2025-07-09_Evelyn_HE,unknown,test,uniform,13824,16896,512,5.513596757553435,images/sa528a7_013824_016896.jpg,context/sa528a7_013824_016896.jpg
sa528a7_f07,sa528a7,22,7,R25-223-21_HE,unknown,2025-07-09_Evelyn_HE,unknown,test,uniform,43008,15872,512,5.65283730162009,images/sa528a7_043008_015872.jpg,context/sa528a7_043008_015872.jpg
sa528a7_f08,sa528a7,22,8,R25-223-21_HE,unknown,2025-07-09_Evelyn_HE,unknown,test,uniform,36352,18432,512,4.411979977734213,images/sa528a7_036352_018432.jpg,context/sa528a7_036352_018432.jpg
sa528a7_f09,sa528a7,22,9,R25-223-21_HE,unknown,2025-07-09_Evelyn_HE,unknown,test,uniform,38400,18432,512,9.18905982525005,images/sa528a7_038400_018432.jpg,context/sa528a7_038400_018432.jpg
sa528a7_f10,sa528a7,22,10,R25-223-21_HE,unknown,2025-07-09_Evelyn_HE,unknown,test,uniform,24064,15872,512,7.3749478046818515,images/sa528a7_024064_015872.jpg,context/sa528a7_024064_015872.jpg
sa528a7_f11,sa528a7,22,11,R25-223-21_HE,unknown,2025-07-09_Evelyn_HE,unknown,test,uniform,29696,15872,512,5.695761629508323,images/sa528a7_029696_015872.jpg,context/sa528a7_029696_015872.jpg
sa528a7_f12,sa528a7,22,12,R25-223-21_HE,unknown,2025-07-09_Evelyn_HE,unknown,test,uniform,26624,17920,512,4.601796683132826,images/sa528a7_026624_017920.jpg,context/sa528a7_026624_017920.jpg
sa528a7_f13,sa528a7,22,13,R25-223-21_HE,unknown,2025-07-09_Evelyn_HE,unknown,test,uniform,29696,18944,512,5.710607447181846,images/sa528a7_029696_018944.jpg,context/sa528a7_029696_018944.jpg
sa528a7_f14,sa528a7,22,14,R25-223-21_HE,unknown,2025-07-09_Evelyn_HE,unknown,test,uniform,24064,18944,512,6.7901354569463725,images/sa528a7_024064_018944.jpg,context/sa528a7_024064_018944.jpg
sa528a7_f15,sa528a7,22,15,R25-223-21_HE,unknown,2025-07-09_Evelyn_HE,unknown,test,uniform,40448,18432,512,3.381235824863616,images/sa528a7_040448_018432.jpg,context/sa528a7_040448_018432.jpg
sa528a7_f16,sa528a7,22,16,R25-223-21_HE,unknown,2025-07-09_Evelyn_HE,unknown,test,uniform,29184,17408,512,5.63576913139236,images/sa528a7_029184_017408.jpg,context/sa528a7_029184_017408.jpg
sa528a7_f17,sa528a7,22,17,R25-223-21_HE,unknown,2025-07-09_Evelyn_HE,unknown,test,repeat,29696,18944,512,5.710607447181846,images/sa528a7_029696_018944.jpg,context/sa528a7_029696_018944.jpg
sa528a7_f18,sa528a7,22,18,R25-223-21_HE,unknown,2025-07-09_Evelyn_HE,unknown,test,repeat,40448,18432,512,3.381235824863616,images/sa528a7_040448_018432.jpg,context/sa528a7_040448_018432.jpg
s3b7aec_f01,s3b7aec,23,1,R22--063-19_HE,unknown,2025-09-24HE,unknown,train,uniform,9728,25600,512,,images/s3b7aec_009728_025600.jpg,context/s3b7aec_009728_025600.jpg
s3b7aec_f02,s3b7aec,23,2,R22--063-19_HE,unknown,2025-09-24HE,unknown,train,uniform,25600,20480,512,,images/s3b7aec_025600_020480.jpg,context/s3b7aec_025600_020480.jpg
s3b7aec_f03,s3b7aec,23,3,R22--063-19_HE,unknown,2025-09-24HE,unknown,train,uniform,4096,18944,512,,images/s3b7aec_004096_018944.jpg,context/s3b7aec_004096_018944.jpg
s3b7aec_f04,s3b7aec,23,4,R22--063-19_HE,unknown,2025-09-24HE,unknown,train,uniform,23040,8192,512,,images/s3b7aec_023040_008192.jpg,context/s3b7aec_023040_008192.jpg
s3b7aec_f05,s3b7aec,23,5,R22--063-19_HE,unknown,2025-09-24HE,unknown,train,uniform,13312,4608,512,,images/s3b7aec_013312_004608.jpg,context/s3b7aec_013312_004608.jpg
s3b7aec_f06,s3b7aec,23,6,R22--063-19_HE,unknown,2025-09-24HE,unknown,train,uniform,14336,16896,512,,images/s3b7aec_014336_016896.jpg,context/s3b7aec_014336_016896.jpg
s3b7aec_f07,s3b7aec,23,7,R22--063-19_HE,unknown,2025-09-24HE,unknown,train,uniform,19968,19968,512,,images/s3b7aec_019968_019968.jpg,context/s3b7aec_019968_019968.jpg
s3b7aec_f08,s3b7aec,23,8,R22--063-19_HE,unknown,2025-09-24HE,unknown,train,uniform,3584,14848,512,,images/s3b7aec_003584_014848.jpg,context/s3b7aec_003584_014848.jpg
s3b7aec_f09,s3b7aec,23,9,R22--063-19_HE,unknown,2025-09-24HE,unknown,train,uniform,11264,5120,512,,images/s3b7aec_011264_005120.jpg,context/s3b7aec_011264_005120.jpg
s3b7aec_f10,s3b7aec,23,10,R22--063-19_HE,unknown,2025-09-24HE,unknown,train,uniform,11776,15360,512,,images/s3b7aec_011776_015360.jpg,context/s3b7aec_011776_015360.jpg
s3b7aec_f11,s3b7aec,23,11,R22--063-19_HE,unknown,2025-09-24HE,unknown,train,uniform,27136,20992,512,,images/s3b7aec_027136_020992.jpg,context/s3b7aec_027136_020992.jpg
s3b7aec_f12,s3b7aec,23,12,R22--063-19_HE,unknown,2025-09-24HE,unknown,train,uniform,22016,20480,512,,images/s3b7aec_022016_020480.jpg,context/s3b7aec_022016_020480.jpg
s3b7aec_f13,s3b7aec,23,13,R22--063-19_HE,unknown,2025-09-24HE,unknown,train,uniform,16384,2560,512,,images/s3b7aec_016384_002560.jpg,context/s3b7aec_016384_002560.jpg
s3b7aec_f14,s3b7aec,23,14,R22--063-19_HE,unknown,2025-09-24HE,unknown,train,uniform,11776,6656,512,,images/s3b7aec_011776_006656.jpg,context/s3b7aec_011776_006656.jpg
s3b7aec_f15,s3b7aec,23,15,R22--063-19_HE,unknown,2025-09-24HE,unknown,train,uniform,25600,18944,512,,images/s3b7aec_025600_018944.jpg,context/s3b7aec_025600_018944.jpg
s3b7aec_f16,s3b7aec,23,16,R22--063-19_HE,unknown,2025-09-24HE,unknown,train,uniform,12800,10752,512,,images/s3b7aec_012800_010752.jpg,context/s3b7aec_012800_010752.jpg
s3b7aec_f17,s3b7aec,23,17,R22--063-19_HE,unknown,2025-09-24HE,unknown,train,repeat,27136,20992,512,,images/s3b7aec_027136_020992.jpg,context/s3b7aec_027136_020992.jpg
s3b7aec_f18,s3b7aec,23,18,R22--063-19_HE,unknown,2025-09-24HE,unknown,train,repeat,13312,4608,512,,images/s3b7aec_013312_004608.jpg,context/s3b7aec_013312_004608.jpg
s58e357_f01,s58e357,24,1,R25-345-10,unknown,2025-11-14HE,unknown,test,uniform,22528,26112,512,,images/s58e357_022528_026112.jpg,context/s58e357_022528_026112.jpg
s58e357_f02,s58e357,24,2,R25-345-10,unknown,2025-11-14HE,unknown,test,uniform,13312,30720,512,,images/s58e357_013312_030720.jpg,context/s58e357_013312_030720.jpg
s58e357_f03,s58e357,24,3,R25-345-10,unknown,2025-11-14HE,unknown,test,uniform,6144,20480,512,,images/s58e357_006144_020480.jpg,context/s58e357_006144_020480.jpg
s58e357_f04,s58e357,24,4,R25-345-10,unknown,2025-11-14HE,unknown,test,uniform,30208,5632,512,,images/s58e357_030208_005632.jpg,context/s58e357_030208_005632.jpg
s58e357_f05,s58e357,24,5,R25-345-10,unknown,2025-11-14HE,unknown,test,uniform,6144,11776,512,,images/s58e357_006144_011776.jpg,context/s58e357_006144_011776.jpg
s58e357_f06,s58e357,24,6,R25-345-10,unknown,2025-11-14HE,unknown,test,uniform,19968,20992,512,,images/s58e357_019968_020992.jpg,context/s58e357_019968_020992.jpg
s58e357_f07,s58e357,24,7,R25-345-10,unknown,2025-11-14HE,unknown,test,uniform,35328,10752,512,,images/s58e357_035328_010752.jpg,context/s58e357_035328_010752.jpg
s58e357_f08,s58e357,24,8,R25-345-10,unknown,2025-11-14HE,unknown,test,uniform,8704,26112,512,,images/s58e357_008704_026112.jpg,context/s58e357_008704_026112.jpg
s58e357_f09,s58e357,24,9,R25-345-10,unknown,2025-11-14HE,unknown,test,uniform,25088,11776,512,,images/s58e357_025088_011776.jpg,context/s58e357_025088_011776.jpg
s58e357_f10,s58e357,24,10,R25-345-10,unknown,2025-11-14HE,unknown,test,uniform,18944,16896,512,,images/s58e357_018944_016896.jpg,context/s58e357_018944_016896.jpg
s58e357_f11,s58e357,24,11,R25-345-10,unknown,2025-11-14HE,unknown,test,uniform,7168,18944,512,,images/s58e357_007168_018944.jpg,context/s58e357_007168_018944.jpg
s58e357_f12,s58e357,24,12,R25-345-10,unknown,2025-11-14HE,unknown,test,uniform,4096,23552,512,,images/s58e357_004096_023552.jpg,context/s58e357_004096_023552.jpg
s58e357_f13,s58e357,24,13,R25-345-10,unknown,2025-11-14HE,unknown,test,uniform,4608,12800,512,,images/s58e357_004608_012800.jpg,context/s58e357_004608_012800.jpg
s58e357_f14,s58e357,24,14,R25-345-10,unknown,2025-11-14HE,unknown,test,uniform,28672,8704,512,,images/s58e357_028672_008704.jpg,context/s58e357_028672_008704.jpg
s58e357_f15,s58e357,24,15,R25-345-10,unknown,2025-11-14HE,unknown,test,uniform,6656,12800,512,,images/s58e357_006656_012800.jpg,context/s58e357_006656_012800.jpg
s58e357_f16,s58e357,24,16,R25-345-10,unknown,2025-11-14HE,unknown,test,uniform,5632,18944,512,,images/s58e357_005632_018944.jpg,context/s58e357_005632_018944.jpg
s58e357_f17,s58e357,24,17,R25-345-10,unknown,2025-11-14HE,unknown,test,repeat,28672,8704,512,,images/s58e357_028672_008704.jpg,context/s58e357_028672_008704.jpg
s58e357_f18,s58e357,24,18,R25-345-10,unknown,2025-11-14HE,unknown,test,repeat,6656,12800,512,,images/s58e357_006656_012800.jpg,context/s58e357_006656_012800.jpg
s20530e_f01,s20530e,25,1,R26-041-21,unknown,P273-2026-02-13_Christina HE,unknown,train,uniform,27136,3584,512,,images/s20530e_027136_003584.jpg,context/s20530e_027136_003584.jpg
s20530e_f02,s20530e,25,2,R26-041-21,unknown,P273-2026-02-13_Christina HE,unknown,train,uniform,10240,11264,512,,images/s20530e_010240_011264.jpg,context/s20530e_010240_011264.jpg
s20530e_f03,s20530e,25,3,R26-041-21,unknown,P273-2026-02-13_Christina HE,unknown,train,uniform,40960,24576,512,,images/s20530e_040960_024576.jpg,context/s20530e_040960_024576.jpg
s20530e_f04,s20530e,25,4,R26-041-21,unknown,P273-2026-02-13_Christina HE,unknown,train,uniform,34816,7680,512,,images/s20530e_034816_007680.jpg,context/s20530e_034816_007680.jpg
s20530e_f05,s20530e,25,5,R26-041-21,unknown,P273-2026-02-13_Christina HE,unknown,train,uniform,11264,7168,512,,images/s20530e_011264_007168.jpg,context/s20530e_011264_007168.jpg
s20530e_f06,s20530e,25,6,R26-041-21,unknown,P273-2026-02-13_Christina HE,unknown,train,uniform,30208,7680,512,,images/s20530e_030208_007680.jpg,context/s20530e_030208_007680.jpg
s20530e_f07,s20530e,25,7,R26-041-21,unknown,P273-2026-02-13_Christina HE,unknown,train,uniform,23040,25088,512,,images/s20530e_023040_025088.jpg,context/s20530e_023040_025088.jpg
s20530e_f08,s20530e,25,8,R26-041-21,unknown,P273-2026-02-13_Christina HE,unknown,train,uniform,9728,18432,512,,images/s20530e_009728_018432.jpg,context/s20530e_009728_018432.jpg
s20530e_f09,s20530e,25,9,R26-041-21,unknown,P273-2026-02-13_Christina HE,unknown,train,uniform,27648,15360,512,,images/s20530e_027648_015360.jpg,context/s20530e_027648_015360.jpg
s20530e_f10,s20530e,25,10,R26-041-21,unknown,P273-2026-02-13_Christina HE,unknown,train,uniform,39936,17408,512,,images/s20530e_039936_017408.jpg,context/s20530e_039936_017408.jpg
s20530e_f11,s20530e,25,11,R26-041-21,unknown,P273-2026-02-13_Christina HE,unknown,train,uniform,26624,10752,512,,images/s20530e_026624_010752.jpg,context/s20530e_026624_010752.jpg
s20530e_f12,s20530e,25,12,R26-041-21,unknown,P273-2026-02-13_Christina HE,unknown,train,uniform,19968,23552,512,,images/s20530e_019968_023552.jpg,context/s20530e_019968_023552.jpg
s20530e_f13,s20530e,25,13,R26-041-21,unknown,P273-2026-02-13_Christina HE,unknown,train,uniform,19968,7680,512,,images/s20530e_019968_007680.jpg,context/s20530e_019968_007680.jpg
s20530e_f14,s20530e,25,14,R26-041-21,unknown,P273-2026-02-13_Christina HE,unknown,train,uniform,34816,28672,512,,images/s20530e_034816_028672.jpg,context/s20530e_034816_028672.jpg
s20530e_f15,s20530e,25,15,R26-041-21,unknown,P273-2026-02-13_Christina HE,unknown,train,uniform,16384,14848,512,,images/s20530e_016384_014848.jpg,context/s20530e_016384_014848.jpg
s20530e_f16,s20530e,25,16,R26-041-21,unknown,P273-2026-02-13_Christina HE,unknown,train,uniform,25600,14336,512,,images/s20530e_025600_014336.jpg,context/s20530e_025600_014336.jpg
s20530e_f17,s20530e,25,17,R26-041-21,unknown,P273-2026-02-13_Christina HE,unknown,train,repeat,19968,23552,512,,images/s20530e_019968_023552.jpg,context/s20530e_019968_023552.jpg
s20530e_f18,s20530e,25,18,R26-041-21,unknown,P273-2026-02-13_Christina HE,unknown,train,repeat,19968,7680,512,,images/s20530e_019968_007680.jpg,context/s20530e_019968_007680.jpg
s5b70f1_f01,s5b70f1,26,1,R25-264-12,MASH,2025-08-25HE,unknown,test,uniform,24576,14848,512,1.4464356224376622,images/s5b70f1_024576_014848.jpg,context/s5b70f1_024576_014848.jpg
s5b70f1_f02,s5b70f1,26,2,R25-264-12,MASH,2025-08-25HE,unknown,test,uniform,6144,22016,512,,images/s5b70f1_006144_022016.jpg,context/s5b70f1_006144_022016.jpg
s5b70f1_f03,s5b70f1,26,3,R25-264-12,MASH,2025-08-25HE,unknown,test,uniform,32256,21504,512,,images/s5b70f1_032256_021504.jpg,context/s5b70f1_032256_021504.jpg
s5b70f1_f04,s5b70f1,26,4,R25-264-12,MASH,2025-08-25HE,unknown,test,uniform,20480,10752,512,,images/s5b70f1_020480_010752.jpg,context/s5b70f1_020480_010752.jpg
s5b70f1_f05,s5b70f1,26,5,R25-264-12,MASH,2025-08-25HE,unknown,test,uniform,7168,11264,512,,images/s5b70f1_007168_011264.jpg,context/s5b70f1_007168_011264.jpg
s5b70f1_f06,s5b70f1,26,6,R25-264-12,MASH,2025-08-25HE,unknown,test,uniform,30208,22016,512,6.569335475996206,images/s5b70f1_030208_022016.jpg,context/s5b70f1_030208_022016.jpg
s5b70f1_f07,s5b70f1,26,7,R25-264-12,MASH,2025-08-25HE,unknown,test,uniform,23040,14336,512,-4.375486318397938,images/s5b70f1_023040_014336.jpg,context/s5b70f1_023040_014336.jpg
s5b70f1_f08,s5b70f1,26,8,R25-264-12,MASH,2025-08-25HE,unknown,test,uniform,33280,10752,512,0.9455417141671844,images/s5b70f1_033280_010752.jpg,context/s5b70f1_033280_010752.jpg
s5b70f1_f09,s5b70f1,26,9,R25-264-12,MASH,2025-08-25HE,unknown,test,uniform,25600,22016,512,2.909019242338051,images/s5b70f1_025600_022016.jpg,context/s5b70f1_025600_022016.jpg
s5b70f1_f10,s5b70f1,26,10,R25-264-12,MASH,2025-08-25HE,unknown,test,uniform,11776,14848,512,1.2865090336915053,images/s5b70f1_011776_014848.jpg,context/s5b70f1_011776_014848.jpg
s5b70f1_f11,s5b70f1,26,11,R25-264-12,MASH,2025-08-25HE,unknown,test,uniform,27648,14336,512,,images/s5b70f1_027648_014336.jpg,context/s5b70f1_027648_014336.jpg
s5b70f1_f12,s5b70f1,26,12,R25-264-12,MASH,2025-08-25HE,unknown,test,uniform,16384,10752,512,,images/s5b70f1_016384_010752.jpg,context/s5b70f1_016384_010752.jpg
s5b70f1_f13,s5b70f1,26,13,R25-264-12,MASH,2025-08-25HE,unknown,test,uniform,5632,22016,512,2.7664782404602497,images/s5b70f1_005632_022016.jpg,context/s5b70f1_005632_022016.jpg
s5b70f1_f14,s5b70f1,26,14,R25-264-12,MASH,2025-08-25HE,unknown,test,uniform,19968,22016,512,-0.5914625153598194,images/s5b70f1_019968_022016.jpg,context/s5b70f1_019968_022016.jpg
s5b70f1_f15,s5b70f1,26,15,R25-264-12,MASH,2025-08-25HE,unknown,test,uniform,39424,22016,512,2.723130719388408,images/s5b70f1_039424_022016.jpg,context/s5b70f1_039424_022016.jpg
s5b70f1_f16,s5b70f1,26,16,R25-264-12,MASH,2025-08-25HE,unknown,test,uniform,4608,22528,512,,images/s5b70f1_004608_022528.jpg,context/s5b70f1_004608_022528.jpg
s5b70f1_f17,s5b70f1,26,17,R25-264-12,MASH,2025-08-25HE,unknown,test,repeat,16384,10752,512,,images/s5b70f1_016384_010752.jpg,context/s5b70f1_016384_010752.jpg
s5b70f1_f18,s5b70f1,26,18,R25-264-12,MASH,2025-08-25HE,unknown,test,repeat,5632,22016,512,2.7664782404602497,images/s5b70f1_005632_022016.jpg,context/s5b70f1_005632_022016.jpg
s3b7685_f01,s3b7685,27,1,R26-122-10_HE_79,CCl4,2026-04-20_CCl4_HE,unknown,train,uniform,15872,11264,512,3.1830295402040925,images/s3b7685_015872_011264.jpg,context/s3b7685_015872_011264.jpg
s3b7685_f02,s3b7685,27,2,R26-122-10_HE_79,CCl4,2026-04-20_CCl4_HE,unknown,train,uniform,14336,9728,512,1.4667751205578368,images/s3b7685_014336_009728.jpg,context/s3b7685_014336_009728.jpg
s3b7685_f03,s3b7685,27,3,R26-122-10_HE_79,CCl4,2026-04-20_CCl4_HE,unknown,train,uniform,22016,10752,512,3.2195055996004105,images/s3b7685_022016_010752.jpg,context/s3b7685_022016_010752.jpg
s3b7685_f04,s3b7685,27,4,R26-122-10_HE_79,CCl4,2026-04-20_CCl4_HE,unknown,train,uniform,13824,11264,512,2.9115278368512074,images/s3b7685_013824_011264.jpg,context/s3b7685_013824_011264.jpg
s3b7685_f05,s3b7685,27,5,R26-122-10_HE_79,CCl4,2026-04-20_CCl4_HE,unknown,train,uniform,10752,11264,512,2.665074334977573,images/s3b7685_010752_011264.jpg,context/s3b7685_010752_011264.jpg
s3b7685_f06,s3b7685,27,6,R26-122-10_HE_79,CCl4,2026-04-20_CCl4_HE,unknown,train,uniform,21504,9728,512,4.124625534753615,images/s3b7685_021504_009728.jpg,context/s3b7685_021504_009728.jpg
s3b7685_f07,s3b7685,27,7,R26-122-10_HE_79,CCl4,2026-04-20_CCl4_HE,unknown,train,uniform,9216,9216,512,2.3624866708524395,images/s3b7685_009216_009216.jpg,context/s3b7685_009216_009216.jpg
s3b7685_f08,s3b7685,27,8,R26-122-10_HE_79,CCl4,2026-04-20_CCl4_HE,unknown,train,uniform,3584,10752,512,-0.0229773322445512,images/s3b7685_003584_010752.jpg,context/s3b7685_003584_010752.jpg
s3b7685_f09,s3b7685,27,9,R26-122-10_HE_79,CCl4,2026-04-20_CCl4_HE,unknown,train,uniform,26112,9216,512,,images/s3b7685_026112_009216.jpg,context/s3b7685_026112_009216.jpg
s3b7685_f10,s3b7685,27,10,R26-122-10_HE_79,CCl4,2026-04-20_CCl4_HE,unknown,train,uniform,24064,9216,512,1.134373701151565,images/s3b7685_024064_009216.jpg,context/s3b7685_024064_009216.jpg
s3b7685_f11,s3b7685,27,11,R26-122-10_HE_79,CCl4,2026-04-20_CCl4_HE,unknown,train,uniform,29696,9728,512,5.620770058541143,images/s3b7685_029696_009728.jpg,context/s3b7685_029696_009728.jpg
s3b7685_f12,s3b7685,27,12,R26-122-10_HE_79,CCl4,2026-04-20_CCl4_HE,unknown,train,uniform,3072,9216,512,5.15672193779927,images/s3b7685_003072_009216.jpg,context/s3b7685_003072_009216.jpg
s3b7685_f13,s3b7685,27,13,R26-122-10_HE_79,CCl4,2026-04-20_CCl4_HE,unknown,train,uniform,7680,10240,512,2.271503948450799,images/s3b7685_007680_010240.jpg,context/s3b7685_007680_010240.jpg
s3b7685_f14,s3b7685,27,14,R26-122-10_HE_79,CCl4,2026-04-20_CCl4_HE,unknown,train,uniform,27136,10240,512,3.083139397447246,images/s3b7685_027136_010240.jpg,context/s3b7685_027136_010240.jpg
s3b7685_f15,s3b7685,27,15,R26-122-10_HE_79,CCl4,2026-04-20_CCl4_HE,unknown,train,uniform,22528,10752,512,3.1735758370116263,images/s3b7685_022528_010752.jpg,context/s3b7685_022528_010752.jpg
s3b7685_f16,s3b7685,27,16,R26-122-10_HE_79,CCl4,2026-04-20_CCl4_HE,unknown,train,uniform,16384,10240,512,4.792365208041999,images/s3b7685_016384_010240.jpg,context/s3b7685_016384_010240.jpg
s3b7685_f17,s3b7685,27,17,R26-122-10_HE_79,CCl4,2026-04-20_CCl4_HE,unknown,train,repeat,16384,10240,512,4.792365208041999,images/s3b7685_016384_010240.jpg,context/s3b7685_016384_010240.jpg
s3b7685_f18,s3b7685,27,18,R26-122-10_HE_79,CCl4,2026-04-20_CCl4_HE,unknown,train,repeat,22528,10752,512,3.1735758370116263,images/s3b7685_022528_010752.jpg,context/s3b7685_022528_010752.jpg
sc09277_f01,sc09277,28,1,R22-354_1_WT-CHOW1,ACLY656,2025-03-28_Celina 656D H&E,chow,train,uniform,20480,9728,512,2.2166534666197006,images/sc09277_020480_009728.jpg,context/sc09277_020480_009728.jpg
sc09277_f02,sc09277,28,2,R22-354_1_WT-CHOW1,ACLY656,2025-03-28_Celina 656D H&E,chow,train,uniform,11776,11264,512,1.3984692774987324,images/sc09277_011776_011264.jpg,context/sc09277_011776_011264.jpg
sc09277_f03,sc09277,28,3,R22-354_1_WT-CHOW1,ACLY656,2025-03-28_Celina 656D H&E,chow,train,uniform,4608,9728,512,5.417468677827811,images/sc09277_004608_009728.jpg,context/sc09277_004608_009728.jpg
sc09277_f04,sc09277,28,4,R22-354_1_WT-CHOW1,ACLY656,2025-03-28_Celina 656D H&E,chow,train,uniform,22528,11264,512,-1.034769900065181,images/sc09277_022528_011264.jpg,context/sc09277_022528_011264.jpg
sc09277_f05,sc09277,28,5,R22-354_1_WT-CHOW1,ACLY656,2025-03-28_Celina 656D H&E,chow,train,uniform,17920,9728,512,-1.0317991315308626,images/sc09277_017920_009728.jpg,context/sc09277_017920_009728.jpg
sc09277_f06,sc09277,28,6,R22-354_1_WT-CHOW1,ACLY656,2025-03-28_Celina 656D H&E,chow,train,uniform,8704,12288,512,3.4210344290811014,images/sc09277_008704_012288.jpg,context/sc09277_008704_012288.jpg
sc09277_f07,sc09277,28,7,R22-354_1_WT-CHOW1,ACLY656,2025-03-28_Celina 656D H&E,chow,train,uniform,20480,12288,512,5.180238019951669,images/sc09277_020480_012288.jpg,context/sc09277_020480_012288.jpg
sc09277_f08,sc09277,28,8,R22-354_1_WT-CHOW1,ACLY656,2025-03-28_Celina 656D H&E,chow,train,uniform,12288,9216,512,4.871840682857873,images/sc09277_012288_009216.jpg,context/sc09277_012288_009216.jpg
sc09277_f09,sc09277,28,9,R22-354_1_WT-CHOW1,ACLY656,2025-03-28_Celina 656D H&E,chow,train,uniform,18944,8704,512,1.513261986883751,images/sc09277_018944_008704.jpg,context/sc09277_018944_008704.jpg
sc09277_f10,sc09277,28,10,R22-354_1_WT-CHOW1,ACLY656,2025-03-28_Celina 656D H&E,chow,train,uniform,5120,12288,512,2.399231722206522,images/sc09277_005120_012288.jpg,context/sc09277_005120_012288.jpg
sc09277_f11,sc09277,28,11,R22-354_1_WT-CHOW1,ACLY656,2025-03-28_Celina 656D H&E,chow,train,uniform,12800,12288,512,3.312156164930205,images/sc09277_012800_012288.jpg,context/sc09277_012800_012288.jpg
sc09277_f12,sc09277,28,12,R22-354_1_WT-CHOW1,ACLY656,2025-03-28_Celina 656D H&E,chow,train,uniform,7680,12288,512,3.6621108145474786,images/sc09277_007680_012288.jpg,context/sc09277_007680_012288.jpg
sc09277_f13,sc09277,28,13,R22-354_1_WT-CHOW1,ACLY656,2025-03-28_Celina 656D H&E,chow,train,uniform,20480,11776,512,3.79932659542799,images/sc09277_020480_011776.jpg,context/sc09277_020480_011776.jpg
sc09277_f14,sc09277,28,14,R22-354_1_WT-CHOW1,ACLY656,2025-03-28_Celina 656D H&E,chow,train,uniform,14848,10240,512,0.4187777211224127,images/sc09277_014848_010240.jpg,context/sc09277_014848_010240.jpg
sc09277_f15,sc09277,28,15,R22-354_1_WT-CHOW1,ACLY656,2025-03-28_Celina 656D H&E,chow,train,uniform,17920,10240,512,1.6495320273002565,images/sc09277_017920_010240.jpg,context/sc09277_017920_010240.jpg
sc09277_f16,sc09277,28,16,R22-354_1_WT-CHOW1,ACLY656,2025-03-28_Celina 656D H&E,chow,train,uniform,3584,9728,512,4.017123588843626,images/sc09277_003584_009728.jpg,context/sc09277_003584_009728.jpg
sc09277_f17,sc09277,28,17,R22-354_1_WT-CHOW1,ACLY656,2025-03-28_Celina 656D H&E,chow,train,repeat,5120,12288,512,2.399231722206522,images/sc09277_005120_012288.jpg,context/sc09277_005120_012288.jpg
sc09277_f18,sc09277,28,18,R22-354_1_WT-CHOW1,ACLY656,2025-03-28_Celina 656D H&E,chow,train,repeat,17920,10240,512,1.6495320273002565,images/sc09277_017920_010240.jpg,context/sc09277_017920_010240.jpg
s9c5709_f01,s9c5709,29,1,R25-079_10_HE,unknown,2025-03-07_Jaya HE,unknown,train,uniform,14336,22016,512,2.098490949772417,images/s9c5709_014336_022016.jpg,context/s9c5709_014336_022016.jpg
s9c5709_f02,s9c5709,29,2,R25-079_10_HE,unknown,2025-03-07_Jaya HE,unknown,train,uniform,48640,22528,512,1.8141299605298356,images/s9c5709_048640_022528.jpg,context/s9c5709_048640_022528.jpg
s9c5709_f03,s9c5709,29,3,R25-079_10_HE,unknown,2025-03-07_Jaya HE,unknown,train,uniform,59392,22016,512,2.434903239424001,images/s9c5709_059392_022016.jpg,context/s9c5709_059392_022016.jpg
s9c5709_f04,s9c5709,29,4,R25-079_10_HE,unknown,2025-03-07_Jaya HE,unknown,train,uniform,59904,22528,512,2.9670369443237363,images/s9c5709_059904_022528.jpg,context/s9c5709_059904_022528.jpg
s9c5709_f05,s9c5709,29,5,R25-079_10_HE,unknown,2025-03-07_Jaya HE,unknown,train,uniform,18944,22016,512,5.386565146422939,images/s9c5709_018944_022016.jpg,context/s9c5709_018944_022016.jpg
s9c5709_f06,s9c5709,29,6,R25-079_10_HE,unknown,2025-03-07_Jaya HE,unknown,train,uniform,48640,21504,512,4.918210330291388,images/s9c5709_048640_021504.jpg,context/s9c5709_048640_021504.jpg
s9c5709_f07,s9c5709,29,7,R25-079_10_HE,unknown,2025-03-07_Jaya HE,unknown,train,uniform,28672,22016,512,2.452473633474065,images/s9c5709_028672_022016.jpg,context/s9c5709_028672_022016.jpg
s9c5709_f08,s9c5709,29,8,R25-079_10_HE,unknown,2025-03-07_Jaya HE,unknown,train,uniform,43520,22528,512,0.3517814090563357,images/s9c5709_043520_022528.jpg,context/s9c5709_043520_022528.jpg
s9c5709_f09,s9c5709,29,9,R25-079_10_HE,unknown,2025-03-07_Jaya HE,unknown,train,uniform,7168,22528,512,4.175613078176136,images/s9c5709_007168_022528.jpg,context/s9c5709_007168_022528.jpg
s9c5709_f10,s9c5709,29,10,R25-079_10_HE,unknown,2025-03-07_Jaya HE,unknown,train,uniform,56832,22016,512,2.6858866576487395,images/s9c5709_056832_022016.jpg,context/s9c5709_056832_022016.jpg
s9c5709_f11,s9c5709,29,11,R25-079_10_HE,unknown,2025-03-07_Jaya HE,unknown,train,uniform,41472,22016,512,4.229675593100544,images/s9c5709_041472_022016.jpg,context/s9c5709_041472_022016.jpg
s9c5709_f12,s9c5709,29,12,R25-079_10_HE,unknown,2025-03-07_Jaya HE,unknown,train,uniform,20992,22016,512,,images/s9c5709_020992_022016.jpg,context/s9c5709_020992_022016.jpg
s9c5709_f13,s9c5709,29,13,R25-079_10_HE,unknown,2025-03-07_Jaya HE,unknown,train,uniform,34816,22528,512,3.1644961670600815,images/s9c5709_034816_022528.jpg,context/s9c5709_034816_022528.jpg
s9c5709_f14,s9c5709,29,14,R25-079_10_HE,unknown,2025-03-07_Jaya HE,unknown,train,uniform,45568,21504,512,1.1144594640034513,images/s9c5709_045568_021504.jpg,context/s9c5709_045568_021504.jpg
s9c5709_f15,s9c5709,29,15,R25-079_10_HE,unknown,2025-03-07_Jaya HE,unknown,train,uniform,36352,22016,512,3.3304911863181954,images/s9c5709_036352_022016.jpg,context/s9c5709_036352_022016.jpg
s9c5709_f16,s9c5709,29,16,R25-079_10_HE,unknown,2025-03-07_Jaya HE,unknown,train,uniform,23040,22016,512,2.5263396086137857,images/s9c5709_023040_022016.jpg,context/s9c5709_023040_022016.jpg
s9c5709_f17,s9c5709,29,17,R25-079_10_HE,unknown,2025-03-07_Jaya HE,unknown,train,repeat,48640,22528,512,1.8141299605298356,images/s9c5709_048640_022528.jpg,context/s9c5709_048640_022528.jpg
s9c5709_f18,s9c5709,29,18,R25-079_10_HE,unknown,2025-03-07_Jaya HE,unknown,train,repeat,36352,22016,512,3.3304911863181954,images/s9c5709_036352_022016.jpg,context/s9c5709_036352_022016.jpg
s3cb516_f01,s3cb516,30,1,R25-151_7_HE,unknown,2025-04-29HE,unknown,test,uniform,21504,14336,512,,images/s3cb516_021504_014336.jpg,context/s3cb516_021504_014336.jpg
s3cb516_f02,s3cb516,30,2,R25-151_7_HE,unknown,2025-04-29HE,unknown,test,uniform,17408,9216,512,,images/s3cb516_017408_009216.jpg,context/s3cb516_017408_009216.jpg
s3cb516_f03,s3cb516,30,3,R25-151_7_HE,unknown,2025-04-29HE,unknown,test,uniform,12288,4096,512,,images/s3cb516_012288_004096.jpg,context/s3cb516_012288_004096.jpg
s3cb516_f04,s3cb516,30,4,R25-151_7_HE,unknown,2025-04-29HE,unknown,test,uniform,24064,17408,512,,images/s3cb516_024064_017408.jpg,context/s3cb516_024064_017408.jpg
s3cb516_f05,s3cb516,30,5,R25-151_7_HE,unknown,2025-04-29HE,unknown,test,uniform,21504,20480,512,,images/s3cb516_021504_020480.jpg,context/s3cb516_021504_020480.jpg
s3cb516_f06,s3cb516,30,6,R25-151_7_HE,unknown,2025-04-29HE,unknown,test,uniform,8192,13824,512,,images/s3cb516_008192_013824.jpg,context/s3cb516_008192_013824.jpg
s3cb516_f07,s3cb516,30,7,R25-151_7_HE,unknown,2025-04-29HE,unknown,test,uniform,13824,12288,512,,images/s3cb516_013824_012288.jpg,context/s3cb516_013824_012288.jpg
s3cb516_f08,s3cb516,30,8,R25-151_7_HE,unknown,2025-04-29HE,unknown,test,uniform,12800,9216,512,,images/s3cb516_012800_009216.jpg,context/s3cb516_012800_009216.jpg
s3cb516_f09,s3cb516,30,9,R25-151_7_HE,unknown,2025-04-29HE,unknown,test,uniform,5120,6656,512,,images/s3cb516_005120_006656.jpg,context/s3cb516_005120_006656.jpg
s3cb516_f10,s3cb516,30,10,R25-151_7_HE,unknown,2025-04-29HE,unknown,test,uniform,26112,14848,512,,images/s3cb516_026112_014848.jpg,context/s3cb516_026112_014848.jpg
s3cb516_f11,s3cb516,30,11,R25-151_7_HE,unknown,2025-04-29HE,unknown,test,uniform,15872,11264,512,,images/s3cb516_015872_011264.jpg,context/s3cb516_015872_011264.jpg
s3cb516_f12,s3cb516,30,12,R25-151_7_HE,unknown,2025-04-29HE,unknown,test,uniform,24576,3584,512,,images/s3cb516_024576_003584.jpg,context/s3cb516_024576_003584.jpg
s3cb516_f13,s3cb516,30,13,R25-151_7_HE,unknown,2025-04-29HE,unknown,test,uniform,18944,4096,512,,images/s3cb516_018944_004096.jpg,context/s3cb516_018944_004096.jpg
s3cb516_f14,s3cb516,30,14,R25-151_7_HE,unknown,2025-04-29HE,unknown,test,uniform,7680,15360,512,,images/s3cb516_007680_015360.jpg,context/s3cb516_007680_015360.jpg
s3cb516_f15,s3cb516,30,15,R25-151_7_HE,unknown,2025-04-29HE,unknown,test,uniform,10752,6144,512,,images/s3cb516_010752_006144.jpg,context/s3cb516_010752_006144.jpg
s3cb516_f16,s3cb516,30,16,R25-151_7_HE,unknown,2025-04-29HE,unknown,test,uniform,15872,5120,512,,images/s3cb516_015872_005120.jpg,context/s3cb516_015872_005120.jpg
s3cb516_f17,s3cb516,30,17,R25-151_7_HE,unknown,2025-04-29HE,unknown,test,repeat,24576,3584,512,,images/s3cb516_024576_003584.jpg,context/s3cb516_024576_003584.jpg
s3cb516_f18,s3cb516,30,18,R25-151_7_HE,unknown,2025-04-29HE,unknown,test,repeat,13824,12288,512,,images/s3cb516_013824_012288.jpg,context/s3cb516_013824_012288.jpg
s0facb7_f01,s0facb7,31,1,R25-223-6_HE,unknown,2025-07-09_Evelyn_HE,unknown,train,uniform,24064,28672,512,,images/s0facb7_024064_028672.jpg,context/s0facb7_024064_028672.jpg
s0facb7_f02,s0facb7,31,2,R25-223-6_HE,unknown,2025-07-09_Evelyn_HE,unknown,train,uniform,36352,30208,512,,images/s0facb7_036352_030208.jpg,context/s0facb7_036352_030208.jpg
s0facb7_f03,s0facb7,31,3,R25-223-6_HE,unknown,2025-07-09_Evelyn_HE,unknown,train,uniform,20992,18432,512,,images/s0facb7_020992_018432.jpg,context/s0facb7_020992_018432.jpg
s0facb7_f04,s0facb7,31,4,R25-223-6_HE,unknown,2025-07-09_Evelyn_HE,unknown,train,uniform,25088,16896,512,,images/s0facb7_025088_016896.jpg,context/s0facb7_025088_016896.jpg
s0facb7_f05,s0facb7,31,5,R25-223-6_HE,unknown,2025-07-09_Evelyn_HE,unknown,train,uniform,20992,12800,512,,images/s0facb7_020992_012800.jpg,context/s0facb7_020992_012800.jpg
s0facb7_f06,s0facb7,31,6,R25-223-6_HE,unknown,2025-07-09_Evelyn_HE,unknown,train,uniform,35840,18944,512,,images/s0facb7_035840_018944.jpg,context/s0facb7_035840_018944.jpg
s0facb7_f07,s0facb7,31,7,R25-223-6_HE,unknown,2025-07-09_Evelyn_HE,unknown,train,uniform,10752,15360,512,,images/s0facb7_010752_015360.jpg,context/s0facb7_010752_015360.jpg
s0facb7_f08,s0facb7,31,8,R25-223-6_HE,unknown,2025-07-09_Evelyn_HE,unknown,train,uniform,20992,22016,512,,images/s0facb7_020992_022016.jpg,context/s0facb7_020992_022016.jpg
s0facb7_f09,s0facb7,31,9,R25-223-6_HE,unknown,2025-07-09_Evelyn_HE,unknown,train,uniform,9728,32768,512,,images/s0facb7_009728_032768.jpg,context/s0facb7_009728_032768.jpg
s0facb7_f10,s0facb7,31,10,R25-223-6_HE,unknown,2025-07-09_Evelyn_HE,unknown,train,uniform,35328,13824,512,,images/s0facb7_035328_013824.jpg,context/s0facb7_035328_013824.jpg
s0facb7_f11,s0facb7,31,11,R25-223-6_HE,unknown,2025-07-09_Evelyn_HE,unknown,train,uniform,35328,14848,512,,images/s0facb7_035328_014848.jpg,context/s0facb7_035328_014848.jpg
s0facb7_f12,s0facb7,31,12,R25-223-6_HE,unknown,2025-07-09_Evelyn_HE,unknown,train,uniform,8192,17408,512,,images/s0facb7_008192_017408.jpg,context/s0facb7_008192_017408.jpg
s0facb7_f13,s0facb7,31,13,R25-223-6_HE,unknown,2025-07-09_Evelyn_HE,unknown,train,uniform,24576,12288,512,,images/s0facb7_024576_012288.jpg,context/s0facb7_024576_012288.jpg
s0facb7_f14,s0facb7,31,14,R25-223-6_HE,unknown,2025-07-09_Evelyn_HE,unknown,train,uniform,30720,8192,512,,images/s0facb7_030720_008192.jpg,context/s0facb7_030720_008192.jpg
s0facb7_f15,s0facb7,31,15,R25-223-6_HE,unknown,2025-07-09_Evelyn_HE,unknown,train,uniform,29184,20480,512,,images/s0facb7_029184_020480.jpg,context/s0facb7_029184_020480.jpg
s0facb7_f16,s0facb7,31,16,R25-223-6_HE,unknown,2025-07-09_Evelyn_HE,unknown,train,uniform,19968,14848,512,,images/s0facb7_019968_014848.jpg,context/s0facb7_019968_014848.jpg
s0facb7_f17,s0facb7,31,17,R25-223-6_HE,unknown,2025-07-09_Evelyn_HE,unknown,train,repeat,20992,18432,512,,images/s0facb7_020992_018432.jpg,context/s0facb7_020992_018432.jpg
s0facb7_f18,s0facb7,31,18,R25-223-6_HE,unknown,2025-07-09_Evelyn_HE,unknown,train,repeat,35328,13824,512,,images/s0facb7_035328_013824.jpg,context/s0facb7_035328_013824.jpg
s46af27_f01,s46af27,32,1,R22--063-12_HE,unknown,2025-09-24HE,unknown,test,uniform,28672,8192,512,,images/s46af27_028672_008192.jpg,context/s46af27_028672_008192.jpg
s46af27_f02,s46af27,32,2,R22--063-12_HE,unknown,2025-09-24HE,unknown,test,uniform,9728,17408,512,,images/s46af27_009728_017408.jpg,context/s46af27_009728_017408.jpg
s46af27_f03,s46af27,32,3,R22--063-12_HE,unknown,2025-09-24HE,unknown,test,uniform,16384,9216,512,,images/s46af27_016384_009216.jpg,context/s46af27_016384_009216.jpg
s46af27_f04,s46af27,32,4,R22--063-12_HE,unknown,2025-09-24HE,unknown,test,uniform,12800,21504,512,,images/s46af27_012800_021504.jpg,context/s46af27_012800_021504.jpg
s46af27_f05,s46af27,32,5,R22--063-12_HE,unknown,2025-09-24HE,unknown,test,uniform,6656,13824,512,,images/s46af27_006656_013824.jpg,context/s46af27_006656_013824.jpg
s46af27_f06,s46af27,32,6,R22--063-12_HE,unknown,2025-09-24HE,unknown,test,uniform,14848,22016,512,,images/s46af27_014848_022016.jpg,context/s46af27_014848_022016.jpg
s46af27_f07,s46af27,32,7,R22--063-12_HE,unknown,2025-09-24HE,unknown,test,uniform,13824,6144,512,,images/s46af27_013824_006144.jpg,context/s46af27_013824_006144.jpg
s46af27_f08,s46af27,32,8,R22--063-12_HE,unknown,2025-09-24HE,unknown,test,uniform,29696,17408,512,,images/s46af27_029696_017408.jpg,context/s46af27_029696_017408.jpg
s46af27_f09,s46af27,32,9,R22--063-12_HE,unknown,2025-09-24HE,unknown,test,uniform,15872,9216,512,,images/s46af27_015872_009216.jpg,context/s46af27_015872_009216.jpg
s46af27_f10,s46af27,32,10,R22--063-12_HE,unknown,2025-09-24HE,unknown,test,uniform,5632,8192,512,,images/s46af27_005632_008192.jpg,context/s46af27_005632_008192.jpg
s46af27_f11,s46af27,32,11,R22--063-12_HE,unknown,2025-09-24HE,unknown,test,uniform,9728,18944,512,,images/s46af27_009728_018944.jpg,context/s46af27_009728_018944.jpg
s46af27_f12,s46af27,32,12,R22--063-12_HE,unknown,2025-09-24HE,unknown,test,uniform,11776,24064,512,,images/s46af27_011776_024064.jpg,context/s46af27_011776_024064.jpg
s46af27_f13,s46af27,32,13,R22--063-12_HE,unknown,2025-09-24HE,unknown,test,uniform,29184,7680,512,,images/s46af27_029184_007680.jpg,context/s46af27_029184_007680.jpg
s46af27_f14,s46af27,32,14,R22--063-12_HE,unknown,2025-09-24HE,unknown,test,uniform,26112,16384,512,,images/s46af27_026112_016384.jpg,context/s46af27_026112_016384.jpg
s46af27_f15,s46af27,32,15,R22--063-12_HE,unknown,2025-09-24HE,unknown,test,uniform,10240,17920,512,,images/s46af27_010240_017920.jpg,context/s46af27_010240_017920.jpg
s46af27_f16,s46af27,32,16,R22--063-12_HE,unknown,2025-09-24HE,unknown,test,uniform,9728,6656,512,,images/s46af27_009728_006656.jpg,context/s46af27_009728_006656.jpg
s46af27_f17,s46af27,32,17,R22--063-12_HE,unknown,2025-09-24HE,unknown,test,repeat,5632,8192,512,,images/s46af27_005632_008192.jpg,context/s46af27_005632_008192.jpg
s46af27_f18,s46af27,32,18,R22--063-12_HE,unknown,2025-09-24HE,unknown,test,repeat,15872,9216,512,,images/s46af27_015872_009216.jpg,context/s46af27_015872_009216.jpg
s65721c_f01,s65721c,33,1,R25-345-12,unknown,2025-11-14HE,unknown,train,uniform,7168,15360,512,,images/s65721c_007168_015360.jpg,context/s65721c_007168_015360.jpg
s65721c_f02,s65721c,33,2,R25-345-12,unknown,2025-11-14HE,unknown,train,uniform,32256,3072,512,,images/s65721c_032256_003072.jpg,context/s65721c_032256_003072.jpg
s65721c_f03,s65721c,33,3,R25-345-12,unknown,2025-11-14HE,unknown,train,uniform,20480,9216,512,,images/s65721c_020480_009216.jpg,context/s65721c_020480_009216.jpg
s65721c_f04,s65721c,33,4,R25-345-12,unknown,2025-11-14HE,unknown,train,uniform,4608,18944,512,,images/s65721c_004608_018944.jpg,context/s65721c_004608_018944.jpg
s65721c_f05,s65721c,33,5,R25-345-12,unknown,2025-11-14HE,unknown,train,uniform,16896,21504,512,,images/s65721c_016896_021504.jpg,context/s65721c_016896_021504.jpg
s65721c_f06,s65721c,33,6,R25-345-12,unknown,2025-11-14HE,unknown,train,uniform,8704,10240,512,,images/s65721c_008704_010240.jpg,context/s65721c_008704_010240.jpg
s65721c_f07,s65721c,33,7,R25-345-12,unknown,2025-11-14HE,unknown,train,uniform,11776,16896,512,,images/s65721c_011776_016896.jpg,context/s65721c_011776_016896.jpg
s65721c_f08,s65721c,33,8,R25-345-12,unknown,2025-11-14HE,unknown,train,uniform,25600,3072,512,,images/s65721c_025600_003072.jpg,context/s65721c_025600_003072.jpg
s65721c_f09,s65721c,33,9,R25-345-12,unknown,2025-11-14HE,unknown,train,uniform,11776,10752,512,,images/s65721c_011776_010752.jpg,context/s65721c_011776_010752.jpg
s65721c_f10,s65721c,33,10,R25-345-12,unknown,2025-11-14HE,unknown,train,uniform,25088,8704,512,,images/s65721c_025088_008704.jpg,context/s65721c_025088_008704.jpg
s65721c_f11,s65721c,33,11,R25-345-12,unknown,2025-11-14HE,unknown,train,uniform,5632,13312,512,,images/s65721c_005632_013312.jpg,context/s65721c_005632_013312.jpg
s65721c_f12,s65721c,33,12,R25-345-12,unknown,2025-11-14HE,unknown,train,uniform,6656,19456,512,,images/s65721c_006656_019456.jpg,context/s65721c_006656_019456.jpg
s65721c_f13,s65721c,33,13,R25-345-12,unknown,2025-11-14HE,unknown,train,uniform,13824,17920,512,,images/s65721c_013824_017920.jpg,context/s65721c_013824_017920.jpg
s65721c_f14,s65721c,33,14,R25-345-12,unknown,2025-11-14HE,unknown,train,uniform,19968,8192,512,,images/s65721c_019968_008192.jpg,context/s65721c_019968_008192.jpg
s65721c_f15,s65721c,33,15,R25-345-12,unknown,2025-11-14HE,unknown,train,uniform,23040,22016,512,,images/s65721c_023040_022016.jpg,context/s65721c_023040_022016.jpg
s65721c_f16,s65721c,33,16,R25-345-12,unknown,2025-11-14HE,unknown,train,uniform,30720,10240,512,,images/s65721c_030720_010240.jpg,context/s65721c_030720_010240.jpg
s65721c_f17,s65721c,33,17,R25-345-12,unknown,2025-11-14HE,unknown,train,repeat,11776,16896,512,,images/s65721c_011776_016896.jpg,context/s65721c_011776_016896.jpg
s65721c_f18,s65721c,33,18,R25-345-12,unknown,2025-11-14HE,unknown,train,repeat,19968,8192,512,,images/s65721c_019968_008192.jpg,context/s65721c_019968_008192.jpg
s1ffd9e_f01,s1ffd9e,34,1,R26-041-23,unknown,P273-2026-02-13_Christina HE,unknown,test,uniform,14848,11776,512,,images/s1ffd9e_014848_011776.jpg,context/s1ffd9e_014848_011776.jpg
s1ffd9e_f02,s1ffd9e,34,2,R26-041-23,unknown,P273-2026-02-13_Christina HE,unknown,test,uniform,31232,19968,512,,images/s1ffd9e_031232_019968.jpg,context/s1ffd9e_031232_019968.jpg
s1ffd9e_f03,s1ffd9e,34,3,R26-041-23,unknown,P273-2026-02-13_Christina HE,unknown,test,uniform,27136,18432,512,,images/s1ffd9e_027136_018432.jpg,context/s1ffd9e_027136_018432.jpg
s1ffd9e_f04,s1ffd9e,34,4,R26-041-23,unknown,P273-2026-02-13_Christina HE,unknown,test,uniform,30720,22016,512,,images/s1ffd9e_030720_022016.jpg,context/s1ffd9e_030720_022016.jpg
s1ffd9e_f05,s1ffd9e,34,5,R26-041-23,unknown,P273-2026-02-13_Christina HE,unknown,test,uniform,43520,9216,512,,images/s1ffd9e_043520_009216.jpg,context/s1ffd9e_043520_009216.jpg
s1ffd9e_f06,s1ffd9e,34,6,R26-041-23,unknown,P273-2026-02-13_Christina HE,unknown,test,uniform,32768,24576,512,,images/s1ffd9e_032768_024576.jpg,context/s1ffd9e_032768_024576.jpg
s1ffd9e_f07,s1ffd9e,34,7,R26-041-23,unknown,P273-2026-02-13_Christina HE,unknown,test,uniform,40960,7680,512,,images/s1ffd9e_040960_007680.jpg,context/s1ffd9e_040960_007680.jpg
s1ffd9e_f08,s1ffd9e,34,8,R26-041-23,unknown,P273-2026-02-13_Christina HE,unknown,test,uniform,35328,30720,512,,images/s1ffd9e_035328_030720.jpg,context/s1ffd9e_035328_030720.jpg
s1ffd9e_f09,s1ffd9e,34,9,R26-041-23,unknown,P273-2026-02-13_Christina HE,unknown,test,uniform,8192,24064,512,,images/s1ffd9e_008192_024064.jpg,context/s1ffd9e_008192_024064.jpg
s1ffd9e_f10,s1ffd9e,34,10,R26-041-23,unknown,P273-2026-02-13_Christina HE,unknown,test,uniform,18944,19968,512,,images/s1ffd9e_018944_019968.jpg,context/s1ffd9e_018944_019968.jpg
s1ffd9e_f11,s1ffd9e,34,11,R26-041-23,unknown,P273-2026-02-13_Christina HE,unknown,test,uniform,32256,30720,512,,images/s1ffd9e_032256_030720.jpg,context/s1ffd9e_032256_030720.jpg
s1ffd9e_f12,s1ffd9e,34,12,R26-041-23,unknown,P273-2026-02-13_Christina HE,unknown,test,uniform,29184,23040,512,,images/s1ffd9e_029184_023040.jpg,context/s1ffd9e_029184_023040.jpg
s1ffd9e_f13,s1ffd9e,34,13,R26-041-23,unknown,P273-2026-02-13_Christina HE,unknown,test,uniform,50176,30720,512,,images/s1ffd9e_050176_030720.jpg,context/s1ffd9e_050176_030720.jpg
s1ffd9e_f14,s1ffd9e,34,14,R26-041-23,unknown,P273-2026-02-13_Christina HE,unknown,test,uniform,3584,16896,512,,images/s1ffd9e_003584_016896.jpg,context/s1ffd9e_003584_016896.jpg
s1ffd9e_f15,s1ffd9e,34,15,R26-041-23,unknown,P273-2026-02-13_Christina HE,unknown,test,uniform,3072,25088,512,,images/s1ffd9e_003072_025088.jpg,context/s1ffd9e_003072_025088.jpg
s1ffd9e_f16,s1ffd9e,34,16,R26-041-23,unknown,P273-2026-02-13_Christina HE,unknown,test,uniform,34304,11264,512,,images/s1ffd9e_034304_011264.jpg,context/s1ffd9e_034304_011264.jpg
s1ffd9e_f17,s1ffd9e,34,17,R26-041-23,unknown,P273-2026-02-13_Christina HE,unknown,test,repeat,8192,24064,512,,images/s1ffd9e_008192_024064.jpg,context/s1ffd9e_008192_024064.jpg
s1ffd9e_f18,s1ffd9e,34,18,R26-041-23,unknown,P273-2026-02-13_Christina HE,unknown,test,repeat,3072,25088,512,,images/s1ffd9e_003072_025088.jpg,context/s1ffd9e_003072_025088.jpg
s30f28f_f01,s30f28f,35,1,R25-264-10,MASH,2025-08-25HE,unknown,test,uniform,14848,11776,512,2.7050230078456057,images/s30f28f_014848_011776.jpg,context/s30f28f_014848_011776.jpg
s30f28f_f02,s30f28f,35,2,R25-264-10,MASH,2025-08-25HE,unknown,test,uniform,12800,6656,512,1.3632176399339402,images/s30f28f_012800_006656.jpg,context/s30f28f_012800_006656.jpg
s30f28f_f03,s30f28f,35,3,R25-264-10,MASH,2025-08-25HE,unknown,test,uniform,6144,16384,512,,images/s30f28f_006144_016384.jpg,context/s30f28f_006144_016384.jpg
s30f28f_f04,s30f28f,35,4,R25-264-10,MASH,2025-08-25HE,unknown,test,uniform,6656,11776,512,5.881876112693762,images/s30f28f_006656_011776.jpg,context/s30f28f_006656_011776.jpg
s30f28f_f05,s30f28f,35,5,R25-264-10,MASH,2025-08-25HE,unknown,test,uniform,27136,6656,512,3.619072315052443,images/s30f28f_027136_006656.jpg,context/s30f28f_027136_006656.jpg
s30f28f_f06,s30f28f,35,6,R25-264-10,MASH,2025-08-25HE,unknown,test,uniform,5120,22528,512,0.1311700833363699,images/s30f28f_005120_022528.jpg,context/s30f28f_005120_022528.jpg
s30f28f_f07,s30f28f,35,7,R25-264-10,MASH,2025-08-25HE,unknown,test,uniform,30720,6656,512,3.469868608665745,images/s30f28f_030720_006656.jpg,context/s30f28f_030720_006656.jpg
s30f28f_f08,s30f28f,35,8,R25-264-10,MASH,2025-08-25HE,unknown,test,uniform,33792,16384,512,3.010194701797176,images/s30f28f_033792_016384.jpg,context/s30f28f_033792_016384.jpg
s30f28f_f09,s30f28f,35,9,R25-264-10,MASH,2025-08-25HE,unknown,test,uniform,22016,16384,512,4.025413939769698,images/s30f28f_022016_016384.jpg,context/s30f28f_022016_016384.jpg
s30f28f_f10,s30f28f,35,10,R25-264-10,MASH,2025-08-25HE,unknown,test,uniform,12288,22528,512,4.283124144977818,images/s30f28f_012288_022528.jpg,context/s30f28f_012288_022528.jpg
s30f28f_f11,s30f28f,35,11,R25-264-10,MASH,2025-08-25HE,unknown,test,uniform,13824,16384,512,,images/s30f28f_013824_016384.jpg,context/s30f28f_013824_016384.jpg
s30f28f_f12,s30f28f,35,12,R25-264-10,MASH,2025-08-25HE,unknown,test,uniform,34816,15872,512,8.477139724896553,images/s30f28f_034816_015872.jpg,context/s30f28f_034816_015872.jpg
s30f28f_f13,s30f28f,35,13,R25-264-10,MASH,2025-08-25HE,unknown,test,uniform,25600,21504,512,1.417866813745811,images/s30f28f_025600_021504.jpg,context/s30f28f_025600_021504.jpg
s30f28f_f14,s30f28f,35,14,R25-264-10,MASH,2025-08-25HE,unknown,test,uniform,4608,16384,512,2.4560964910555247,images/s30f28f_004608_016384.jpg,context/s30f28f_004608_016384.jpg
s30f28f_f15,s30f28f,35,15,R25-264-10,MASH,2025-08-25HE,unknown,test,uniform,7168,22528,512,0.3849020015873021,images/s30f28f_007168_022528.jpg,context/s30f28f_007168_022528.jpg
s30f28f_f16,s30f28f,35,16,R25-264-10,MASH,2025-08-25HE,unknown,test,uniform,21504,6144,512,3.5037330393692745,images/s30f28f_021504_006144.jpg,context/s30f28f_021504_006144.jpg
s30f28f_f17,s30f28f,35,17,R25-264-10,MASH,2025-08-25HE,unknown,test,repeat,22016,16384,512,4.025413939769698,images/s30f28f_022016_016384.jpg,context/s30f28f_022016_016384.jpg
s30f28f_f18,s30f28f,35,18,R25-264-10,MASH,2025-08-25HE,unknown,test,repeat,6144,16384,512,,images/s30f28f_006144_016384.jpg,context/s30f28f_006144_016384.jpg
s979fbc_f01,s979fbc,36,1,R26-122-11_HE_80,CCl4,2026-04-20_CCl4_HE,unknown,train,uniform,21504,18944,512,,images/s979fbc_021504_018944.jpg,context/s979fbc_021504_018944.jpg
s979fbc_f02,s979fbc,36,2,R26-122-11_HE_80,CCl4,2026-04-20_CCl4_HE,unknown,train,uniform,7680,19456,512,,images/s979fbc_007680_019456.jpg,context/s979fbc_007680_019456.jpg
s979fbc_f03,s979fbc,36,3,R26-122-11_HE_80,CCl4,2026-04-20_CCl4_HE,unknown,train,uniform,20992,17920,512,,images/s979fbc_020992_017920.jpg,context/s979fbc_020992_017920.jpg
s979fbc_f04,s979fbc,36,4,R26-122-11_HE_80,CCl4,2026-04-20_CCl4_HE,unknown,train,uniform,18944,9216,512,,images/s979fbc_018944_009216.jpg,context/s979fbc_018944_009216.jpg
s979fbc_f05,s979fbc,36,5,R26-122-11_HE_80,CCl4,2026-04-20_CCl4_HE,unknown,train,uniform,8192,9216,512,,images/s979fbc_008192_009216.jpg,context/s979fbc_008192_009216.jpg
s979fbc_f06,s979fbc,36,6,R26-122-11_HE_80,CCl4,2026-04-20_CCl4_HE,unknown,train,uniform,7680,25088,512,,images/s979fbc_007680_025088.jpg,context/s979fbc_007680_025088.jpg
s979fbc_f07,s979fbc,36,7,R26-122-11_HE_80,CCl4,2026-04-20_CCl4_HE,unknown,train,uniform,16896,24576,512,,images/s979fbc_016896_024576.jpg,context/s979fbc_016896_024576.jpg
s979fbc_f08,s979fbc,36,8,R26-122-11_HE_80,CCl4,2026-04-20_CCl4_HE,unknown,train,uniform,13824,22528,512,,images/s979fbc_013824_022528.jpg,context/s979fbc_013824_022528.jpg
s979fbc_f09,s979fbc,36,9,R26-122-11_HE_80,CCl4,2026-04-20_CCl4_HE,unknown,train,uniform,9728,27648,512,,images/s979fbc_009728_027648.jpg,context/s979fbc_009728_027648.jpg
s979fbc_f10,s979fbc,36,10,R26-122-11_HE_80,CCl4,2026-04-20_CCl4_HE,unknown,train,uniform,6144,9216,512,,images/s979fbc_006144_009216.jpg,context/s979fbc_006144_009216.jpg
s979fbc_f11,s979fbc,36,11,R26-122-11_HE_80,CCl4,2026-04-20_CCl4_HE,unknown,train,uniform,18432,22016,512,,images/s979fbc_018432_022016.jpg,context/s979fbc_018432_022016.jpg
s979fbc_f12,s979fbc,36,12,R26-122-11_HE_80,CCl4,2026-04-20_CCl4_HE,unknown,train,uniform,18432,15360,512,,images/s979fbc_018432_015360.jpg,context/s979fbc_018432_015360.jpg
s979fbc_f13,s979fbc,36,13,R26-122-11_HE_80,CCl4,2026-04-20_CCl4_HE,unknown,train,uniform,4096,12288,512,,images/s979fbc_004096_012288.jpg,context/s979fbc_004096_012288.jpg
s979fbc_f14,s979fbc,36,14,R26-122-11_HE_80,CCl4,2026-04-20_CCl4_HE,unknown,train,uniform,5632,11264,512,,images/s979fbc_005632_011264.jpg,context/s979fbc_005632_011264.jpg
s979fbc_f15,s979fbc,36,15,R26-122-11_HE_80,CCl4,2026-04-20_CCl4_HE,unknown,train,uniform,12288,13312,512,,images/s979fbc_012288_013312.jpg,context/s979fbc_012288_013312.jpg
s979fbc_f16,s979fbc,36,16,R26-122-11_HE_80,CCl4,2026-04-20_CCl4_HE,unknown,train,uniform,9216,25600,512,,images/s979fbc_009216_025600.jpg,context/s979fbc_009216_025600.jpg
s979fbc_f17,s979fbc,36,17,R26-122-11_HE_80,CCl4,2026-04-20_CCl4_HE,unknown,train,repeat,5632,11264,512,,images/s979fbc_005632_011264.jpg,context/s979fbc_005632_011264.jpg
s979fbc_f18,s979fbc,36,18,R26-122-11_HE_80,CCl4,2026-04-20_CCl4_HE,unknown,train,repeat,18944,9216,512,,images/s979fbc_018944_009216.jpg,context/s979fbc_018944_009216.jpg
s5f66af_f01,s5f66af,37,1,R22-354_16_ACLY656 CHOW1,ACLY656,2025-03-28_Celina 656D H&E,chow,test,uniform,27648,10240,512,1.28548582554898,images/s5f66af_027648_010240.jpg,context/s5f66af_027648_010240.jpg
s5f66af_f02,s5f66af,37,2,R22-354_16_ACLY656 CHOW1,ACLY656,2025-03-28_Celina 656D H&E,chow,test,uniform,15872,12288,512,1.4809486886509775,images/s5f66af_015872_012288.jpg,context/s5f66af_015872_012288.jpg
s5f66af_f03,s5f66af,37,3,R22-354_16_ACLY656 CHOW1,ACLY656,2025-03-28_Celina 656D H&E,chow,test,uniform,7680,12800,512,4.313897359105209,images/s5f66af_007680_012800.jpg,context/s5f66af_007680_012800.jpg
s5f66af_f04,s5f66af,37,4,R22-354_16_ACLY656 CHOW1,ACLY656,2025-03-28_Celina 656D H&E,chow,test,uniform,12288,9728,512,2.362577994654979,images/s5f66af_012288_009728.jpg,context/s5f66af_012288_009728.jpg
s5f66af_f05,s5f66af,37,5,R22-354_16_ACLY656 CHOW1,ACLY656,2025-03-28_Celina 656D H&E,chow,test,uniform,20480,11776,512,,images/s5f66af_020480_011776.jpg,context/s5f66af_020480_011776.jpg
s5f66af_f06,s5f66af,37,6,R22-354_16_ACLY656 CHOW1,ACLY656,2025-03-28_Celina 656D H&E,chow,test,uniform,19968,12288,512,,images/s5f66af_019968_012288.jpg,context/s5f66af_019968_012288.jpg
s5f66af_f07,s5f66af,37,7,R22-354_16_ACLY656 CHOW1,ACLY656,2025-03-28_Celina 656D H&E,chow,test,uniform,14336,10240,512,1.6792142863662467,images/s5f66af_014336_010240.jpg,context/s5f66af_014336_010240.jpg
s5f66af_f08,s5f66af,37,8,R22-354_16_ACLY656 CHOW1,ACLY656,2025-03-28_Celina 656D H&E,chow,test,uniform,9216,9216,512,3.67870732629319,images/s5f66af_009216_009216.jpg,context/s5f66af_009216_009216.jpg
s5f66af_f09,s5f66af,37,9,R22-354_16_ACLY656 CHOW1,ACLY656,2025-03-28_Celina 656D H&E,chow,test,uniform,24576,10240,512,0.7721265793148802,images/s5f66af_024576_010240.jpg,context/s5f66af_024576_010240.jpg
s5f66af_f10,s5f66af,37,10,R22-354_16_ACLY656 CHOW1,ACLY656,2025-03-28_Celina 656D H&E,chow,test,uniform,22016,12288,512,0.8877019326252238,images/s5f66af_022016_012288.jpg,context/s5f66af_022016_012288.jpg
s5f66af_f11,s5f66af,37,11,R22-354_16_ACLY656 CHOW1,ACLY656,2025-03-28_Celina 656D H&E,chow,test,uniform,10240,12800,512,0.7519775701161022,images/s5f66af_010240_012800.jpg,context/s5f66af_010240_012800.jpg
s5f66af_f12,s5f66af,37,12,R22-354_16_ACLY656 CHOW1,ACLY656,2025-03-28_Celina 656D H&E,chow,test,uniform,12288,12288,512,0.3633429305909942,images/s5f66af_012288_012288.jpg,context/s5f66af_012288_012288.jpg
s5f66af_f13,s5f66af,37,13,R22-354_16_ACLY656 CHOW1,ACLY656,2025-03-28_Celina 656D H&E,chow,test,uniform,19456,11264,512,0.1593229536180836,images/s5f66af_019456_011264.jpg,context/s5f66af_019456_011264.jpg
s5f66af_f14,s5f66af,37,14,R22-354_16_ACLY656 CHOW1,ACLY656,2025-03-28_Celina 656D H&E,chow,test,uniform,16896,10240,512,,images/s5f66af_016896_010240.jpg,context/s5f66af_016896_010240.jpg
s5f66af_f15,s5f66af,37,15,R22-354_16_ACLY656 CHOW1,ACLY656,2025-03-28_Celina 656D H&E,chow,test,uniform,9728,10752,512,1.6357182719149983,images/s5f66af_009728_010752.jpg,context/s5f66af_009728_010752.jpg
s5f66af_f16,s5f66af,37,16,R22-354_16_ACLY656 CHOW1,ACLY656,2025-03-28_Celina 656D H&E,chow,test,uniform,27136,12288,512,3.475867703257259,images/s5f66af_027136_012288.jpg,context/s5f66af_027136_012288.jpg
s5f66af_f17,s5f66af,37,17,R22-354_16_ACLY656 CHOW1,ACLY656,2025-03-28_Celina 656D H&E,chow,test,repeat,27648,10240,512,1.28548582554898,images/s5f66af_027648_010240.jpg,context/s5f66af_027648_010240.jpg
s5f66af_f18,s5f66af,37,18,R22-354_16_ACLY656 CHOW1,ACLY656,2025-03-28_Celina 656D H&E,chow,test,repeat,9728,10752,512,1.6357182719149983,images/s5f66af_009728_010752.jpg,context/s5f66af_009728_010752.jpg
s321085_f01,s321085,38,1,R25-079_27_HE,unknown,2025-03-07_Jaya HE,unknown,train,uniform,42496,10752,512,,images/s321085_042496_010752.jpg,context/s321085_042496_010752.jpg
s321085_f02,s321085,38,2,R25-079_27_HE,unknown,2025-03-07_Jaya HE,unknown,train,uniform,63488,23040,512,,images/s321085_063488_023040.jpg,context/s321085_063488_023040.jpg
s321085_f03,s321085,38,3,R25-079_27_HE,unknown,2025-03-07_Jaya HE,unknown,train,uniform,51712,21504,512,,images/s321085_051712_021504.jpg,context/s321085_051712_021504.jpg
s321085_f04,s321085,38,4,R25-079_27_HE,unknown,2025-03-07_Jaya HE,unknown,train,uniform,10752,18432,512,,images/s321085_010752_018432.jpg,context/s321085_010752_018432.jpg
s321085_f05,s321085,38,5,R25-079_27_HE,unknown,2025-03-07_Jaya HE,unknown,train,uniform,40960,28160,512,,images/s321085_040960_028160.jpg,context/s321085_040960_028160.jpg
s321085_f06,s321085,38,6,R25-079_27_HE,unknown,2025-03-07_Jaya HE,unknown,train,uniform,38400,22016,512,,images/s321085_038400_022016.jpg,context/s321085_038400_022016.jpg
s321085_f07,s321085,38,7,R25-079_27_HE,unknown,2025-03-07_Jaya HE,unknown,train,uniform,33280,22528,512,,images/s321085_033280_022528.jpg,context/s321085_033280_022528.jpg
s321085_f08,s321085,38,8,R25-079_27_HE,unknown,2025-03-07_Jaya HE,unknown,train,uniform,29696,33792,512,,images/s321085_029696_033792.jpg,context/s321085_029696_033792.jpg
s321085_f09,s321085,38,9,R25-079_27_HE,unknown,2025-03-07_Jaya HE,unknown,train,uniform,37376,5632,512,,images/s321085_037376_005632.jpg,context/s321085_037376_005632.jpg
s321085_f10,s321085,38,10,R25-079_27_HE,unknown,2025-03-07_Jaya HE,unknown,train,uniform,45056,13312,512,,images/s321085_045056_013312.jpg,context/s321085_045056_013312.jpg
s321085_f11,s321085,38,11,R25-079_27_HE,unknown,2025-03-07_Jaya HE,unknown,train,uniform,49152,31744,512,,images/s321085_049152_031744.jpg,context/s321085_049152_031744.jpg
s321085_f12,s321085,38,12,R25-079_27_HE,unknown,2025-03-07_Jaya HE,unknown,train,uniform,52736,12288,512,,images/s321085_052736_012288.jpg,context/s321085_052736_012288.jpg
s321085_f13,s321085,38,13,R25-079_27_HE,unknown,2025-03-07_Jaya HE,unknown,train,uniform,24064,23040,512,,images/s321085_024064_023040.jpg,context/s321085_024064_023040.jpg
s321085_f14,s321085,38,14,R25-079_27_HE,unknown,2025-03-07_Jaya HE,unknown,train,uniform,26112,19456,512,,images/s321085_026112_019456.jpg,context/s321085_026112_019456.jpg
s321085_f15,s321085,38,15,R25-079_27_HE,unknown,2025-03-07_Jaya HE,unknown,train,uniform,29184,11776,512,,images/s321085_029184_011776.jpg,context/s321085_029184_011776.jpg
s321085_f16,s321085,38,16,R25-079_27_HE,unknown,2025-03-07_Jaya HE,unknown,train,uniform,3072,13824,512,,images/s321085_003072_013824.jpg,context/s321085_003072_013824.jpg
s321085_f17,s321085,38,17,R25-079_27_HE,unknown,2025-03-07_Jaya HE,unknown,train,repeat,29696,33792,512,,images/s321085_029696_033792.jpg,context/s321085_029696_033792.jpg
s321085_f18,s321085,38,18,R25-079_27_HE,unknown,2025-03-07_Jaya HE,unknown,train,repeat,52736,12288,512,,images/s321085_052736_012288.jpg,context/s321085_052736_012288.jpg
s668b98_f01,s668b98,39,1,R25-151_24_HE,unknown,2025-04-29HE,unknown,train,uniform,3584,10240,512,,images/s668b98_003584_010240.jpg,context/s668b98_003584_010240.jpg
s668b98_f02,s668b98,39,2,R25-151_24_HE,unknown,2025-04-29HE,unknown,train,uniform,20992,20480,512,,images/s668b98_020992_020480.jpg,context/s668b98_020992_020480.jpg
s668b98_f03,s668b98,39,3,R25-151_24_HE,unknown,2025-04-29HE,unknown,train,uniform,28672,14336,512,,images/s668b98_028672_014336.jpg,context/s668b98_028672_014336.jpg
s668b98_f04,s668b98,39,4,R25-151_24_HE,unknown,2025-04-29HE,unknown,train,uniform,20480,5632,512,,images/s668b98_020480_005632.jpg,context/s668b98_020480_005632.jpg
s668b98_f05,s668b98,39,5,R25-151_24_HE,unknown,2025-04-29HE,unknown,train,uniform,31232,17408,512,,images/s668b98_031232_017408.jpg,context/s668b98_031232_017408.jpg
s668b98_f06,s668b98,39,6,R25-151_24_HE,unknown,2025-04-29HE,unknown,train,uniform,12288,11776,512,,images/s668b98_012288_011776.jpg,context/s668b98_012288_011776.jpg
s668b98_f07,s668b98,39,7,R25-151_24_HE,unknown,2025-04-29HE,unknown,train,uniform,30720,9728,512,,images/s668b98_030720_009728.jpg,context/s668b98_030720_009728.jpg
s668b98_f08,s668b98,39,8,R25-151_24_HE,unknown,2025-04-29HE,unknown,train,uniform,20992,19968,512,,images/s668b98_020992_019968.jpg,context/s668b98_020992_019968.jpg
s668b98_f09,s668b98,39,9,R25-151_24_HE,unknown,2025-04-29HE,unknown,train,uniform,23552,18432,512,,images/s668b98_023552_018432.jpg,context/s668b98_023552_018432.jpg
s668b98_f10,s668b98,39,10,R25-151_24_HE,unknown,2025-04-29HE,unknown,train,uniform,14336,6144,512,,images/s668b98_014336_006144.jpg,context/s668b98_014336_006144.jpg
s668b98_f11,s668b98,39,11,R25-151_24_HE,unknown,2025-04-29HE,unknown,train,uniform,32768,17920,512,,images/s668b98_032768_017920.jpg,context/s668b98_032768_017920.jpg
s668b98_f12,s668b98,39,12,R25-151_24_HE,unknown,2025-04-29HE,unknown,train,uniform,12800,14336,512,,images/s668b98_012800_014336.jpg,context/s668b98_012800_014336.jpg
s668b98_f13,s668b98,39,13,R25-151_24_HE,unknown,2025-04-29HE,unknown,train,uniform,8192,11776,512,,images/s668b98_008192_011776.jpg,context/s668b98_008192_011776.jpg
s668b98_f14,s668b98,39,14,R25-151_24_HE,unknown,2025-04-29HE,unknown,train,uniform,24064,8704,512,,images/s668b98_024064_008704.jpg,context/s668b98_024064_008704.jpg
s668b98_f15,s668b98,39,15,R25-151_24_HE,unknown,2025-04-29HE,unknown,train,uniform,25088,18944,512,,images/s668b98_025088_018944.jpg,context/s668b98_025088_018944.jpg
s668b98_f16,s668b98,39,16,R25-151_24_HE,unknown,2025-04-29HE,unknown,train,uniform,31744,12288,512,,images/s668b98_031744_012288.jpg,context/s668b98_031744_012288.jpg
s668b98_f17,s668b98,39,17,R25-151_24_HE,unknown,2025-04-29HE,unknown,train,repeat,30720,9728,512,,images/s668b98_030720_009728.jpg,context/s668b98_030720_009728.jpg
s668b98_f18,s668b98,39,18,R25-151_24_HE,unknown,2025-04-29HE,unknown,train,repeat,20992,20480,512,,images/s668b98_020992_020480.jpg,context/s668b98_020992_020480.jpg
s023397_f01,s023397,40,1,R25-223-1_HE,unknown,2025-07-09_Evelyn_HE,unknown,train,uniform,28160,10240,512,,images/s023397_028160_010240.jpg,context/s023397_028160_010240.jpg
s023397_f02,s023397,40,2,R25-223-1_HE,unknown,2025-07-09_Evelyn_HE,unknown,train,uniform,28672,8192,512,,images/s023397_028672_008192.jpg,context/s023397_028672_008192.jpg
s023397_f03,s023397,40,3,R25-223-1_HE,unknown,2025-07-09_Evelyn_HE,unknown,train,uniform,6144,14848,512,,images/s023397_006144_014848.jpg,context/s023397_006144_014848.jpg
s023397_f04,s023397,40,4,R25-223-1_HE,unknown,2025-07-09_Evelyn_HE,unknown,train,uniform,13824,4608,512,,images/s023397_013824_004608.jpg,context/s023397_013824_004608.jpg
s023397_f05,s023397,40,5,R25-223-1_HE,unknown,2025-07-09_Evelyn_HE,unknown,train,uniform,30720,14336,512,,images/s023397_030720_014336.jpg,context/s023397_030720_014336.jpg
s023397_f06,s023397,40,6,R25-223-1_HE,unknown,2025-07-09_Evelyn_HE,unknown,train,uniform,42496,16384,512,,images/s023397_042496_016384.jpg,context/s023397_042496_016384.jpg
s023397_f07,s023397,40,7,R25-223-1_HE,unknown,2025-07-09_Evelyn_HE,unknown,train,uniform,5632,11776,512,,images/s023397_005632_011776.jpg,context/s023397_005632_011776.jpg
s023397_f08,s023397,40,8,R25-223-1_HE,unknown,2025-07-09_Evelyn_HE,unknown,train,uniform,11776,20480,512,,images/s023397_011776_020480.jpg,context/s023397_011776_020480.jpg
s023397_f09,s023397,40,9,R25-223-1_HE,unknown,2025-07-09_Evelyn_HE,unknown,train,uniform,31744,17920,512,,images/s023397_031744_017920.jpg,context/s023397_031744_017920.jpg
s023397_f10,s023397,40,10,R25-223-1_HE,unknown,2025-07-09_Evelyn_HE,unknown,train,uniform,18944,20992,512,,images/s023397_018944_020992.jpg,context/s023397_018944_020992.jpg
s023397_f11,s023397,40,11,R25-223-1_HE,unknown,2025-07-09_Evelyn_HE,unknown,train,uniform,34304,9216,512,,images/s023397_034304_009216.jpg,context/s023397_034304_009216.jpg
s023397_f12,s023397,40,12,R25-223-1_HE,unknown,2025-07-09_Evelyn_HE,unknown,train,uniform,29696,11264,512,,images/s023397_029696_011264.jpg,context/s023397_029696_011264.jpg
s023397_f13,s023397,40,13,R25-223-1_HE,unknown,2025-07-09_Evelyn_HE,unknown,train,uniform,38912,3072,512,,images/s023397_038912_003072.jpg,context/s023397_038912_003072.jpg
s023397_f14,s023397,40,14,R25-223-1_HE,unknown,2025-07-09_Evelyn_HE,unknown,train,uniform,15872,16896,512,,images/s023397_015872_016896.jpg,context/s023397_015872_016896.jpg
s023397_f15,s023397,40,15,R25-223-1_HE,unknown,2025-07-09_Evelyn_HE,unknown,train,uniform,16384,3584,512,,images/s023397_016384_003584.jpg,context/s023397_016384_003584.jpg
s023397_f16,s023397,40,16,R25-223-1_HE,unknown,2025-07-09_Evelyn_HE,unknown,train,uniform,36352,8704,512,,images/s023397_036352_008704.jpg,context/s023397_036352_008704.jpg
s023397_f17,s023397,40,17,R25-223-1_HE,unknown,2025-07-09_Evelyn_HE,unknown,train,repeat,36352,8704,512,,images/s023397_036352_008704.jpg,context/s023397_036352_008704.jpg
s023397_f18,s023397,40,18,R25-223-1_HE,unknown,2025-07-09_Evelyn_HE,unknown,train,repeat,30720,14336,512,,images/s023397_030720_014336.jpg,context/s023397_030720_014336.jpg
sc289cf_f01,sc289cf,41,1,R22--063-23_HE,unknown,2025-09-24HE,unknown,train,uniform,17920,23040,512,,images/sc289cf_017920_023040.jpg,context/sc289cf_017920_023040.jpg
sc289cf_f02,sc289cf,41,2,R22--063-23_HE,unknown,2025-09-24HE,unknown,train,uniform,26624,6144,512,,images/sc289cf_026624_006144.jpg,context/sc289cf_026624_006144.jpg
sc289cf_f03,sc289cf,41,3,R22--063-23_HE,unknown,2025-09-24HE,unknown,train,uniform,14848,23552,512,,images/sc289cf_014848_023552.jpg,context/sc289cf_014848_023552.jpg
sc289cf_f04,sc289cf,41,4,R22--063-23_HE,unknown,2025-09-24HE,unknown,train,uniform,3584,16384,512,,images/sc289cf_003584_016384.jpg,context/sc289cf_003584_016384.jpg
sc289cf_f05,sc289cf,41,5,R22--063-23_HE,unknown,2025-09-24HE,unknown,train,uniform,28160,14336,512,,images/sc289cf_028160_014336.jpg,context/sc289cf_028160_014336.jpg
sc289cf_f06,sc289cf,41,6,R22--063-23_HE,unknown,2025-09-24HE,unknown,train,uniform,17920,20992,512,,images/sc289cf_017920_020992.jpg,context/sc289cf_017920_020992.jpg
sc289cf_f07,sc289cf,41,7,R22--063-23_HE,unknown,2025-09-24HE,unknown,train,uniform,19968,12288,512,,images/sc289cf_019968_012288.jpg,context/sc289cf_019968_012288.jpg
sc289cf_f08,sc289cf,41,8,R22--063-23_HE,unknown,2025-09-24HE,unknown,train,uniform,17408,9728,512,,images/sc289cf_017408_009728.jpg,context/sc289cf_017408_009728.jpg
sc289cf_f09,sc289cf,41,9,R22--063-23_HE,unknown,2025-09-24HE,unknown,train,uniform,25088,9216,512,,images/sc289cf_025088_009216.jpg,context/sc289cf_025088_009216.jpg
sc289cf_f10,sc289cf,41,10,R22--063-23_HE,unknown,2025-09-24HE,unknown,train,uniform,10240,21504,512,,images/sc289cf_010240_021504.jpg,context/sc289cf_010240_021504.jpg
sc289cf_f11,sc289cf,41,11,R22--063-23_HE,unknown,2025-09-24HE,unknown,train,uniform,4608,13824,512,,images/sc289cf_004608_013824.jpg,context/sc289cf_004608_013824.jpg
sc289cf_f12,sc289cf,41,12,R22--063-23_HE,unknown,2025-09-24HE,unknown,train,uniform,23552,22528,512,,images/sc289cf_023552_022528.jpg,context/sc289cf_023552_022528.jpg
sc289cf_f13,sc289cf,41,13,R22--063-23_HE,unknown,2025-09-24HE,unknown,train,uniform,33280,13824,512,,images/sc289cf_033280_013824.jpg,context/sc289cf_033280_013824.jpg
sc289cf_f14,sc289cf,41,14,R22--063-23_HE,unknown,2025-09-24HE,unknown,train,uniform,22016,15360,512,,images/sc289cf_022016_015360.jpg,context/sc289cf_022016_015360.jpg
sc289cf_f15,sc289cf,41,15,R22--063-23_HE,unknown,2025-09-24HE,unknown,train,uniform,3584,14848,512,,images/sc289cf_003584_014848.jpg,context/sc289cf_003584_014848.jpg
sc289cf_f16,sc289cf,41,16,R22--063-23_HE,unknown,2025-09-24HE,unknown,train,uniform,23040,19456,512,,images/sc289cf_023040_019456.jpg,context/sc289cf_023040_019456.jpg
sc289cf_f17,sc289cf,41,17,R22--063-23_HE,unknown,2025-09-24HE,unknown,train,repeat,17408,9728,512,,images/sc289cf_017408_009728.jpg,context/sc289cf_017408_009728.jpg
sc289cf_f18,sc289cf,41,18,R22--063-23_HE,unknown,2025-09-24HE,unknown,train,repeat,3584,16384,512,,images/sc289cf_003584_016384.jpg,context/sc289cf_003584_016384.jpg
scf2c6b_f01,scf2c6b,42,1,R25-345-3,unknown,2025-11-14HE,unknown,train,uniform,16896,12288,512,,images/scf2c6b_016896_012288.jpg,context/scf2c6b_016896_012288.jpg
scf2c6b_f02,scf2c6b,42,2,R25-345-3,unknown,2025-11-14HE,unknown,train,uniform,14848,33280,512,,images/scf2c6b_014848_033280.jpg,context/scf2c6b_014848_033280.jpg
scf2c6b_f03,scf2c6b,42,3,R25-345-3,unknown,2025-11-14HE,unknown,train,uniform,16896,6144,512,,images/scf2c6b_016896_006144.jpg,context/scf2c6b_016896_006144.jpg
scf2c6b_f04,scf2c6b,42,4,R25-345-3,unknown,2025-11-14HE,unknown,train,uniform,17408,29696,512,,images/scf2c6b_017408_029696.jpg,context/scf2c6b_017408_029696.jpg
scf2c6b_f05,scf2c6b,42,5,R25-345-3,unknown,2025-11-14HE,unknown,train,uniform,8192,21504,512,,images/scf2c6b_008192_021504.jpg,context/scf2c6b_008192_021504.jpg
scf2c6b_f06,scf2c6b,42,6,R25-345-3,unknown,2025-11-14HE,unknown,train,uniform,22016,11264,512,,images/scf2c6b_022016_011264.jpg,context/scf2c6b_022016_011264.jpg
scf2c6b_f07,scf2c6b,42,7,R25-345-3,unknown,2025-11-14HE,unknown,train,uniform,11264,18432,512,,images/scf2c6b_011264_018432.jpg,context/scf2c6b_011264_018432.jpg
scf2c6b_f08,scf2c6b,42,8,R25-345-3,unknown,2025-11-14HE,unknown,train,uniform,24064,6144,512,,images/scf2c6b_024064_006144.jpg,context/scf2c6b_024064_006144.jpg
scf2c6b_f09,scf2c6b,42,9,R25-345-3,unknown,2025-11-14HE,unknown,train,uniform,13824,31744,512,,images/scf2c6b_013824_031744.jpg,context/scf2c6b_013824_031744.jpg
scf2c6b_f10,scf2c6b,42,10,R25-345-3,unknown,2025-11-14HE,unknown,train,uniform,22528,16384,512,,images/scf2c6b_022528_016384.jpg,context/scf2c6b_022528_016384.jpg
scf2c6b_f11,scf2c6b,42,11,R25-345-3,unknown,2025-11-14HE,unknown,train,uniform,5632,26624,512,,images/scf2c6b_005632_026624.jpg,context/scf2c6b_005632_026624.jpg
scf2c6b_f12,scf2c6b,42,12,R25-345-3,unknown,2025-11-14HE,unknown,train,uniform,25088,11264,512,,images/scf2c6b_025088_011264.jpg,context/scf2c6b_025088_011264.jpg
scf2c6b_f13,scf2c6b,42,13,R25-345-3,unknown,2025-11-14HE,unknown,train,uniform,15360,16384,512,,images/scf2c6b_015360_016384.jpg,context/scf2c6b_015360_016384.jpg
scf2c6b_f14,scf2c6b,42,14,R25-345-3,unknown,2025-11-14HE,unknown,train,uniform,22528,19456,512,,images/scf2c6b_022528_019456.jpg,context/scf2c6b_022528_019456.jpg
scf2c6b_f15,scf2c6b,42,15,R25-345-3,unknown,2025-11-14HE,unknown,train,uniform,16384,28160,512,,images/scf2c6b_016384_028160.jpg,context/scf2c6b_016384_028160.jpg
scf2c6b_f16,scf2c6b,42,16,R25-345-3,unknown,2025-11-14HE,unknown,train,uniform,21504,16384,512,,images/scf2c6b_021504_016384.jpg,context/scf2c6b_021504_016384.jpg
scf2c6b_f17,scf2c6b,42,17,R25-345-3,unknown,2025-11-14HE,unknown,train,repeat,11264,18432,512,,images/scf2c6b_011264_018432.jpg,context/scf2c6b_011264_018432.jpg
scf2c6b_f18,scf2c6b,42,18,R25-345-3,unknown,2025-11-14HE,unknown,train,repeat,21504,16384,512,,images/scf2c6b_021504_016384.jpg,context/scf2c6b_021504_016384.jpg
s9bce2e_f01,s9bce2e,43,1,R26-041-1,unknown,P273-2026-02-13_Christina HE,unknown,test,uniform,39936,20992,512,5.208433375966624,images/s9bce2e_039936_020992.jpg,context/s9bce2e_039936_020992.jpg
s9bce2e_f02,s9bce2e,43,2,R26-041-1,unknown,P273-2026-02-13_Christina HE,unknown,test,uniform,20992,22016,512,2.0940495005099957,images/s9bce2e_020992_022016.jpg,context/s9bce2e_020992_022016.jpg
s9bce2e_f03,s9bce2e,43,3,R26-041-1,unknown,P273-2026-02-13_Christina HE,unknown,test,uniform,13824,20480,512,3.4537666284492765,images/s9bce2e_013824_020480.jpg,context/s9bce2e_013824_020480.jpg
s9bce2e_f04,s9bce2e,43,4,R26-041-1,unknown,P273-2026-02-13_Christina HE,unknown,test,uniform,35328,20480,512,6.335277537932709,images/s9bce2e_035328_020480.jpg,context/s9bce2e_035328_020480.jpg
s9bce2e_f05,s9bce2e,43,5,R26-041-1,unknown,P273-2026-02-13_Christina HE,unknown,test,uniform,24576,20992,512,5.467330890774152,images/s9bce2e_024576_020992.jpg,context/s9bce2e_024576_020992.jpg
s9bce2e_f06,s9bce2e,43,6,R26-041-1,unknown,P273-2026-02-13_Christina HE,unknown,test,uniform,29696,21504,512,4.28658176725679,images/s9bce2e_029696_021504.jpg,context/s9bce2e_029696_021504.jpg
s9bce2e_f07,s9bce2e,43,7,R26-041-1,unknown,P273-2026-02-13_Christina HE,unknown,test,uniform,24064,20480,512,3.114616500557098,images/s9bce2e_024064_020480.jpg,context/s9bce2e_024064_020480.jpg
s9bce2e_f08,s9bce2e,43,8,R26-041-1,unknown,P273-2026-02-13_Christina HE,unknown,test,uniform,14336,22016,512,2.9873406696984453,images/s9bce2e_014336_022016.jpg,context/s9bce2e_014336_022016.jpg
s9bce2e_f09,s9bce2e,43,9,R26-041-1,unknown,P273-2026-02-13_Christina HE,unknown,test,uniform,26624,20992,512,2.3755593586983683,images/s9bce2e_026624_020992.jpg,context/s9bce2e_026624_020992.jpg
s9bce2e_f10,s9bce2e,43,10,R26-041-1,unknown,P273-2026-02-13_Christina HE,unknown,test,uniform,44032,21504,512,3.73402707444499,images/s9bce2e_044032_021504.jpg,context/s9bce2e_044032_021504.jpg
s9bce2e_f11,s9bce2e,43,11,R26-041-1,unknown,P273-2026-02-13_Christina HE,unknown,test,uniform,8192,20992,512,4.189334001633932,images/s9bce2e_008192_020992.jpg,context/s9bce2e_008192_020992.jpg
s9bce2e_f12,s9bce2e,43,12,R26-041-1,unknown,P273-2026-02-13_Christina HE,unknown,test,uniform,7680,20480,512,5.024574461804788,images/s9bce2e_007680_020480.jpg,context/s9bce2e_007680_020480.jpg
s9bce2e_f13,s9bce2e,43,13,R26-041-1,unknown,P273-2026-02-13_Christina HE,unknown,test,uniform,30720,20480,512,5.760403390936977,images/s9bce2e_030720_020480.jpg,context/s9bce2e_030720_020480.jpg
s9bce2e_f14,s9bce2e,43,14,R26-041-1,unknown,P273-2026-02-13_Christina HE,unknown,test,uniform,46592,21504,512,3.180116943688926,images/s9bce2e_046592_021504.jpg,context/s9bce2e_046592_021504.jpg
s9bce2e_f15,s9bce2e,43,15,R26-041-1,unknown,P273-2026-02-13_Christina HE,unknown,test,uniform,19968,21504,512,9.210428847829569,images/s9bce2e_019968_021504.jpg,context/s9bce2e_019968_021504.jpg
s9bce2e_f16,s9bce2e,43,16,R26-041-1,unknown,P273-2026-02-13_Christina HE,unknown,test,uniform,11776,22016,512,2.644092707263554,images/s9bce2e_011776_022016.jpg,context/s9bce2e_011776_022016.jpg
s9bce2e_f17,s9bce2e,43,17,R26-041-1,unknown,P273-2026-02-13_Christina HE,unknown,test,repeat,35328,20480,512,6.335277537932709,images/s9bce2e_035328_020480.jpg,context/s9bce2e_035328_020480.jpg
s9bce2e_f18,s9bce2e,43,18,R26-041-1,unknown,P273-2026-02-13_Christina HE,unknown,test,repeat,19968,21504,512,9.210428847829569,images/s9bce2e_019968_021504.jpg,context/s9bce2e_019968_021504.jpg
s2a8a88_f01,s2a8a88,44,1,R25-264-22,MASH,2025-08-25HE,unknown,train,uniform,20480,25088,512,,images/s2a8a88_020480_025088.jpg,context/s2a8a88_020480_025088.jpg
s2a8a88_f02,s2a8a88,44,2,R25-264-22,MASH,2025-08-25HE,unknown,train,uniform,19456,10240,512,,images/s2a8a88_019456_010240.jpg,context/s2a8a88_019456_010240.jpg
s2a8a88_f03,s2a8a88,44,3,R25-264-22,MASH,2025-08-25HE,unknown,train,uniform,32768,11264,512,,images/s2a8a88_032768_011264.jpg,context/s2a8a88_032768_011264.jpg
s2a8a88_f04,s2a8a88,44,4,R25-264-22,MASH,2025-08-25HE,unknown,train,uniform,30720,10752,512,,images/s2a8a88_030720_010752.jpg,context/s2a8a88_030720_010752.jpg
s2a8a88_f05,s2a8a88,44,5,R25-264-22,MASH,2025-08-25HE,unknown,train,uniform,25088,22016,512,,images/s2a8a88_025088_022016.jpg,context/s2a8a88_025088_022016.jpg
s2a8a88_f06,s2a8a88,44,6,R25-264-22,MASH,2025-08-25HE,unknown,train,uniform,3584,7680,512,,images/s2a8a88_003584_007680.jpg,context/s2a8a88_003584_007680.jpg
s2a8a88_f07,s2a8a88,44,7,R25-264-22,MASH,2025-08-25HE,unknown,train,uniform,21504,1024,512,,images/s2a8a88_021504_001024.jpg,context/s2a8a88_021504_001024.jpg
s2a8a88_f08,s2a8a88,44,8,R25-264-22,MASH,2025-08-25HE,unknown,train,uniform,16384,19456,512,,images/s2a8a88_016384_019456.jpg,context/s2a8a88_016384_019456.jpg
s2a8a88_f09,s2a8a88,44,9,R25-264-22,MASH,2025-08-25HE,unknown,train,uniform,35328,20992,512,,images/s2a8a88_035328_020992.jpg,context/s2a8a88_035328_020992.jpg
s2a8a88_f10,s2a8a88,44,10,R25-264-22,MASH,2025-08-25HE,unknown,train,uniform,31232,15872,512,,images/s2a8a88_031232_015872.jpg,context/s2a8a88_031232_015872.jpg
s2a8a88_f11,s2a8a88,44,11,R25-264-22,MASH,2025-08-25HE,unknown,train,uniform,24576,7680,512,,images/s2a8a88_024576_007680.jpg,context/s2a8a88_024576_007680.jpg
s2a8a88_f12,s2a8a88,44,12,R25-264-22,MASH,2025-08-25HE,unknown,train,uniform,28160,14336,512,,images/s2a8a88_028160_014336.jpg,context/s2a8a88_028160_014336.jpg
s2a8a88_f13,s2a8a88,44,13,R25-264-22,MASH,2025-08-25HE,unknown,train,uniform,24064,4096,512,,images/s2a8a88_024064_004096.jpg,context/s2a8a88_024064_004096.jpg
s2a8a88_f14,s2a8a88,44,14,R25-264-22,MASH,2025-08-25HE,unknown,train,uniform,23040,23040,512,,images/s2a8a88_023040_023040.jpg,context/s2a8a88_023040_023040.jpg
s2a8a88_f15,s2a8a88,44,15,R25-264-22,MASH,2025-08-25HE,unknown,train,uniform,18432,24064,512,,images/s2a8a88_018432_024064.jpg,context/s2a8a88_018432_024064.jpg
s2a8a88_f16,s2a8a88,44,16,R25-264-22,MASH,2025-08-25HE,unknown,train,uniform,32256,16896,512,,images/s2a8a88_032256_016896.jpg,context/s2a8a88_032256_016896.jpg
s2a8a88_f17,s2a8a88,44,17,R25-264-22,MASH,2025-08-25HE,unknown,train,repeat,24064,4096,512,,images/s2a8a88_024064_004096.jpg,context/s2a8a88_024064_004096.jpg
s2a8a88_f18,s2a8a88,44,18,R25-264-22,MASH,2025-08-25HE,unknown,train,repeat,32768,11264,512,,images/s2a8a88_032768_011264.jpg,context/s2a8a88_032768_011264.jpg
sd6bf43_f01,sd6bf43,45,1,R26-122-16_HE_86,CCl4,2026-04-20_CCl4_HE,unknown,train,uniform,16384,3584,512,,images/sd6bf43_016384_003584.jpg,context/sd6bf43_016384_003584.jpg
sd6bf43_f02,sd6bf43,45,2,R26-122-16_HE_86,CCl4,2026-04-20_CCl4_HE,unknown,train,uniform,4608,22528,512,,images/sd6bf43_004608_022528.jpg,context/sd6bf43_004608_022528.jpg
sd6bf43_f03,sd6bf43,45,3,R26-122-16_HE_86,CCl4,2026-04-20_CCl4_HE,unknown,train,uniform,13312,22528,512,,images/sd6bf43_013312_022528.jpg,context/sd6bf43_013312_022528.jpg
sd6bf43_f04,sd6bf43,45,4,R26-122-16_HE_86,CCl4,2026-04-20_CCl4_HE,unknown,train,uniform,18432,18432,512,,images/sd6bf43_018432_018432.jpg,context/sd6bf43_018432_018432.jpg
sd6bf43_f05,sd6bf43,45,5,R26-122-16_HE_86,CCl4,2026-04-20_CCl4_HE,unknown,train,uniform,12800,13312,512,,images/sd6bf43_012800_013312.jpg,context/sd6bf43_012800_013312.jpg
sd6bf43_f06,sd6bf43,45,6,R26-122-16_HE_86,CCl4,2026-04-20_CCl4_HE,unknown,train,uniform,15872,10752,512,,images/sd6bf43_015872_010752.jpg,context/sd6bf43_015872_010752.jpg
sd6bf43_f07,sd6bf43,45,7,R26-122-16_HE_86,CCl4,2026-04-20_CCl4_HE,unknown,train,uniform,14848,19968,512,,images/sd6bf43_014848_019968.jpg,context/sd6bf43_014848_019968.jpg
sd6bf43_f08,sd6bf43,45,8,R26-122-16_HE_86,CCl4,2026-04-20_CCl4_HE,unknown,train,uniform,7168,17920,512,,images/sd6bf43_007168_017920.jpg,context/sd6bf43_007168_017920.jpg
sd6bf43_f09,sd6bf43,45,9,R26-122-16_HE_86,CCl4,2026-04-20_CCl4_HE,unknown,train,uniform,20992,6656,512,,images/sd6bf43_020992_006656.jpg,context/sd6bf43_020992_006656.jpg
sd6bf43_f10,sd6bf43,45,10,R26-122-16_HE_86,CCl4,2026-04-20_CCl4_HE,unknown,train,uniform,6144,23040,512,,images/sd6bf43_006144_023040.jpg,context/sd6bf43_006144_023040.jpg
sd6bf43_f11,sd6bf43,45,11,R26-122-16_HE_86,CCl4,2026-04-20_CCl4_HE,unknown,train,uniform,22016,8704,512,,images/sd6bf43_022016_008704.jpg,context/sd6bf43_022016_008704.jpg
sd6bf43_f12,sd6bf43,45,12,R26-122-16_HE_86,CCl4,2026-04-20_CCl4_HE,unknown,train,uniform,11776,14336,512,,images/sd6bf43_011776_014336.jpg,context/sd6bf43_011776_014336.jpg
sd6bf43_f13,sd6bf43,45,13,R26-122-16_HE_86,CCl4,2026-04-20_CCl4_HE,unknown,train,uniform,13824,20480,512,,images/sd6bf43_013824_020480.jpg,context/sd6bf43_013824_020480.jpg
sd6bf43_f14,sd6bf43,45,14,R26-122-16_HE_86,CCl4,2026-04-20_CCl4_HE,unknown,train,uniform,22528,11264,512,,images/sd6bf43_022528_011264.jpg,context/sd6bf43_022528_011264.jpg
sd6bf43_f15,sd6bf43,45,15,R26-122-16_HE_86,CCl4,2026-04-20_CCl4_HE,unknown,train,uniform,13312,15360,512,,images/sd6bf43_013312_015360.jpg,context/sd6bf43_013312_015360.jpg
sd6bf43_f16,sd6bf43,45,16,R26-122-16_HE_86,CCl4,2026-04-20_CCl4_HE,unknown,train,uniform,9728,13312,512,,images/sd6bf43_009728_013312.jpg,context/sd6bf43_009728_013312.jpg
sd6bf43_f17,sd6bf43,45,17,R26-122-16_HE_86,CCl4,2026-04-20_CCl4_HE,unknown,train,repeat,20992,6656,512,,images/sd6bf43_020992_006656.jpg,context/sd6bf43_020992_006656.jpg
sd6bf43_f18,sd6bf43,45,18,R26-122-16_HE_86,CCl4,2026-04-20_CCl4_HE,unknown,train,repeat,22016,8704,512,,images/sd6bf43_022016_008704.jpg,context/sd6bf43_022016_008704.jpg
scc3107_f01,scc3107,46,1,R22-354_8_WT-NASH2,ACLY656,2025-03-28_Celina 656D H&E,nash,train,uniform,11264,7680,512,,images/scc3107_011264_007680.jpg,context/scc3107_011264_007680.jpg
scc3107_f02,scc3107,46,2,R22-354_8_WT-NASH2,ACLY656,2025-03-28_Celina 656D H&E,nash,train,uniform,19968,11776,512,,images/scc3107_019968_011776.jpg,context/scc3107_019968_011776.jpg
scc3107_f03,scc3107,46,3,R22-354_8_WT-NASH2,ACLY656,2025-03-28_Celina 656D H&E,nash,train,uniform,31744,24576,512,,images/scc3107_031744_024576.jpg,context/scc3107_031744_024576.jpg
scc3107_f04,scc3107,46,4,R22-354_8_WT-NASH2,ACLY656,2025-03-28_Celina 656D H&E,nash,train,uniform,32768,18432,512,,images/scc3107_032768_018432.jpg,context/scc3107_032768_018432.jpg
scc3107_f05,scc3107,46,5,R22-354_8_WT-NASH2,ACLY656,2025-03-28_Celina 656D H&E,nash,train,uniform,18944,16896,512,,images/scc3107_018944_016896.jpg,context/scc3107_018944_016896.jpg
scc3107_f06,scc3107,46,6,R22-354_8_WT-NASH2,ACLY656,2025-03-28_Celina 656D H&E,nash,train,uniform,11776,22528,512,,images/scc3107_011776_022528.jpg,context/scc3107_011776_022528.jpg
scc3107_f07,scc3107,46,7,R22-354_8_WT-NASH2,ACLY656,2025-03-28_Celina 656D H&E,nash,train,uniform,15872,10752,512,,images/scc3107_015872_010752.jpg,context/scc3107_015872_010752.jpg
scc3107_f08,scc3107,46,8,R22-354_8_WT-NASH2,ACLY656,2025-03-28_Celina 656D H&E,nash,train,uniform,20480,32256,512,,images/scc3107_020480_032256.jpg,context/scc3107_020480_032256.jpg
scc3107_f09,scc3107,46,9,R22-354_8_WT-NASH2,ACLY656,2025-03-28_Celina 656D H&E,nash,train,uniform,14848,17920,512,,images/scc3107_014848_017920.jpg,context/scc3107_014848_017920.jpg
scc3107_f10,scc3107,46,10,R22-354_8_WT-NASH2,ACLY656,2025-03-28_Celina 656D H&E,nash,train,uniform,19968,12800,512,,images/scc3107_019968_012800.jpg,context/scc3107_019968_012800.jpg
scc3107_f11,scc3107,46,11,R22-354_8_WT-NASH2,ACLY656,2025-03-28_Celina 656D H&E,nash,train,uniform,23552,31232,512,,images/scc3107_023552_031232.jpg,context/scc3107_023552_031232.jpg
scc3107_f12,scc3107,46,12,R22-354_8_WT-NASH2,ACLY656,2025-03-28_Celina 656D H&E,nash,train,uniform,16384,26112,512,,images/scc3107_016384_026112.jpg,context/scc3107_016384_026112.jpg
scc3107_f13,scc3107,46,13,R22-354_8_WT-NASH2,ACLY656,2025-03-28_Celina 656D H&E,nash,train,uniform,24576,13824,512,,images/scc3107_024576_013824.jpg,context/scc3107_024576_013824.jpg
scc3107_f14,scc3107,46,14,R22-354_8_WT-NASH2,ACLY656,2025-03-28_Celina 656D H&E,nash,train,uniform,32768,22016,512,,images/scc3107_032768_022016.jpg,context/scc3107_032768_022016.jpg
scc3107_f15,scc3107,46,15,R22-354_8_WT-NASH2,ACLY656,2025-03-28_Celina 656D H&E,nash,train,uniform,14336,7168,512,,images/scc3107_014336_007168.jpg,context/scc3107_014336_007168.jpg
scc3107_f16,scc3107,46,16,R22-354_8_WT-NASH2,ACLY656,2025-03-28_Celina 656D H&E,nash,train,uniform,23040,13312,512,,images/scc3107_023040_013312.jpg,context/scc3107_023040_013312.jpg
scc3107_f17,scc3107,46,17,R22-354_8_WT-NASH2,ACLY656,2025-03-28_Celina 656D H&E,nash,train,repeat,23552,31232,512,,images/scc3107_023552_031232.jpg,context/scc3107_023552_031232.jpg
scc3107_f18,scc3107,46,18,R22-354_8_WT-NASH2,ACLY656,2025-03-28_Celina 656D H&E,nash,train,repeat,11264,7680,512,,images/scc3107_011264_007680.jpg,context/scc3107_011264_007680.jpg
s7fc07a_f01,s7fc07a,47,1,R25-079_7_HE,unknown,2025-03-07_Jaya HE,unknown,train,uniform,25600,23552,512,,images/s7fc07a_025600_023552.jpg,context/s7fc07a_025600_023552.jpg
s7fc07a_f02,s7fc07a,47,2,R25-079_7_HE,unknown,2025-03-07_Jaya HE,unknown,train,uniform,29696,15360,512,,images/s7fc07a_029696_015360.jpg,context/s7fc07a_029696_015360.jpg
s7fc07a_f03,s7fc07a,47,3,R25-079_7_HE,unknown,2025-03-07_Jaya HE,unknown,train,uniform,4608,23552,512,,images/s7fc07a_004608_023552.jpg,context/s7fc07a_004608_023552.jpg
s7fc07a_f04,s7fc07a,47,4,R25-079_7_HE,unknown,2025-03-07_Jaya HE,unknown,train,uniform,17920,24576,512,,images/s7fc07a_017920_024576.jpg,context/s7fc07a_017920_024576.jpg
s7fc07a_f05,s7fc07a,47,5,R25-079_7_HE,unknown,2025-03-07_Jaya HE,unknown,train,uniform,3072,25600,512,,images/s7fc07a_003072_025600.jpg,context/s7fc07a_003072_025600.jpg
s7fc07a_f06,s7fc07a,47,6,R25-079_7_HE,unknown,2025-03-07_Jaya HE,unknown,train,uniform,37888,29696,512,,images/s7fc07a_037888_029696.jpg,context/s7fc07a_037888_029696.jpg
s7fc07a_f07,s7fc07a,47,7,R25-079_7_HE,unknown,2025-03-07_Jaya HE,unknown,train,uniform,30720,25088,512,,images/s7fc07a_030720_025088.jpg,context/s7fc07a_030720_025088.jpg
s7fc07a_f08,s7fc07a,47,8,R25-079_7_HE,unknown,2025-03-07_Jaya HE,unknown,train,uniform,40960,29696,512,,images/s7fc07a_040960_029696.jpg,context/s7fc07a_040960_029696.jpg
s7fc07a_f09,s7fc07a,47,9,R25-079_7_HE,unknown,2025-03-07_Jaya HE,unknown,train,uniform,19456,11776,512,,images/s7fc07a_019456_011776.jpg,context/s7fc07a_019456_011776.jpg
s7fc07a_f10,s7fc07a,47,10,R25-079_7_HE,unknown,2025-03-07_Jaya HE,unknown,train,uniform,12800,16896,512,,images/s7fc07a_012800_016896.jpg,context/s7fc07a_012800_016896.jpg
s7fc07a_f11,s7fc07a,47,11,R25-079_7_HE,unknown,2025-03-07_Jaya HE,unknown,train,uniform,29184,10752,512,,images/s7fc07a_029184_010752.jpg,context/s7fc07a_029184_010752.jpg
s7fc07a_f12,s7fc07a,47,12,R25-079_7_HE,unknown,2025-03-07_Jaya HE,unknown,train,uniform,37888,34816,512,,images/s7fc07a_037888_034816.jpg,context/s7fc07a_037888_034816.jpg
s7fc07a_f13,s7fc07a,47,13,R25-079_7_HE,unknown,2025-03-07_Jaya HE,unknown,train,uniform,13824,29184,512,,images/s7fc07a_013824_029184.jpg,context/s7fc07a_013824_029184.jpg
s7fc07a_f14,s7fc07a,47,14,R25-079_7_HE,unknown,2025-03-07_Jaya HE,unknown,train,uniform,40960,20992,512,,images/s7fc07a_040960_020992.jpg,context/s7fc07a_040960_020992.jpg
s7fc07a_f15,s7fc07a,47,15,R25-079_7_HE,unknown,2025-03-07_Jaya HE,unknown,train,uniform,30720,6656,512,,images/s7fc07a_030720_006656.jpg,context/s7fc07a_030720_006656.jpg
s7fc07a_f16,s7fc07a,47,16,R25-079_7_HE,unknown,2025-03-07_Jaya HE,unknown,train,uniform,38912,14336,512,,images/s7fc07a_038912_014336.jpg,context/s7fc07a_038912_014336.jpg
s7fc07a_f17,s7fc07a,47,17,R25-079_7_HE,unknown,2025-03-07_Jaya HE,unknown,train,repeat,30720,6656,512,,images/s7fc07a_030720_006656.jpg,context/s7fc07a_030720_006656.jpg
s7fc07a_f18,s7fc07a,47,18,R25-079_7_HE,unknown,2025-03-07_Jaya HE,unknown,train,repeat,4608,23552,512,,images/s7fc07a_004608_023552.jpg,context/s7fc07a_004608_023552.jpg
s202c9a_f01,s202c9a,48,1,R25-151_20_HE,unknown,2025-04-29HE,unknown,train,uniform,29696,7680,512,,images/s202c9a_029696_007680.jpg,context/s202c9a_029696_007680.jpg
s202c9a_f02,s202c9a,48,2,R25-151_20_HE,unknown,2025-04-29HE,unknown,train,uniform,22528,17920,512,,images/s202c9a_022528_017920.jpg,context/s202c9a_022528_017920.jpg
s202c9a_f03,s202c9a,48,3,R25-151_20_HE,unknown,2025-04-29HE,unknown,train,uniform,13312,5632,512,,images/s202c9a_013312_005632.jpg,context/s202c9a_013312_005632.jpg
s202c9a_f04,s202c9a,48,4,R25-151_20_HE,unknown,2025-04-29HE,unknown,train,uniform,20480,15872,512,,images/s202c9a_020480_015872.jpg,context/s202c9a_020480_015872.jpg
s202c9a_f05,s202c9a,48,5,R25-151_20_HE,unknown,2025-04-29HE,unknown,train,uniform,23040,22016,512,,images/s202c9a_023040_022016.jpg,context/s202c9a_023040_022016.jpg
s202c9a_f06,s202c9a,48,6,R25-151_20_HE,unknown,2025-04-29HE,unknown,train,uniform,16384,3584,512,,images/s202c9a_016384_003584.jpg,context/s202c9a_016384_003584.jpg
s202c9a_f07,s202c9a,48,7,R25-151_20_HE,unknown,2025-04-29HE,unknown,train,uniform,11776,6144,512,,images/s202c9a_011776_006144.jpg,context/s202c9a_011776_006144.jpg
s202c9a_f08,s202c9a,48,8,R25-151_20_HE,unknown,2025-04-29HE,unknown,train,uniform,15872,7680,512,,images/s202c9a_015872_007680.jpg,context/s202c9a_015872_007680.jpg
s202c9a_f09,s202c9a,48,9,R25-151_20_HE,unknown,2025-04-29HE,unknown,train,uniform,33792,19456,512,,images/s202c9a_033792_019456.jpg,context/s202c9a_033792_019456.jpg
s202c9a_f10,s202c9a,48,10,R25-151_20_HE,unknown,2025-04-29HE,unknown,train,uniform,16896,8192,512,,images/s202c9a_016896_008192.jpg,context/s202c9a_016896_008192.jpg
s202c9a_f11,s202c9a,48,11,R25-151_20_HE,unknown,2025-04-29HE,unknown,train,uniform,29184,18432,512,,images/s202c9a_029184_018432.jpg,context/s202c9a_029184_018432.jpg
s202c9a_f12,s202c9a,48,12,R25-151_20_HE,unknown,2025-04-29HE,unknown,train,uniform,27136,15360,512,,images/s202c9a_027136_015360.jpg,context/s202c9a_027136_015360.jpg
s202c9a_f13,s202c9a,48,13,R25-151_20_HE,unknown,2025-04-29HE,unknown,train,uniform,24576,13312,512,,images/s202c9a_024576_013312.jpg,context/s202c9a_024576_013312.jpg
s202c9a_f14,s202c9a,48,14,R25-151_20_HE,unknown,2025-04-29HE,unknown,train,uniform,33792,21504,512,,images/s202c9a_033792_021504.jpg,context/s202c9a_033792_021504.jpg
s202c9a_f15,s202c9a,48,15,R25-151_20_HE,unknown,2025-04-29HE,unknown,train,uniform,35840,17920,512,,images/s202c9a_035840_017920.jpg,context/s202c9a_035840_017920.jpg
s202c9a_f16,s202c9a,48,16,R25-151_20_HE,unknown,2025-04-29HE,unknown,train,uniform,28672,26624,512,,images/s202c9a_028672_026624.jpg,context/s202c9a_028672_026624.jpg
s202c9a_f17,s202c9a,48,17,R25-151_20_HE,unknown,2025-04-29HE,unknown,train,repeat,22528,17920,512,,images/s202c9a_022528_017920.jpg,context/s202c9a_022528_017920.jpg
s202c9a_f18,s202c9a,48,18,R25-151_20_HE,unknown,2025-04-29HE,unknown,train,repeat,33792,21504,512,,images/s202c9a_033792_021504.jpg,context/s202c9a_033792_021504.jpg
s1f90cf_f01,s1f90cf,49,1,R25-223-23_HE,unknown,2025-07-09_Evelyn_HE,unknown,test,uniform,15360,22528,512,,images/s1f90cf_015360_022528.jpg,context/s1f90cf_015360_022528.jpg
s1f90cf_f02,s1f90cf,49,2,R25-223-23_HE,unknown,2025-07-09_Evelyn_HE,unknown,test,uniform,7680,18432,512,,images/s1f90cf_007680_018432.jpg,context/s1f90cf_007680_018432.jpg
s1f90cf_f03,s1f90cf,49,3,R25-223-23_HE,unknown,2025-07-09_Evelyn_HE,unknown,test,uniform,11776,22016,512,,images/s1f90cf_011776_022016.jpg,context/s1f90cf_011776_022016.jpg
s1f90cf_f04,s1f90cf,49,4,R25-223-23_HE,unknown,2025-07-09_Evelyn_HE,unknown,test,uniform,31232,11264,512,,images/s1f90cf_031232_011264.jpg,context/s1f90cf_031232_011264.jpg
s1f90cf_f05,s1f90cf,49,5,R25-223-23_HE,unknown,2025-07-09_Evelyn_HE,unknown,test,uniform,37888,4608,512,,images/s1f90cf_037888_004608.jpg,context/s1f90cf_037888_004608.jpg
s1f90cf_f06,s1f90cf,49,6,R25-223-23_HE,unknown,2025-07-09_Evelyn_HE,unknown,test,uniform,34816,2048,512,,images/s1f90cf_034816_002048.jpg,context/s1f90cf_034816_002048.jpg
s1f90cf_f07,s1f90cf,49,7,R25-223-23_HE,unknown,2025-07-09_Evelyn_HE,unknown,test,uniform,10752,26624,512,,images/s1f90cf_010752_026624.jpg,context/s1f90cf_010752_026624.jpg
s1f90cf_f08,s1f90cf,49,8,R25-223-23_HE,unknown,2025-07-09_Evelyn_HE,unknown,test,uniform,33280,20480,512,,images/s1f90cf_033280_020480.jpg,context/s1f90cf_033280_020480.jpg
s1f90cf_f09,s1f90cf,49,9,R25-223-23_HE,unknown,2025-07-09_Evelyn_HE,unknown,test,uniform,30720,24064,512,,images/s1f90cf_030720_024064.jpg,context/s1f90cf_030720_024064.jpg
s1f90cf_f10,s1f90cf,49,10,R25-223-23_HE,unknown,2025-07-09_Evelyn_HE,unknown,test,uniform,40960,7168,512,,images/s1f90cf_040960_007168.jpg,context/s1f90cf_040960_007168.jpg
s1f90cf_f11,s1f90cf,49,11,R25-223-23_HE,unknown,2025-07-09_Evelyn_HE,unknown,test,uniform,8704,22016,512,,images/s1f90cf_008704_022016.jpg,context/s1f90cf_008704_022016.jpg
s1f90cf_f12,s1f90cf,49,12,R25-223-23_HE,unknown,2025-07-09_Evelyn_HE,unknown,test,uniform,27648,13824,512,,images/s1f90cf_027648_013824.jpg,context/s1f90cf_027648_013824.jpg
s1f90cf_f13,s1f90cf,49,13,R25-223-23_HE,unknown,2025-07-09_Evelyn_HE,unknown,test,uniform,36352,26624,512,,images/s1f90cf_036352_026624.jpg,context/s1f90cf_036352_026624.jpg
s1f90cf_f14,s1f90cf,49,14,R25-223-23_HE,unknown,2025-07-09_Evelyn_HE,unknown,test,uniform,34304,23552,512,,images/s1f90cf_034304_023552.jpg,context/s1f90cf_034304_023552.jpg
s1f90cf_f15,s1f90cf,49,15,R25-223-23_HE,unknown,2025-07-09_Evelyn_HE,unknown,test,uniform,43008,9216,512,,images/s1f90cf_043008_009216.jpg,context/s1f90cf_043008_009216.jpg
s1f90cf_f16,s1f90cf,49,16,R25-223-23_HE,unknown,2025-07-09_Evelyn_HE,unknown,test,uniform,28160,10752,512,,images/s1f90cf_028160_010752.jpg,context/s1f90cf_028160_010752.jpg
s1f90cf_f17,s1f90cf,49,17,R25-223-23_HE,unknown,2025-07-09_Evelyn_HE,unknown,test,repeat,31232,11264,512,,images/s1f90cf_031232_011264.jpg,context/s1f90cf_031232_011264.jpg
s1f90cf_f18,s1f90cf,49,18,R25-223-23_HE,unknown,2025-07-09_Evelyn_HE,unknown,test,repeat,10752,26624,512,,images/s1f90cf_010752_026624.jpg,context/s1f90cf_010752_026624.jpg
s50dc9a_f01,s50dc9a,50,1,R22--063-1_HE,unknown,2025-09-24HE,unknown,train,uniform,19456,30720,512,,images/s50dc9a_019456_030720.jpg,context/s50dc9a_019456_030720.jpg
s50dc9a_f02,s50dc9a,50,2,R22--063-1_HE,unknown,2025-09-24HE,unknown,train,uniform,11776,26624,512,,images/s50dc9a_011776_026624.jpg,context/s50dc9a_011776_026624.jpg
s50dc9a_f03,s50dc9a,50,3,R22--063-1_HE,unknown,2025-09-24HE,unknown,train,uniform,14336,8192,512,,images/s50dc9a_014336_008192.jpg,context/s50dc9a_014336_008192.jpg
s50dc9a_f04,s50dc9a,50,4,R22--063-1_HE,unknown,2025-09-24HE,unknown,train,uniform,7168,16896,512,,images/s50dc9a_007168_016896.jpg,context/s50dc9a_007168_016896.jpg
s50dc9a_f05,s50dc9a,50,5,R22--063-1_HE,unknown,2025-09-24HE,unknown,train,uniform,16896,11264,512,,images/s50dc9a_016896_011264.jpg,context/s50dc9a_016896_011264.jpg
s50dc9a_f06,s50dc9a,50,6,R22--063-1_HE,unknown,2025-09-24HE,unknown,train,uniform,16896,14848,512,,images/s50dc9a_016896_014848.jpg,context/s50dc9a_016896_014848.jpg
s50dc9a_f07,s50dc9a,50,7,R22--063-1_HE,unknown,2025-09-24HE,unknown,train,uniform,18944,10240,512,,images/s50dc9a_018944_010240.jpg,context/s50dc9a_018944_010240.jpg
s50dc9a_f08,s50dc9a,50,8,R22--063-1_HE,unknown,2025-09-24HE,unknown,train,uniform,16896,28160,512,,images/s50dc9a_016896_028160.jpg,context/s50dc9a_016896_028160.jpg
s50dc9a_f09,s50dc9a,50,9,R22--063-1_HE,unknown,2025-09-24HE,unknown,train,uniform,17920,22528,512,,images/s50dc9a_017920_022528.jpg,context/s50dc9a_017920_022528.jpg
s50dc9a_f10,s50dc9a,50,10,R22--063-1_HE,unknown,2025-09-24HE,unknown,train,uniform,18944,20992,512,,images/s50dc9a_018944_020992.jpg,context/s50dc9a_018944_020992.jpg
s50dc9a_f11,s50dc9a,50,11,R22--063-1_HE,unknown,2025-09-24HE,unknown,train,uniform,27136,12800,512,,images/s50dc9a_027136_012800.jpg,context/s50dc9a_027136_012800.jpg
s50dc9a_f12,s50dc9a,50,12,R22--063-1_HE,unknown,2025-09-24HE,unknown,train,uniform,25600,13824,512,,images/s50dc9a_025600_013824.jpg,context/s50dc9a_025600_013824.jpg
s50dc9a_f13,s50dc9a,50,13,R22--063-1_HE,unknown,2025-09-24HE,unknown,train,uniform,20480,9728,512,,images/s50dc9a_020480_009728.jpg,context/s50dc9a_020480_009728.jpg
s50dc9a_f14,s50dc9a,50,14,R22--063-1_HE,unknown,2025-09-24HE,unknown,train,uniform,7680,23552,512,,images/s50dc9a_007680_023552.jpg,context/s50dc9a_007680_023552.jpg
s50dc9a_f15,s50dc9a,50,15,R22--063-1_HE,unknown,2025-09-24HE,unknown,train,uniform,19968,5632,512,,images/s50dc9a_019968_005632.jpg,context/s50dc9a_019968_005632.jpg
s50dc9a_f16,s50dc9a,50,16,R22--063-1_HE,unknown,2025-09-24HE,unknown,train,uniform,10752,11264,512,,images/s50dc9a_010752_011264.jpg,context/s50dc9a_010752_011264.jpg
s50dc9a_f17,s50dc9a,50,17,R22--063-1_HE,unknown,2025-09-24HE,unknown,train,repeat,20480,9728,512,,images/s50dc9a_020480_009728.jpg,context/s50dc9a_020480_009728.jpg
s50dc9a_f18,s50dc9a,50,18,R22--063-1_HE,unknown,2025-09-24HE,unknown,train,repeat,17920,22528,512,,images/s50dc9a_017920_022528.jpg,context/s50dc9a_017920_022528.jpg
s9d6bf4_f01,s9d6bf4,51,1,R25-345-22,unknown,2025-11-14HE,unknown,train,uniform,6656,17408,512,,images/s9d6bf4_006656_017408.jpg,context/s9d6bf4_006656_017408.jpg
s9d6bf4_f02,s9d6bf4,51,2,R25-345-22,unknown,2025-11-14HE,unknown,train,uniform,25088,7680,512,,images/s9d6bf4_025088_007680.jpg,context/s9d6bf4_025088_007680.jpg
s9d6bf4_f03,s9d6bf4,51,3,R25-345-22,unknown,2025-11-14HE,unknown,train,uniform,18944,11264,512,,images/s9d6bf4_018944_011264.jpg,context/s9d6bf4_018944_011264.jpg
s9d6bf4_f04,s9d6bf4,51,4,R25-345-22,unknown,2025-11-14HE,unknown,train,uniform,12800,29696,512,,images/s9d6bf4_012800_029696.jpg,context/s9d6bf4_012800_029696.jpg
s9d6bf4_f05,s9d6bf4,51,5,R25-345-22,unknown,2025-11-14HE,unknown,train,uniform,18432,27136,512,,images/s9d6bf4_018432_027136.jpg,context/s9d6bf4_018432_027136.jpg
s9d6bf4_f06,s9d6bf4,51,6,R25-345-22,unknown,2025-11-14HE,unknown,train,uniform,10240,24576,512,,images/s9d6bf4_010240_024576.jpg,context/s9d6bf4_010240_024576.jpg
s9d6bf4_f07,s9d6bf4,51,7,R25-345-22,unknown,2025-11-14HE,unknown,train,uniform,3584,18432,512,,images/s9d6bf4_003584_018432.jpg,context/s9d6bf4_003584_018432.jpg
s9d6bf4_f08,s9d6bf4,51,8,R25-345-22,unknown,2025-11-14HE,unknown,train,uniform,9728,13824,512,,images/s9d6bf4_009728_013824.jpg,context/s9d6bf4_009728_013824.jpg
s9d6bf4_f09,s9d6bf4,51,9,R25-345-22,unknown,2025-11-14HE,unknown,train,uniform,22528,13312,512,,images/s9d6bf4_022528_013312.jpg,context/s9d6bf4_022528_013312.jpg
s9d6bf4_f10,s9d6bf4,51,10,R25-345-22,unknown,2025-11-14HE,unknown,train,uniform,7168,27136,512,,images/s9d6bf4_007168_027136.jpg,context/s9d6bf4_007168_027136.jpg
s9d6bf4_f11,s9d6bf4,51,11,R25-345-22,unknown,2025-11-14HE,unknown,train,uniform,24064,6656,512,,images/s9d6bf4_024064_006656.jpg,context/s9d6bf4_024064_006656.jpg
s9d6bf4_f12,s9d6bf4,51,12,R25-345-22,unknown,2025-11-14HE,unknown,train,uniform,13312,17408,512,,images/s9d6bf4_013312_017408.jpg,context/s9d6bf4_013312_017408.jpg
s9d6bf4_f13,s9d6bf4,51,13,R25-345-22,unknown,2025-11-14HE,unknown,train,uniform,7680,23040,512,,images/s9d6bf4_007680_023040.jpg,context/s9d6bf4_007680_023040.jpg
s9d6bf4_f14,s9d6bf4,51,14,R25-345-22,unknown,2025-11-14HE,unknown,train,uniform,18944,9728,512,,images/s9d6bf4_018944_009728.jpg,context/s9d6bf4_018944_009728.jpg
s9d6bf4_f15,s9d6bf4,51,15,R25-345-22,unknown,2025-11-14HE,unknown,train,uniform,10752,15360,512,,images/s9d6bf4_010752_015360.jpg,context/s9d6bf4_010752_015360.jpg
s9d6bf4_f16,s9d6bf4,51,16,R25-345-22,unknown,2025-11-14HE,unknown,train,uniform,22016,14336,512,,images/s9d6bf4_022016_014336.jpg,context/s9d6bf4_022016_014336.jpg
s9d6bf4_f17,s9d6bf4,51,17,R25-345-22,unknown,2025-11-14HE,unknown,train,repeat,13312,17408,512,,images/s9d6bf4_013312_017408.jpg,context/s9d6bf4_013312_017408.jpg
s9d6bf4_f18,s9d6bf4,51,18,R25-345-22,unknown,2025-11-14HE,unknown,train,repeat,22016,14336,512,,images/s9d6bf4_022016_014336.jpg,context/s9d6bf4_022016_014336.jpg
sdcfc75_f01,sdcfc75,52,1,R26-041-5,unknown,P273-2026-02-13_Christina HE,unknown,test,uniform,49152,19968,512,,images/sdcfc75_049152_019968.jpg,context/sdcfc75_049152_019968.jpg
sdcfc75_f02,sdcfc75,52,2,R26-041-5,unknown,P273-2026-02-13_Christina HE,unknown,test,uniform,38400,18432,512,,images/sdcfc75_038400_018432.jpg,context/sdcfc75_038400_018432.jpg
sdcfc75_f03,sdcfc75,52,3,R26-041-5,unknown,P273-2026-02-13_Christina HE,unknown,test,uniform,37376,11264,512,,images/sdcfc75_037376_011264.jpg,context/sdcfc75_037376_011264.jpg
sdcfc75_f04,sdcfc75,52,4,R26-041-5,unknown,P273-2026-02-13_Christina HE,unknown,test,uniform,5120,15360,512,,images/sdcfc75_005120_015360.jpg,context/sdcfc75_005120_015360.jpg
sdcfc75_f05,sdcfc75,52,5,R26-041-5,unknown,P273-2026-02-13_Christina HE,unknown,test,uniform,20480,24576,512,,images/sdcfc75_020480_024576.jpg,context/sdcfc75_020480_024576.jpg
sdcfc75_f06,sdcfc75,52,6,R26-041-5,unknown,P273-2026-02-13_Christina HE,unknown,test,uniform,42496,5632,512,,images/sdcfc75_042496_005632.jpg,context/sdcfc75_042496_005632.jpg
sdcfc75_f07,sdcfc75,52,7,R26-041-5,unknown,P273-2026-02-13_Christina HE,unknown,test,uniform,23552,12800,512,,images/sdcfc75_023552_012800.jpg,context/sdcfc75_023552_012800.jpg
sdcfc75_f08,sdcfc75,52,8,R26-041-5,unknown,P273-2026-02-13_Christina HE,unknown,test,uniform,43520,28672,512,,images/sdcfc75_043520_028672.jpg,context/sdcfc75_043520_028672.jpg
sdcfc75_f09,sdcfc75,52,9,R26-041-5,unknown,P273-2026-02-13_Christina HE,unknown,test,uniform,35840,5120,512,,images/sdcfc75_035840_005120.jpg,context/sdcfc75_035840_005120.jpg
sdcfc75_f10,sdcfc75,52,10,R26-041-5,unknown,P273-2026-02-13_Christina HE,unknown,test,uniform,43008,31744,512,,images/sdcfc75_043008_031744.jpg,context/sdcfc75_043008_031744.jpg
sdcfc75_f11,sdcfc75,52,11,R26-041-5,unknown,P273-2026-02-13_Christina HE,unknown,test,uniform,12800,13824,512,,images/sdcfc75_012800_013824.jpg,context/sdcfc75_012800_013824.jpg
sdcfc75_f12,sdcfc75,52,12,R26-041-5,unknown,P273-2026-02-13_Christina HE,unknown,test,uniform,22528,24064,512,,images/sdcfc75_022528_024064.jpg,context/sdcfc75_022528_024064.jpg
sdcfc75_f13,sdcfc75,52,13,R26-041-5,unknown,P273-2026-02-13_Christina HE,unknown,test,uniform,44032,9728,512,,images/sdcfc75_044032_009728.jpg,context/sdcfc75_044032_009728.jpg
sdcfc75_f14,sdcfc75,52,14,R26-041-5,unknown,P273-2026-02-13_Christina HE,unknown,test,uniform,27136,18944,512,,images/sdcfc75_027136_018944.jpg,context/sdcfc75_027136_018944.jpg
sdcfc75_f15,sdcfc75,52,15,R26-041-5,unknown,P273-2026-02-13_Christina HE,unknown,test,uniform,49664,7168,512,,images/sdcfc75_049664_007168.jpg,context/sdcfc75_049664_007168.jpg
sdcfc75_f16,sdcfc75,52,16,R26-041-5,unknown,P273-2026-02-13_Christina HE,unknown,test,uniform,14848,15872,512,,images/sdcfc75_014848_015872.jpg,context/sdcfc75_014848_015872.jpg
sdcfc75_f17,sdcfc75,52,17,R26-041-5,unknown,P273-2026-02-13_Christina HE,unknown,test,repeat,22528,24064,512,,images/sdcfc75_022528_024064.jpg,context/sdcfc75_022528_024064.jpg
sdcfc75_f18,sdcfc75,52,18,R26-041-5,unknown,P273-2026-02-13_Christina HE,unknown,test,repeat,14848,15872,512,,images/sdcfc75_014848_015872.jpg,context/sdcfc75_014848_015872.jpg
sd77c18_f01,sd77c18,53,1,R25-264-4,MASH,2025-08-25HE,unknown,train,uniform,14848,11776,512,,images/sd77c18_014848_011776.jpg,context/sd77c18_014848_011776.jpg
sd77c18_f02,sd77c18,53,2,R25-264-4,MASH,2025-08-25HE,unknown,train,uniform,18944,21504,512,,images/sd77c18_018944_021504.jpg,context/sd77c18_018944_021504.jpg
sd77c18_f03,sd77c18,53,3,R25-264-4,MASH,2025-08-25HE,unknown,train,uniform,27136,16384,512,,images/sd77c18_027136_016384.jpg,context/sd77c18_027136_016384.jpg
sd77c18_f04,sd77c18,53,4,R25-264-4,MASH,2025-08-25HE,unknown,train,uniform,39424,8704,512,,images/sd77c18_039424_008704.jpg,context/sd77c18_039424_008704.jpg
sd77c18_f05,sd77c18,53,5,R25-264-4,MASH,2025-08-25HE,unknown,train,uniform,36352,2560,512,,images/sd77c18_036352_002560.jpg,context/sd77c18_036352_002560.jpg
sd77c18_f06,sd77c18,53,6,R25-264-4,MASH,2025-08-25HE,unknown,train,uniform,23040,31744,512,,images/sd77c18_023040_031744.jpg,context/sd77c18_023040_031744.jpg
sd77c18_f07,sd77c18,53,7,R25-264-4,MASH,2025-08-25HE,unknown,train,uniform,41472,23040,512,,images/sd77c18_041472_023040.jpg,context/sd77c18_041472_023040.jpg
sd77c18_f08,sd77c18,53,8,R25-264-4,MASH,2025-08-25HE,unknown,train,uniform,37376,26624,512,,images/sd77c18_037376_026624.jpg,context/sd77c18_037376_026624.jpg
sd77c18_f09,sd77c18,53,9,R25-264-4,MASH,2025-08-25HE,unknown,train,uniform,7680,28160,512,,images/sd77c18_007680_028160.jpg,context/sd77c18_007680_028160.jpg
sd77c18_f10,sd77c18,53,10,R25-264-4,MASH,2025-08-25HE,unknown,train,uniform,36864,12288,512,,images/sd77c18_036864_012288.jpg,context/sd77c18_036864_012288.jpg
sd77c18_f11,sd77c18,53,11,R25-264-4,MASH,2025-08-25HE,unknown,train,uniform,8192,25088,512,,images/sd77c18_008192_025088.jpg,context/sd77c18_008192_025088.jpg
sd77c18_f12,sd77c18,53,12,R25-264-4,MASH,2025-08-25HE,unknown,train,uniform,35328,13312,512,,images/sd77c18_035328_013312.jpg,context/sd77c18_035328_013312.jpg
sd77c18_f13,sd77c18,53,13,R25-264-4,MASH,2025-08-25HE,unknown,train,uniform,31744,3584,512,,images/sd77c18_031744_003584.jpg,context/sd77c18_031744_003584.jpg
sd77c18_f14,sd77c18,53,14,R25-264-4,MASH,2025-08-25HE,unknown,train,uniform,9216,26624,512,,images/sd77c18_009216_026624.jpg,context/sd77c18_009216_026624.jpg
sd77c18_f15,sd77c18,53,15,R25-264-4,MASH,2025-08-25HE,unknown,train,uniform,25088,29696,512,,images/sd77c18_025088_029696.jpg,context/sd77c18_025088_029696.jpg
sd77c18_f16,sd77c18,53,16,R25-264-4,MASH,2025-08-25HE,unknown,train,uniform,30208,13312,512,,images/sd77c18_030208_013312.jpg,context/sd77c18_030208_013312.jpg
sd77c18_f17,sd77c18,53,17,R25-264-4,MASH,2025-08-25HE,unknown,train,repeat,36352,2560,512,,images/sd77c18_036352_002560.jpg,context/sd77c18_036352_002560.jpg
sd77c18_f18,sd77c18,53,18,R25-264-4,MASH,2025-08-25HE,unknown,train,repeat,37376,26624,512,,images/sd77c18_037376_026624.jpg,context/sd77c18_037376_026624.jpg
s144fc8_f01,s144fc8,54,1,R26-122-35_HE_94,CCl4,2026-04-20_CCl4_HE,unknown,train,uniform,18432,18944,512,,images/s144fc8_018432_018944.jpg,context/s144fc8_018432_018944.jpg
s144fc8_f02,s144fc8,54,2,R26-122-35_HE_94,CCl4,2026-04-20_CCl4_HE,unknown,train,uniform,12800,24576,512,,images/s144fc8_012800_024576.jpg,context/s144fc8_012800_024576.jpg
s144fc8_f03,s144fc8,54,3,R26-122-35_HE_94,CCl4,2026-04-20_CCl4_HE,unknown,train,uniform,20480,5120,512,,images/s144fc8_020480_005120.jpg,context/s144fc8_020480_005120.jpg
s144fc8_f04,s144fc8,54,4,R26-122-35_HE_94,CCl4,2026-04-20_CCl4_HE,unknown,train,uniform,5632,15872,512,,images/s144fc8_005632_015872.jpg,context/s144fc8_005632_015872.jpg
s144fc8_f05,s144fc8,54,5,R26-122-35_HE_94,CCl4,2026-04-20_CCl4_HE,unknown,train,uniform,8704,20480,512,,images/s144fc8_008704_020480.jpg,context/s144fc8_008704_020480.jpg
s144fc8_f06,s144fc8,54,6,R26-122-35_HE_94,CCl4,2026-04-20_CCl4_HE,unknown,train,uniform,24576,10240,512,,images/s144fc8_024576_010240.jpg,context/s144fc8_024576_010240.jpg
s144fc8_f07,s144fc8,54,7,R26-122-35_HE_94,CCl4,2026-04-20_CCl4_HE,unknown,train,uniform,16896,20480,512,,images/s144fc8_016896_020480.jpg,context/s144fc8_016896_020480.jpg
s144fc8_f08,s144fc8,54,8,R26-122-35_HE_94,CCl4,2026-04-20_CCl4_HE,unknown,train,uniform,15360,2560,512,,images/s144fc8_015360_002560.jpg,context/s144fc8_015360_002560.jpg
s144fc8_f09,s144fc8,54,9,R26-122-35_HE_94,CCl4,2026-04-20_CCl4_HE,unknown,train,uniform,28160,16384,512,,images/s144fc8_028160_016384.jpg,context/s144fc8_028160_016384.jpg
s144fc8_f10,s144fc8,54,10,R26-122-35_HE_94,CCl4,2026-04-20_CCl4_HE,unknown,train,uniform,23552,8704,512,,images/s144fc8_023552_008704.jpg,context/s144fc8_023552_008704.jpg
s144fc8_f11,s144fc8,54,11,R26-122-35_HE_94,CCl4,2026-04-20_CCl4_HE,unknown,train,uniform,20992,3584,512,,images/s144fc8_020992_003584.jpg,context/s144fc8_020992_003584.jpg
s144fc8_f12,s144fc8,54,12,R26-122-35_HE_94,CCl4,2026-04-20_CCl4_HE,unknown,train,uniform,19968,5120,512,,images/s144fc8_019968_005120.jpg,context/s144fc8_019968_005120.jpg
s144fc8_f13,s144fc8,54,13,R26-122-35_HE_94,CCl4,2026-04-20_CCl4_HE,unknown,train,uniform,23552,4608,512,,images/s144fc8_023552_004608.jpg,context/s144fc8_023552_004608.jpg
s144fc8_f14,s144fc8,54,14,R26-122-35_HE_94,CCl4,2026-04-20_CCl4_HE,unknown,train,uniform,22016,7168,512,,images/s144fc8_022016_007168.jpg,context/s144fc8_022016_007168.jpg
s144fc8_f15,s144fc8,54,15,R26-122-35_HE_94,CCl4,2026-04-20_CCl4_HE,unknown,train,uniform,14848,20992,512,,images/s144fc8_014848_020992.jpg,context/s144fc8_014848_020992.jpg
s144fc8_f16,s144fc8,54,16,R26-122-35_HE_94,CCl4,2026-04-20_CCl4_HE,unknown,train,uniform,10240,18432,512,,images/s144fc8_010240_018432.jpg,context/s144fc8_010240_018432.jpg
s144fc8_f17,s144fc8,54,17,R26-122-35_HE_94,CCl4,2026-04-20_CCl4_HE,unknown,train,repeat,16896,20480,512,,images/s144fc8_016896_020480.jpg,context/s144fc8_016896_020480.jpg
s144fc8_f18,s144fc8,54,18,R26-122-35_HE_94,CCl4,2026-04-20_CCl4_HE,unknown,train,repeat,10240,18432,512,,images/s144fc8_010240_018432.jpg,context/s144fc8_010240_018432.jpg
s58463f_f01,s58463f,55,1,R22-354_25_ACLY656 NASH 6,ACLY656,2025-03-28_Celina 656D H&E,nash,train,uniform,15360,14336,512,-1.869543711659956,images/s58463f_015360_014336.jpg,context/s58463f_015360_014336.jpg
s58463f_f02,s58463f,55,2,R22-354_25_ACLY656 NASH 6,ACLY656,2025-03-28_Celina 656D H&E,nash,train,uniform,28160,14848,512,8.687965606877722,images/s58463f_028160_014848.jpg,context/s58463f_028160_014848.jpg
s58463f_f03,s58463f,55,3,R22-354_25_ACLY656 NASH 6,ACLY656,2025-03-28_Celina 656D H&E,nash,train,uniform,17408,14336,512,1.905719904427222,images/s58463f_017408_014336.jpg,context/s58463f_017408_014336.jpg
s58463f_f04,s58463f,55,4,R22-354_25_ACLY656 NASH 6,ACLY656,2025-03-28_Celina 656D H&E,nash,train,uniform,5632,16384,512,,images/s58463f_005632_016384.jpg,context/s58463f_005632_016384.jpg
s58463f_f05,s58463f,55,5,R22-354_25_ACLY656 NASH 6,ACLY656,2025-03-28_Celina 656D H&E,nash,train,uniform,28672,16384,512,1.8891330221790024,images/s58463f_028672_016384.jpg,context/s58463f_028672_016384.jpg
s58463f_f06,s58463f,55,6,R22-354_25_ACLY656 NASH 6,ACLY656,2025-03-28_Celina 656D H&E,nash,train,uniform,25088,16896,512,-0.6056063413234525,images/s58463f_025088_016896.jpg,context/s58463f_025088_016896.jpg
s58463f_f07,s58463f,55,7,R22-354_25_ACLY656 NASH 6,ACLY656,2025-03-28_Celina 656D H&E,nash,train,uniform,24576,14848,512,3.7766140492112967,images/s58463f_024576_014848.jpg,context/s58463f_024576_014848.jpg
s58463f_f08,s58463f,55,8,R22-354_25_ACLY656 NASH 6,ACLY656,2025-03-28_Celina 656D H&E,nash,train,uniform,20480,16896,512,4.890469190161193,images/s58463f_020480_016896.jpg,context/s58463f_020480_016896.jpg
s58463f_f09,s58463f,55,9,R22-354_25_ACLY656 NASH 6,ACLY656,2025-03-28_Celina 656D H&E,nash,train,uniform,10752,16384,512,7.544230247969696,images/s58463f_010752_016384.jpg,context/s58463f_010752_016384.jpg
s58463f_f10,s58463f,55,10,R22-354_25_ACLY656 NASH 6,ACLY656,2025-03-28_Celina 656D H&E,nash,train,uniform,27136,16384,512,1.8286785566612616,images/s58463f_027136_016384.jpg,context/s58463f_027136_016384.jpg
s58463f_f11,s58463f,55,11,R22-354_25_ACLY656 NASH 6,ACLY656,2025-03-28_Celina 656D H&E,nash,train,uniform,12288,16896,512,4.705187536477132,images/s58463f_012288_016896.jpg,context/s58463f_012288_016896.jpg
s58463f_f12,s58463f,55,12,R22-354_25_ACLY656 NASH 6,ACLY656,2025-03-28_Celina 656D H&E,nash,train,uniform,5632,14848,512,4.778595538422713,images/s58463f_005632_014848.jpg,context/s58463f_005632_014848.jpg
s58463f_f13,s58463f,55,13,R22-354_25_ACLY656 NASH 6,ACLY656,2025-03-28_Celina 656D H&E,nash,train,uniform,8192,15360,512,,images/s58463f_008192_015360.jpg,context/s58463f_008192_015360.jpg
s58463f_f14,s58463f,55,14,R22-354_25_ACLY656 NASH 6,ACLY656,2025-03-28_Celina 656D H&E,nash,train,uniform,13824,14848,512,1.2470944541203188,images/s58463f_013824_014848.jpg,context/s58463f_013824_014848.jpg
s58463f_f15,s58463f,55,15,R22-354_25_ACLY656 NASH 6,ACLY656,2025-03-28_Celina 656D H&E,nash,train,uniform,18432,14336,512,2.3902217688845577,images/s58463f_018432_014336.jpg,context/s58463f_018432_014336.jpg
s58463f_f16,s58463f,55,16,R22-354_25_ACLY656 NASH 6,ACLY656,2025-03-28_Celina 656D H&E,nash,train,uniform,7168,14848,512,4.650519227210229,images/s58463f_007168_014848.jpg,context/s58463f_007168_014848.jpg
s58463f_f17,s58463f,55,17,R22-354_25_ACLY656 NASH 6,ACLY656,2025-03-28_Celina 656D H&E,nash,train,repeat,27136,16384,512,1.8286785566612616,images/s58463f_027136_016384.jpg,context/s58463f_027136_016384.jpg
s58463f_f18,s58463f,55,18,R22-354_25_ACLY656 NASH 6,ACLY656,2025-03-28_Celina 656D H&E,nash,train,repeat,28672,16384,512,1.8891330221790024,images/s58463f_028672_016384.jpg,context/s58463f_028672_016384.jpg
s9e1f46_f01,s9e1f46,56,1,R25-079_14_HE,unknown,2025-03-07_Jaya HE,unknown,train,uniform,39936,0,512,,images/s9e1f46_039936_000000.jpg,context/s9e1f46_039936_000000.jpg
s9e1f46_f02,s9e1f46,56,2,R25-079_14_HE,unknown,2025-03-07_Jaya HE,unknown,train,uniform,16896,15872,512,,images/s9e1f46_016896_015872.jpg,context/s9e1f46_016896_015872.jpg
s9e1f46_f03,s9e1f46,56,3,R25-079_14_HE,unknown,2025-03-07_Jaya HE,unknown,train,uniform,13824,40448,512,,images/s9e1f46_013824_040448.jpg,context/s9e1f46_013824_040448.jpg
s9e1f46_f04,s9e1f46,56,4,R25-079_14_HE,unknown,2025-03-07_Jaya HE,unknown,train,uniform,23040,4096,512,,images/s9e1f46_023040_004096.jpg,context/s9e1f46_023040_004096.jpg
s9e1f46_f05,s9e1f46,56,5,R25-079_14_HE,unknown,2025-03-07_Jaya HE,unknown,train,uniform,41472,25088,512,,images/s9e1f46_041472_025088.jpg,context/s9e1f46_041472_025088.jpg
s9e1f46_f06,s9e1f46,56,6,R25-079_14_HE,unknown,2025-03-07_Jaya HE,unknown,train,uniform,32768,25600,512,,images/s9e1f46_032768_025600.jpg,context/s9e1f46_032768_025600.jpg
s9e1f46_f07,s9e1f46,56,7,R25-079_14_HE,unknown,2025-03-07_Jaya HE,unknown,train,uniform,26112,34816,512,,images/s9e1f46_026112_034816.jpg,context/s9e1f46_026112_034816.jpg
s9e1f46_f08,s9e1f46,56,8,R25-079_14_HE,unknown,2025-03-07_Jaya HE,unknown,train,uniform,9728,10752,512,,images/s9e1f46_009728_010752.jpg,context/s9e1f46_009728_010752.jpg
s9e1f46_f09,s9e1f46,56,9,R25-079_14_HE,unknown,2025-03-07_Jaya HE,unknown,train,uniform,47616,38912,512,,images/s9e1f46_047616_038912.jpg,context/s9e1f46_047616_038912.jpg
s9e1f46_f10,s9e1f46,56,10,R25-079_14_HE,unknown,2025-03-07_Jaya HE,unknown,train,uniform,45568,32768,512,,images/s9e1f46_045568_032768.jpg,context/s9e1f46_045568_032768.jpg
s9e1f46_f11,s9e1f46,56,11,R25-079_14_HE,unknown,2025-03-07_Jaya HE,unknown,train,uniform,18432,29696,512,,images/s9e1f46_018432_029696.jpg,context/s9e1f46_018432_029696.jpg
s9e1f46_f12,s9e1f46,56,12,R25-079_14_HE,unknown,2025-03-07_Jaya HE,unknown,train,uniform,35328,14336,512,,images/s9e1f46_035328_014336.jpg,context/s9e1f46_035328_014336.jpg
s9e1f46_f13,s9e1f46,56,13,R25-079_14_HE,unknown,2025-03-07_Jaya HE,unknown,train,uniform,26624,25088,512,,images/s9e1f46_026624_025088.jpg,context/s9e1f46_026624_025088.jpg
s9e1f46_f14,s9e1f46,56,14,R25-079_14_HE,unknown,2025-03-07_Jaya HE,unknown,train,uniform,52736,14336,512,,images/s9e1f46_052736_014336.jpg,context/s9e1f46_052736_014336.jpg
s9e1f46_f15,s9e1f46,56,15,R25-079_14_HE,unknown,2025-03-07_Jaya HE,unknown,train,uniform,49664,27648,512,,images/s9e1f46_049664_027648.jpg,context/s9e1f46_049664_027648.jpg
s9e1f46_f16,s9e1f46,56,16,R25-079_14_HE,unknown,2025-03-07_Jaya HE,unknown,train,uniform,19456,4608,512,,images/s9e1f46_019456_004608.jpg,context/s9e1f46_019456_004608.jpg
s9e1f46_f17,s9e1f46,56,17,R25-079_14_HE,unknown,2025-03-07_Jaya HE,unknown,train,repeat,41472,25088,512,,images/s9e1f46_041472_025088.jpg,context/s9e1f46_041472_025088.jpg
s9e1f46_f18,s9e1f46,56,18,R25-079_14_HE,unknown,2025-03-07_Jaya HE,unknown,train,repeat,49664,27648,512,,images/s9e1f46_049664_027648.jpg,context/s9e1f46_049664_027648.jpg
s445385_f01,s445385,57,1,R25-151-44_HE,unknown,2025-04-29HE,unknown,train,uniform,12288,13312,512,,images/s445385_012288_013312.jpg,context/s445385_012288_013312.jpg
s445385_f02,s445385,57,2,R25-151-44_HE,unknown,2025-04-29HE,unknown,train,uniform,12288,6144,512,,images/s445385_012288_006144.jpg,context/s445385_012288_006144.jpg
s445385_f03,s445385,57,3,R25-151-44_HE,unknown,2025-04-29HE,unknown,train,uniform,8704,13312,512,,images/s445385_008704_013312.jpg,context/s445385_008704_013312.jpg
s445385_f04,s445385,57,4,R25-151-44_HE,unknown,2025-04-29HE,unknown,train,uniform,17920,17920,512,,images/s445385_017920_017920.jpg,context/s445385_017920_017920.jpg
s445385_f05,s445385,57,5,R25-151-44_HE,unknown,2025-04-29HE,unknown,train,uniform,6144,22528,512,,images/s445385_006144_022528.jpg,context/s445385_006144_022528.jpg
s445385_f06,s445385,57,6,R25-151-44_HE,unknown,2025-04-29HE,unknown,train,uniform,4608,8704,512,,images/s445385_004608_008704.jpg,context/s445385_004608_008704.jpg
s445385_f07,s445385,57,7,R25-151-44_HE,unknown,2025-04-29HE,unknown,train,uniform,4096,15360,512,,images/s445385_004096_015360.jpg,context/s445385_004096_015360.jpg
s445385_f08,s445385,57,8,R25-151-44_HE,unknown,2025-04-29HE,unknown,train,uniform,6144,17920,512,,images/s445385_006144_017920.jpg,context/s445385_006144_017920.jpg
s445385_f09,s445385,57,9,R25-151-44_HE,unknown,2025-04-29HE,unknown,train,uniform,16896,13312,512,,images/s445385_016896_013312.jpg,context/s445385_016896_013312.jpg
s445385_f10,s445385,57,10,R25-151-44_HE,unknown,2025-04-29HE,unknown,train,uniform,15360,10752,512,,images/s445385_015360_010752.jpg,context/s445385_015360_010752.jpg
s445385_f11,s445385,57,11,R25-151-44_HE,unknown,2025-04-29HE,unknown,train,uniform,14336,6144,512,,images/s445385_014336_006144.jpg,context/s445385_014336_006144.jpg
s445385_f12,s445385,57,12,R25-151-44_HE,unknown,2025-04-29HE,unknown,train,uniform,5120,11264,512,,images/s445385_005120_011264.jpg,context/s445385_005120_011264.jpg
s445385_f13,s445385,57,13,R25-151-44_HE,unknown,2025-04-29HE,unknown,train,uniform,14336,9216,512,,images/s445385_014336_009216.jpg,context/s445385_014336_009216.jpg
s445385_f14,s445385,57,14,R25-151-44_HE,unknown,2025-04-29HE,unknown,train,uniform,8704,19456,512,,images/s445385_008704_019456.jpg,context/s445385_008704_019456.jpg
s445385_f15,s445385,57,15,R25-151-44_HE,unknown,2025-04-29HE,unknown,train,uniform,9216,17408,512,,images/s445385_009216_017408.jpg,context/s445385_009216_017408.jpg
s445385_f16,s445385,57,16,R25-151-44_HE,unknown,2025-04-29HE,unknown,train,uniform,14336,5632,512,,images/s445385_014336_005632.jpg,context/s445385_014336_005632.jpg
s445385_f17,s445385,57,17,R25-151-44_HE,unknown,2025-04-29HE,unknown,train,repeat,14336,9216,512,,images/s445385_014336_009216.jpg,context/s445385_014336_009216.jpg
s445385_f18,s445385,57,18,R25-151-44_HE,unknown,2025-04-29HE,unknown,train,repeat,4096,15360,512,,images/s445385_004096_015360.jpg,context/s445385_004096_015360.jpg
sb82125_f01,sb82125,58,1,R25-223-15_HE,unknown,2025-07-09_Evelyn_HE,unknown,train,uniform,36352,23040,512,,images/sb82125_036352_023040.jpg,context/sb82125_036352_023040.jpg
sb82125_f02,sb82125,58,2,R25-223-15_HE,unknown,2025-07-09_Evelyn_HE,unknown,train,uniform,39936,4608,512,,images/sb82125_039936_004608.jpg,context/sb82125_039936_004608.jpg
sb82125_f03,sb82125,58,3,R25-223-15_HE,unknown,2025-07-09_Evelyn_HE,unknown,train,uniform,12288,4096,512,,images/sb82125_012288_004096.jpg,context/sb82125_012288_004096.jpg
sb82125_f04,sb82125,58,4,R25-223-15_HE,unknown,2025-07-09_Evelyn_HE,unknown,train,uniform,37888,12800,512,,images/sb82125_037888_012800.jpg,context/sb82125_037888_012800.jpg
sb82125_f05,sb82125,58,5,R25-223-15_HE,unknown,2025-07-09_Evelyn_HE,unknown,train,uniform,47104,26112,512,,images/sb82125_047104_026112.jpg,context/sb82125_047104_026112.jpg
sb82125_f06,sb82125,58,6,R25-223-15_HE,unknown,2025-07-09_Evelyn_HE,unknown,train,uniform,7168,17408,512,,images/sb82125_007168_017408.jpg,context/sb82125_007168_017408.jpg
sb82125_f07,sb82125,58,7,R25-223-15_HE,unknown,2025-07-09_Evelyn_HE,unknown,train,uniform,47104,9216,512,,images/sb82125_047104_009216.jpg,context/sb82125_047104_009216.jpg
sb82125_f08,sb82125,58,8,R25-223-15_HE,unknown,2025-07-09_Evelyn_HE,unknown,train,uniform,28160,25088,512,,images/sb82125_028160_025088.jpg,context/sb82125_028160_025088.jpg
sb82125_f09,sb82125,58,9,R25-223-15_HE,unknown,2025-07-09_Evelyn_HE,unknown,train,uniform,40960,5632,512,,images/sb82125_040960_005632.jpg,context/sb82125_040960_005632.jpg
sb82125_f10,sb82125,58,10,R25-223-15_HE,unknown,2025-07-09_Evelyn_HE,unknown,train,uniform,16384,19456,512,,images/sb82125_016384_019456.jpg,context/sb82125_016384_019456.jpg
sb82125_f11,sb82125,58,11,R25-223-15_HE,unknown,2025-07-09_Evelyn_HE,unknown,train,uniform,50688,19968,512,,images/sb82125_050688_019968.jpg,context/sb82125_050688_019968.jpg
sb82125_f12,sb82125,58,12,R25-223-15_HE,unknown,2025-07-09_Evelyn_HE,unknown,train,uniform,13824,19456,512,,images/sb82125_013824_019456.jpg,context/sb82125_013824_019456.jpg
sb82125_f13,sb82125,58,13,R25-223-15_HE,unknown,2025-07-09_Evelyn_HE,unknown,train,uniform,45056,28160,512,,images/sb82125_045056_028160.jpg,context/sb82125_045056_028160.jpg
sb82125_f14,sb82125,58,14,R25-223-15_HE,unknown,2025-07-09_Evelyn_HE,unknown,train,uniform,29696,23552,512,,images/sb82125_029696_023552.jpg,context/sb82125_029696_023552.jpg
sb82125_f15,sb82125,58,15,R25-223-15_HE,unknown,2025-07-09_Evelyn_HE,unknown,train,uniform,47104,5120,512,,images/sb82125_047104_005120.jpg,context/sb82125_047104_005120.jpg
sb82125_f16,sb82125,58,16,R25-223-15_HE,unknown,2025-07-09_Evelyn_HE,unknown,train,uniform,43008,9728,512,,images/sb82125_043008_009728.jpg,context/sb82125_043008_009728.jpg
sb82125_f17,sb82125,58,17,R25-223-15_HE,unknown,2025-07-09_Evelyn_HE,unknown,train,repeat,50688,19968,512,,images/sb82125_050688_019968.jpg,context/sb82125_050688_019968.jpg
sb82125_f18,sb82125,58,18,R25-223-15_HE,unknown,2025-07-09_Evelyn_HE,unknown,train,repeat,29696,23552,512,,images/sb82125_029696_023552.jpg,context/sb82125_029696_023552.jpg
s9340fb_f01,s9340fb,59,1,R22--063-25_HE,unknown,2025-09-24HE,unknown,train,uniform,34304,12800,512,2.0365506264662696,images/s9340fb_034304_012800.jpg,context/s9340fb_034304_012800.jpg
s9340fb_f02,s9340fb,59,2,R22--063-25_HE,unknown,2025-09-24HE,unknown,train,uniform,11776,13312,512,6.348015681365229,images/s9340fb_011776_013312.jpg,context/s9340fb_011776_013312.jpg
s9340fb_f03,s9340fb,59,3,R22--063-25_HE,unknown,2025-09-24HE,unknown,train,uniform,23552,13824,512,7.926044093709368,images/s9340fb_023552_013824.jpg,context/s9340fb_023552_013824.jpg
s9340fb_f04,s9340fb,59,4,R22--063-25_HE,unknown,2025-09-24HE,unknown,train,uniform,21504,14336,512,8.19937615826847,images/s9340fb_021504_014336.jpg,context/s9340fb_021504_014336.jpg
s9340fb_f05,s9340fb,59,5,R22--063-25_HE,unknown,2025-09-24HE,unknown,train,uniform,34816,13312,512,3.2009410691293616,images/s9340fb_034816_013312.jpg,context/s9340fb_034816_013312.jpg
s9340fb_f06,s9340fb,59,6,R22--063-25_HE,unknown,2025-09-24HE,unknown,train,uniform,4608,14336,512,6.554355618665273,images/s9340fb_004608_014336.jpg,context/s9340fb_004608_014336.jpg
s9340fb_f07,s9340fb,59,7,R22--063-25_HE,unknown,2025-09-24HE,unknown,train,uniform,23552,14336,512,4.2025821693426675,images/s9340fb_023552_014336.jpg,context/s9340fb_023552_014336.jpg
s9340fb_f08,s9340fb,59,8,R22--063-25_HE,unknown,2025-09-24HE,unknown,train,uniform,29184,13312,512,0.8104181791061684,images/s9340fb_029184_013312.jpg,context/s9340fb_029184_013312.jpg
s9340fb_f09,s9340fb,59,9,R22--063-25_HE,unknown,2025-09-24HE,unknown,train,uniform,18432,14336,512,4.947388492269019,images/s9340fb_018432_014336.jpg,context/s9340fb_018432_014336.jpg
s9340fb_f10,s9340fb,59,10,R22--063-25_HE,unknown,2025-09-24HE,unknown,train,uniform,25600,13824,512,4.733839706140224,images/s9340fb_025600_013824.jpg,context/s9340fb_025600_013824.jpg
s9340fb_f11,s9340fb,59,11,R22--063-25_HE,unknown,2025-09-24HE,unknown,train,uniform,17408,14336,512,2.4715346083864222,images/s9340fb_017408_014336.jpg,context/s9340fb_017408_014336.jpg
s9340fb_f12,s9340fb,59,12,R22--063-25_HE,unknown,2025-09-24HE,unknown,train,uniform,2560,14848,512,4.875423658634956,images/s9340fb_002560_014848.jpg,context/s9340fb_002560_014848.jpg
s9340fb_f13,s9340fb,59,13,R22--063-25_HE,unknown,2025-09-24HE,unknown,train,uniform,6656,13312,512,1.366414290899461,images/s9340fb_006656_013312.jpg,context/s9340fb_006656_013312.jpg
s9340fb_f14,s9340fb,59,14,R22--063-25_HE,unknown,2025-09-24HE,unknown,train,uniform,17408,13824,512,3.575407731383798,images/s9340fb_017408_013824.jpg,context/s9340fb_017408_013824.jpg
s9340fb_f15,s9340fb,59,15,R22--063-25_HE,unknown,2025-09-24HE,unknown,train,uniform,19968,13824,512,3.639112676286536,images/s9340fb_019968_013824.jpg,context/s9340fb_019968_013824.jpg
s9340fb_f16,s9340fb,59,16,R22--063-25_HE,unknown,2025-09-24HE,unknown,train,uniform,28672,14336,512,-0.4408787693906135,images/s9340fb_028672_014336.jpg,context/s9340fb_028672_014336.jpg
s9340fb_f17,s9340fb,59,17,R22--063-25_HE,unknown,2025-09-24HE,unknown,train,repeat,18432,14336,512,4.947388492269019,images/s9340fb_018432_014336.jpg,context/s9340fb_018432_014336.jpg
s9340fb_f18,s9340fb,59,18,R22--063-25_HE,unknown,2025-09-24HE,unknown,train,repeat,29184,13312,512,0.8104181791061684,images/s9340fb_029184_013312.jpg,context/s9340fb_029184_013312.jpg
sc35509_f01,sc35509,60,1,R25-345-13,unknown,2025-11-14HE,unknown,train,uniform,16896,18432,512,5.583671557280106,images/sc35509_016896_018432.jpg,context/sc35509_016896_018432.jpg
sc35509_f02,sc35509,60,2,R25-345-13,unknown,2025-11-14HE,unknown,train,uniform,13824,16384,512,7.185780682031061,images/sc35509_013824_016384.jpg,context/sc35509_013824_016384.jpg
sc35509_f03,sc35509,60,3,R25-345-13,unknown,2025-11-14HE,unknown,train,uniform,3584,18944,512,4.905525328727164,images/sc35509_003584_018944.jpg,context/sc35509_003584_018944.jpg
sc35509_f04,sc35509,60,4,R25-345-13,unknown,2025-11-14HE,unknown,train,uniform,12288,18432,512,3.030394551540297,images/sc35509_012288_018432.jpg,context/sc35509_012288_018432.jpg
sc35509_f05,sc35509,60,5,R25-345-13,unknown,2025-11-14HE,unknown,train,uniform,24064,18432,512,6.497624784812737,images/sc35509_024064_018432.jpg,context/sc35509_024064_018432.jpg
sc35509_f06,sc35509,60,6,R25-345-13,unknown,2025-11-14HE,unknown,train,uniform,4608,17408,512,9.14685026654012,images/sc35509_004608_017408.jpg,context/sc35509_004608_017408.jpg
sc35509_f07,sc35509,60,7,R25-345-13,unknown,2025-11-14HE,unknown,train,uniform,15872,16384,512,3.690871897925109,images/sc35509_015872_016384.jpg,context/sc35509_015872_016384.jpg
sc35509_f08,sc35509,60,8,R25-345-13,unknown,2025-11-14HE,unknown,train,uniform,30208,18432,512,1.4224110631571625,images/sc35509_030208_018432.jpg,context/sc35509_030208_018432.jpg
sc35509_f09,sc35509,60,9,R25-345-13,unknown,2025-11-14HE,unknown,train,uniform,29184,15872,512,2.992682599630238,images/sc35509_029184_015872.jpg,context/sc35509_029184_015872.jpg
sc35509_f10,sc35509,60,10,R25-345-13,unknown,2025-11-14HE,unknown,train,uniform,20480,16384,512,5.9147564555821805,images/sc35509_020480_016384.jpg,context/sc35509_020480_016384.jpg
sc35509_f11,sc35509,60,11,R25-345-13,unknown,2025-11-14HE,unknown,train,uniform,30720,18432,512,3.435221475592217,images/sc35509_030720_018432.jpg,context/sc35509_030720_018432.jpg
sc35509_f12,sc35509,60,12,R25-345-13,unknown,2025-11-14HE,unknown,train,uniform,4096,18944,512,11.246634800261806,images/sc35509_004096_018944.jpg,context/sc35509_004096_018944.jpg
sc35509_f13,sc35509,60,13,R25-345-13,unknown,2025-11-14HE,unknown,train,uniform,27136,18432,512,0.914831227483886,images/sc35509_027136_018432.jpg,context/sc35509_027136_018432.jpg
sc35509_f14,sc35509,60,14,R25-345-13,unknown,2025-11-14HE,unknown,train,uniform,30720,15872,512,10.212053793891958,images/sc35509_030720_015872.jpg,context/sc35509_030720_015872.jpg
sc35509_f15,sc35509,60,15,R25-345-13,unknown,2025-11-14HE,unknown,train,uniform,9728,18432,512,2.643562074980613,images/sc35509_009728_018432.jpg,context/sc35509_009728_018432.jpg
sc35509_f16,sc35509,60,16,R25-345-13,unknown,2025-11-14HE,unknown,train,uniform,25088,16896,512,7.049259679433626,images/sc35509_025088_016896.jpg,context/sc35509_025088_016896.jpg
sc35509_f17,sc35509,60,17,R25-345-13,unknown,2025-11-14HE,unknown,train,repeat,16896,18432,512,5.583671557280106,images/sc35509_016896_018432.jpg,context/sc35509_016896_018432.jpg
sc35509_f18,sc35509,60,18,R25-345-13,unknown,2025-11-14HE,unknown,train,repeat,4096,18944,512,11.246634800261806,images/sc35509_004096_018944.jpg,context/sc35509_004096_018944.jpg
s0ee1cd_f01,s0ee1cd,61,1,R26-041-10,unknown,P273-2026-02-13_Christina HE,unknown,train,uniform,41472,14336,512,,images/s0ee1cd_041472_014336.jpg,context/s0ee1cd_041472_014336.jpg
s0ee1cd_f02,s0ee1cd,61,2,R26-041-10,unknown,P273-2026-02-13_Christina HE,unknown,train,uniform,15872,23552,512,,images/s0ee1cd_015872_023552.jpg,context/s0ee1cd_015872_023552.jpg
s0ee1cd_f03,s0ee1cd,61,3,R26-041-10,unknown,P273-2026-02-13_Christina HE,unknown,train,uniform,17920,10240,512,,images/s0ee1cd_017920_010240.jpg,context/s0ee1cd_017920_010240.jpg
s0ee1cd_f04,s0ee1cd,61,4,R26-041-10,unknown,P273-2026-02-13_Christina HE,unknown,train,uniform,34304,27136,512,,images/s0ee1cd_034304_027136.jpg,context/s0ee1cd_034304_027136.jpg
s0ee1cd_f05,s0ee1cd,61,5,R26-041-10,unknown,P273-2026-02-13_Christina HE,unknown,train,uniform,27136,18432,512,,images/s0ee1cd_027136_018432.jpg,context/s0ee1cd_027136_018432.jpg
s0ee1cd_f06,s0ee1cd,61,6,R26-041-10,unknown,P273-2026-02-13_Christina HE,unknown,train,uniform,27648,10240,512,,images/s0ee1cd_027648_010240.jpg,context/s0ee1cd_027648_010240.jpg
s0ee1cd_f07,s0ee1cd,61,7,R26-041-10,unknown,P273-2026-02-13_Christina HE,unknown,train,uniform,24576,16896,512,,images/s0ee1cd_024576_016896.jpg,context/s0ee1cd_024576_016896.jpg
s0ee1cd_f08,s0ee1cd,61,8,R26-041-10,unknown,P273-2026-02-13_Christina HE,unknown,train,uniform,33792,26112,512,,images/s0ee1cd_033792_026112.jpg,context/s0ee1cd_033792_026112.jpg
s0ee1cd_f09,s0ee1cd,61,9,R26-041-10,unknown,P273-2026-02-13_Christina HE,unknown,train,uniform,23040,24576,512,,images/s0ee1cd_023040_024576.jpg,context/s0ee1cd_023040_024576.jpg
s0ee1cd_f10,s0ee1cd,61,10,R26-041-10,unknown,P273-2026-02-13_Christina HE,unknown,train,uniform,3584,11264,512,,images/s0ee1cd_003584_011264.jpg,context/s0ee1cd_003584_011264.jpg
s0ee1cd_f11,s0ee1cd,61,11,R26-041-10,unknown,P273-2026-02-13_Christina HE,unknown,train,uniform,21504,14848,512,,images/s0ee1cd_021504_014848.jpg,context/s0ee1cd_021504_014848.jpg
s0ee1cd_f12,s0ee1cd,61,12,R26-041-10,unknown,P273-2026-02-13_Christina HE,unknown,train,uniform,32768,5632,512,,images/s0ee1cd_032768_005632.jpg,context/s0ee1cd_032768_005632.jpg
s0ee1cd_f13,s0ee1cd,61,13,R26-041-10,unknown,P273-2026-02-13_Christina HE,unknown,train,uniform,35840,24064,512,,images/s0ee1cd_035840_024064.jpg,context/s0ee1cd_035840_024064.jpg
s0ee1cd_f14,s0ee1cd,61,14,R26-041-10,unknown,P273-2026-02-13_Christina HE,unknown,train,uniform,37376,22528,512,,images/s0ee1cd_037376_022528.jpg,context/s0ee1cd_037376_022528.jpg
s0ee1cd_f15,s0ee1cd,61,15,R26-041-10,unknown,P273-2026-02-13_Christina HE,unknown,train,uniform,35328,20480,512,,images/s0ee1cd_035328_020480.jpg,context/s0ee1cd_035328_020480.jpg
s0ee1cd_f16,s0ee1cd,61,16,R26-041-10,unknown,P273-2026-02-13_Christina HE,unknown,train,uniform,38400,10752,512,,images/s0ee1cd_038400_010752.jpg,context/s0ee1cd_038400_010752.jpg
s0ee1cd_f17,s0ee1cd,61,17,R26-041-10,unknown,P273-2026-02-13_Christina HE,unknown,train,repeat,17920,10240,512,,images/s0ee1cd_017920_010240.jpg,context/s0ee1cd_017920_010240.jpg
s0ee1cd_f18,s0ee1cd,61,18,R26-041-10,unknown,P273-2026-02-13_Christina HE,unknown,train,repeat,24576,16896,512,,images/s0ee1cd_024576_016896.jpg,context/s0ee1cd_024576_016896.jpg
sb5ae0d_f01,sb5ae0d,62,1,R25-264-28,MASH,2025-08-25HE,unknown,train,uniform,40448,12288,512,,images/sb5ae0d_040448_012288.jpg,context/sb5ae0d_040448_012288.jpg
sb5ae0d_f02,sb5ae0d,62,2,R25-264-28,MASH,2025-08-25HE,unknown,train,uniform,36864,29184,512,,images/sb5ae0d_036864_029184.jpg,context/sb5ae0d_036864_029184.jpg
sb5ae0d_f03,sb5ae0d,62,3,R25-264-28,MASH,2025-08-25HE,unknown,train,uniform,35328,19968,512,,images/sb5ae0d_035328_019968.jpg,context/sb5ae0d_035328_019968.jpg
sb5ae0d_f04,sb5ae0d,62,4,R25-264-28,MASH,2025-08-25HE,unknown,train,uniform,23552,30720,512,,images/sb5ae0d_023552_030720.jpg,context/sb5ae0d_023552_030720.jpg
sb5ae0d_f05,sb5ae0d,62,5,R25-264-28,MASH,2025-08-25HE,unknown,train,uniform,27648,29184,512,,images/sb5ae0d_027648_029184.jpg,context/sb5ae0d_027648_029184.jpg
sb5ae0d_f06,sb5ae0d,62,6,R25-264-28,MASH,2025-08-25HE,unknown,train,uniform,31232,12800,512,,images/sb5ae0d_031232_012800.jpg,context/sb5ae0d_031232_012800.jpg
sb5ae0d_f07,sb5ae0d,62,7,R25-264-28,MASH,2025-08-25HE,unknown,train,uniform,25600,3584,512,,images/sb5ae0d_025600_003584.jpg,context/sb5ae0d_025600_003584.jpg
sb5ae0d_f08,sb5ae0d,62,8,R25-264-28,MASH,2025-08-25HE,unknown,train,uniform,29184,27136,512,,images/sb5ae0d_029184_027136.jpg,context/sb5ae0d_029184_027136.jpg
sb5ae0d_f09,sb5ae0d,62,9,R25-264-28,MASH,2025-08-25HE,unknown,train,uniform,44544,25088,512,,images/sb5ae0d_044544_025088.jpg,context/sb5ae0d_044544_025088.jpg
sb5ae0d_f10,sb5ae0d,62,10,R25-264-28,MASH,2025-08-25HE,unknown,train,uniform,22016,30720,512,,images/sb5ae0d_022016_030720.jpg,context/sb5ae0d_022016_030720.jpg
sb5ae0d_f11,sb5ae0d,62,11,R25-264-28,MASH,2025-08-25HE,unknown,train,uniform,30720,11264,512,,images/sb5ae0d_030720_011264.jpg,context/sb5ae0d_030720_011264.jpg
sb5ae0d_f12,sb5ae0d,62,12,R25-264-28,MASH,2025-08-25HE,unknown,train,uniform,47104,26112,512,,images/sb5ae0d_047104_026112.jpg,context/sb5ae0d_047104_026112.jpg
sb5ae0d_f13,sb5ae0d,62,13,R25-264-28,MASH,2025-08-25HE,unknown,train,uniform,15360,35328,512,,images/sb5ae0d_015360_035328.jpg,context/sb5ae0d_015360_035328.jpg
sb5ae0d_f14,sb5ae0d,62,14,R25-264-28,MASH,2025-08-25HE,unknown,train,uniform,7680,32768,512,,images/sb5ae0d_007680_032768.jpg,context/sb5ae0d_007680_032768.jpg
sb5ae0d_f15,sb5ae0d,62,15,R25-264-28,MASH,2025-08-25HE,unknown,train,uniform,40448,20992,512,,images/sb5ae0d_040448_020992.jpg,context/sb5ae0d_040448_020992.jpg
sb5ae0d_f16,sb5ae0d,62,16,R25-264-28,MASH,2025-08-25HE,unknown,train,uniform,34304,17920,512,,images/sb5ae0d_034304_017920.jpg,context/sb5ae0d_034304_017920.jpg
sb5ae0d_f17,sb5ae0d,62,17,R25-264-28,MASH,2025-08-25HE,unknown,train,repeat,27648,29184,512,,images/sb5ae0d_027648_029184.jpg,context/sb5ae0d_027648_029184.jpg
sb5ae0d_f18,sb5ae0d,62,18,R25-264-28,MASH,2025-08-25HE,unknown,train,repeat,15360,35328,512,,images/sb5ae0d_015360_035328.jpg,context/sb5ae0d_015360_035328.jpg
s018523_f01,s018523,63,1,R26-122-29_HE_82,CCl4,2026-04-20_CCl4_HE,unknown,test,uniform,19968,17408,512,3.2317580683706115,images/s018523_019968_017408.jpg,context/s018523_019968_017408.jpg
s018523_f02,s018523,63,2,R26-122-29_HE_82,CCl4,2026-04-20_CCl4_HE,unknown,test,uniform,26624,11264,512,4.380983846522592,images/s018523_026624_011264.jpg,context/s018523_026624_011264.jpg
s018523_f03,s018523,63,3,R26-122-29_HE_82,CCl4,2026-04-20_CCl4_HE,unknown,test,uniform,13824,16896,512,5.369278927943656,images/s018523_013824_016896.jpg,context/s018523_013824_016896.jpg
s018523_f04,s018523,63,4,R26-122-29_HE_82,CCl4,2026-04-20_CCl4_HE,unknown,test,uniform,15360,16896,512,4.851985785236779,images/s018523_015360_016896.jpg,context/s018523_015360_016896.jpg
s018523_f05,s018523,63,5,R26-122-29_HE_82,CCl4,2026-04-20_CCl4_HE,unknown,test,uniform,11776,17408,512,0.8409634975055236,images/s018523_011776_017408.jpg,context/s018523_011776_017408.jpg
s018523_f06,s018523,63,6,R26-122-29_HE_82,CCl4,2026-04-20_CCl4_HE,unknown,test,uniform,11264,11264,512,0.5574838501733218,images/s018523_011264_011264.jpg,context/s018523_011264_011264.jpg
s018523_f07,s018523,63,7,R26-122-29_HE_82,CCl4,2026-04-20_CCl4_HE,unknown,test,uniform,8704,10752,512,3.5118648725316755,images/s018523_008704_010752.jpg,context/s018523_008704_010752.jpg
s018523_f08,s018523,63,8,R26-122-29_HE_82,CCl4,2026-04-20_CCl4_HE,unknown,test,uniform,17408,11264,512,3.339155769819389,images/s018523_017408_011264.jpg,context/s018523_017408_011264.jpg
s018523_f09,s018523,63,9,R26-122-29_HE_82,CCl4,2026-04-20_CCl4_HE,unknown,test,uniform,26624,16384,512,4.81396274446055,images/s018523_026624_016384.jpg,context/s018523_026624_016384.jpg
s018523_f10,s018523,63,10,R26-122-29_HE_82,CCl4,2026-04-20_CCl4_HE,unknown,test,uniform,5632,16896,512,5.5292580304748045,images/s018523_005632_016896.jpg,context/s018523_005632_016896.jpg
s018523_f11,s018523,63,11,R26-122-29_HE_82,CCl4,2026-04-20_CCl4_HE,unknown,test,uniform,19968,11264,512,-1.7520475714709702,images/s018523_019968_011264.jpg,context/s018523_019968_011264.jpg
s018523_f12,s018523,63,12,R26-122-29_HE_82,CCl4,2026-04-20_CCl4_HE,unknown,test,uniform,15360,11264,512,1.2735067788586063,images/s018523_015360_011264.jpg,context/s018523_015360_011264.jpg
s018523_f13,s018523,63,13,R26-122-29_HE_82,CCl4,2026-04-20_CCl4_HE,unknown,test,uniform,23040,10240,512,2.368983458410587,images/s018523_023040_010240.jpg,context/s018523_023040_010240.jpg
s018523_f14,s018523,63,14,R26-122-29_HE_82,CCl4,2026-04-20_CCl4_HE,unknown,test,uniform,13312,11264,512,5.3514417784969694,images/s018523_013312_011264.jpg,context/s018523_013312_011264.jpg
s018523_f15,s018523,63,15,R26-122-29_HE_82,CCl4,2026-04-20_CCl4_HE,unknown,test,uniform,21504,10752,512,3.320114680200281,images/s018523_021504_010752.jpg,context/s018523_021504_010752.jpg
s018523_f16,s018523,63,16,R26-122-29_HE_82,CCl4,2026-04-20_CCl4_HE,unknown,test,uniform,22528,16384,512,2.563662934641901,images/s018523_022528_016384.jpg,context/s018523_022528_016384.jpg
s018523_f17,s018523,63,17,R26-122-29_HE_82,CCl4,2026-04-20_CCl4_HE,unknown,test,repeat,8704,10752,512,3.5118648725316755,images/s018523_008704_010752.jpg,context/s018523_008704_010752.jpg
s018523_f18,s018523,63,18,R26-122-29_HE_82,CCl4,2026-04-20_CCl4_HE,unknown,test,repeat,17408,11264,512,3.339155769819389,images/s018523_017408_011264.jpg,context/s018523_017408_011264.jpg
sd4b9f3_f01,sd4b9f3,64,1,R22-354_7_WT-NASH1,ACLY656,2025-03-28_Celina 656D H&E,nash,train,uniform,10752,6144,512,,images/sd4b9f3_010752_006144.jpg,context/sd4b9f3_010752_006144.jpg
sd4b9f3_f02,sd4b9f3,64,2,R22-354_7_WT-NASH1,ACLY656,2025-03-28_Celina 656D H&E,nash,train,uniform,27136,18432,512,,images/sd4b9f3_027136_018432.jpg,context/sd4b9f3_027136_018432.jpg
sd4b9f3_f03,sd4b9f3,64,3,R22-354_7_WT-NASH1,ACLY656,2025-03-28_Celina 656D H&E,nash,train,uniform,31232,20992,512,,images/sd4b9f3_031232_020992.jpg,context/sd4b9f3_031232_020992.jpg
sd4b9f3_f04,sd4b9f3,64,4,R22-354_7_WT-NASH1,ACLY656,2025-03-28_Celina 656D H&E,nash,train,uniform,29696,17408,512,,images/sd4b9f3_029696_017408.jpg,context/sd4b9f3_029696_017408.jpg
sd4b9f3_f05,sd4b9f3,64,5,R22-354_7_WT-NASH1,ACLY656,2025-03-28_Celina 656D H&E,nash,train,uniform,29184,11264,512,,images/sd4b9f3_029184_011264.jpg,context/sd4b9f3_029184_011264.jpg
sd4b9f3_f06,sd4b9f3,64,6,R22-354_7_WT-NASH1,ACLY656,2025-03-28_Celina 656D H&E,nash,train,uniform,30720,8704,512,,images/sd4b9f3_030720_008704.jpg,context/sd4b9f3_030720_008704.jpg
sd4b9f3_f07,sd4b9f3,64,7,R22-354_7_WT-NASH1,ACLY656,2025-03-28_Celina 656D H&E,nash,train,uniform,29696,3584,512,,images/sd4b9f3_029696_003584.jpg,context/sd4b9f3_029696_003584.jpg
sd4b9f3_f08,sd4b9f3,64,8,R22-354_7_WT-NASH1,ACLY656,2025-03-28_Celina 656D H&E,nash,train,uniform,16896,23040,512,,images/sd4b9f3_016896_023040.jpg,context/sd4b9f3_016896_023040.jpg
sd4b9f3_f09,sd4b9f3,64,9,R22-354_7_WT-NASH1,ACLY656,2025-03-28_Celina 656D H&E,nash,train,uniform,11264,11264,512,,images/sd4b9f3_011264_011264.jpg,context/sd4b9f3_011264_011264.jpg
sd4b9f3_f10,sd4b9f3,64,10,R22-354_7_WT-NASH1,ACLY656,2025-03-28_Celina 656D H&E,nash,train,uniform,9728,15360,512,,images/sd4b9f3_009728_015360.jpg,context/sd4b9f3_009728_015360.jpg
sd4b9f3_f11,sd4b9f3,64,11,R22-354_7_WT-NASH1,ACLY656,2025-03-28_Celina 656D H&E,nash,train,uniform,20480,7680,512,,images/sd4b9f3_020480_007680.jpg,context/sd4b9f3_020480_007680.jpg
sd4b9f3_f12,sd4b9f3,64,12,R22-354_7_WT-NASH1,ACLY656,2025-03-28_Celina 656D H&E,nash,train,uniform,9728,3072,512,,images/sd4b9f3_009728_003072.jpg,context/sd4b9f3_009728_003072.jpg
sd4b9f3_f13,sd4b9f3,64,13,R22-354_7_WT-NASH1,ACLY656,2025-03-28_Celina 656D H&E,nash,train,uniform,23040,15872,512,,images/sd4b9f3_023040_015872.jpg,context/sd4b9f3_023040_015872.jpg
sd4b9f3_f14,sd4b9f3,64,14,R22-354_7_WT-NASH1,ACLY656,2025-03-28_Celina 656D H&E,nash,train,uniform,22528,12800,512,,images/sd4b9f3_022528_012800.jpg,context/sd4b9f3_022528_012800.jpg
sd4b9f3_f15,sd4b9f3,64,15,R22-354_7_WT-NASH1,ACLY656,2025-03-28_Celina 656D H&E,nash,train,uniform,23040,17408,512,,images/sd4b9f3_023040_017408.jpg,context/sd4b9f3_023040_017408.jpg
sd4b9f3_f16,sd4b9f3,64,16,R22-354_7_WT-NASH1,ACLY656,2025-03-28_Celina 656D H&E,nash,train,uniform,18432,11776,512,,images/sd4b9f3_018432_011776.jpg,context/sd4b9f3_018432_011776.jpg
sd4b9f3_f17,sd4b9f3,64,17,R22-354_7_WT-NASH1,ACLY656,2025-03-28_Celina 656D H&E,nash,train,repeat,10752,6144,512,,images/sd4b9f3_010752_006144.jpg,context/sd4b9f3_010752_006144.jpg
sd4b9f3_f18,sd4b9f3,64,18,R22-354_7_WT-NASH1,ACLY656,2025-03-28_Celina 656D H&E,nash,train,repeat,23040,15872,512,,images/sd4b9f3_023040_015872.jpg,context/sd4b9f3_023040_015872.jpg
sfe96ae_f01,sfe96ae,65,1,R25-079_12_HE,unknown,2025-03-07_Jaya HE,unknown,train,uniform,35328,34816,512,,images/sfe96ae_035328_034816.jpg,context/sfe96ae_035328_034816.jpg
sfe96ae_f02,sfe96ae,65,2,R25-079_12_HE,unknown,2025-03-07_Jaya HE,unknown,train,uniform,55296,23040,512,,images/sfe96ae_055296_023040.jpg,context/sfe96ae_055296_023040.jpg
sfe96ae_f03,sfe96ae,65,3,R25-079_12_HE,unknown,2025-03-07_Jaya HE,unknown,train,uniform,1536,0,512,,images/sfe96ae_001536_000000.jpg,context/sfe96ae_001536_000000.jpg
sfe96ae_f04,sfe96ae,65,4,R25-079_12_HE,unknown,2025-03-07_Jaya HE,unknown,train,uniform,13824,0,512,,images/sfe96ae_013824_000000.jpg,context/sfe96ae_013824_000000.jpg
sfe96ae_f05,sfe96ae,65,5,R25-079_12_HE,unknown,2025-03-07_Jaya HE,unknown,train,uniform,22528,11776,512,,images/sfe96ae_022528_011776.jpg,context/sfe96ae_022528_011776.jpg
sfe96ae_f06,sfe96ae,65,6,R25-079_12_HE,unknown,2025-03-07_Jaya HE,unknown,train,uniform,43008,10752,512,,images/sfe96ae_043008_010752.jpg,context/sfe96ae_043008_010752.jpg
sfe96ae_f07,sfe96ae,65,7,R25-079_12_HE,unknown,2025-03-07_Jaya HE,unknown,train,uniform,5632,36864,512,,images/sfe96ae_005632_036864.jpg,context/sfe96ae_005632_036864.jpg
sfe96ae_f08,sfe96ae,65,8,R25-079_12_HE,unknown,2025-03-07_Jaya HE,unknown,train,uniform,35840,8192,512,,images/sfe96ae_035840_008192.jpg,context/sfe96ae_035840_008192.jpg
sfe96ae_f09,sfe96ae,65,9,R25-079_12_HE,unknown,2025-03-07_Jaya HE,unknown,train,uniform,15872,21504,512,,images/sfe96ae_015872_021504.jpg,context/sfe96ae_015872_021504.jpg
sfe96ae_f10,sfe96ae,65,10,R25-079_12_HE,unknown,2025-03-07_Jaya HE,unknown,train,uniform,48640,31744,512,,images/sfe96ae_048640_031744.jpg,context/sfe96ae_048640_031744.jpg
sfe96ae_f11,sfe96ae,65,11,R25-079_12_HE,unknown,2025-03-07_Jaya HE,unknown,train,uniform,25088,9216,512,,images/sfe96ae_025088_009216.jpg,context/sfe96ae_025088_009216.jpg
sfe96ae_f12,sfe96ae,65,12,R25-079_12_HE,unknown,2025-03-07_Jaya HE,unknown,train,uniform,50176,7168,512,,images/sfe96ae_050176_007168.jpg,context/sfe96ae_050176_007168.jpg
sfe96ae_f13,sfe96ae,65,13,R25-079_12_HE,unknown,2025-03-07_Jaya HE,unknown,train,uniform,22016,8704,512,,images/sfe96ae_022016_008704.jpg,context/sfe96ae_022016_008704.jpg
sfe96ae_f14,sfe96ae,65,14,R25-079_12_HE,unknown,2025-03-07_Jaya HE,unknown,train,uniform,3072,22016,512,,images/sfe96ae_003072_022016.jpg,context/sfe96ae_003072_022016.jpg
sfe96ae_f15,sfe96ae,65,15,R25-079_12_HE,unknown,2025-03-07_Jaya HE,unknown,train,uniform,35328,21504,512,,images/sfe96ae_035328_021504.jpg,context/sfe96ae_035328_021504.jpg
sfe96ae_f16,sfe96ae,65,16,R25-079_12_HE,unknown,2025-03-07_Jaya HE,unknown,train,uniform,40448,29696,512,,images/sfe96ae_040448_029696.jpg,context/sfe96ae_040448_029696.jpg
sfe96ae_f17,sfe96ae,65,17,R25-079_12_HE,unknown,2025-03-07_Jaya HE,unknown,train,repeat,40448,29696,512,,images/sfe96ae_040448_029696.jpg,context/sfe96ae_040448_029696.jpg
sfe96ae_f18,sfe96ae,65,18,R25-079_12_HE,unknown,2025-03-07_Jaya HE,unknown,train,repeat,50176,7168,512,,images/sfe96ae_050176_007168.jpg,context/sfe96ae_050176_007168.jpg
s427366_f01,s427366,66,1,R25-151_30_HE,unknown,2025-04-29HE,unknown,train,uniform,12800,14848,512,,images/s427366_012800_014848.jpg,context/s427366_012800_014848.jpg
s427366_f02,s427366,66,2,R25-151_30_HE,unknown,2025-04-29HE,unknown,train,uniform,6144,18944,512,,images/s427366_006144_018944.jpg,context/s427366_006144_018944.jpg
s427366_f03,s427366,66,3,R25-151_30_HE,unknown,2025-04-29HE,unknown,train,uniform,9216,13824,512,,images/s427366_009216_013824.jpg,context/s427366_009216_013824.jpg
s427366_f04,s427366,66,4,R25-151_30_HE,unknown,2025-04-29HE,unknown,train,uniform,12288,9728,512,,images/s427366_012288_009728.jpg,context/s427366_012288_009728.jpg
s427366_f05,s427366,66,5,R25-151_30_HE,unknown,2025-04-29HE,unknown,train,uniform,15872,6656,512,,images/s427366_015872_006656.jpg,context/s427366_015872_006656.jpg
s427366_f06,s427366,66,6,R25-151_30_HE,unknown,2025-04-29HE,unknown,train,uniform,16896,9216,512,,images/s427366_016896_009216.jpg,context/s427366_016896_009216.jpg
s427366_f07,s427366,66,7,R25-151_30_HE,unknown,2025-04-29HE,unknown,train,uniform,7168,21504,512,,images/s427366_007168_021504.jpg,context/s427366_007168_021504.jpg
s427366_f08,s427366,66,8,R25-151_30_HE,unknown,2025-04-29HE,unknown,train,uniform,23040,10240,512,,images/s427366_023040_010240.jpg,context/s427366_023040_010240.jpg
s427366_f09,s427366,66,9,R25-151_30_HE,unknown,2025-04-29HE,unknown,train,uniform,19968,7168,512,,images/s427366_019968_007168.jpg,context/s427366_019968_007168.jpg
s427366_f10,s427366,66,10,R25-151_30_HE,unknown,2025-04-29HE,unknown,train,uniform,16896,13312,512,,images/s427366_016896_013312.jpg,context/s427366_016896_013312.jpg
s427366_f11,s427366,66,11,R25-151_30_HE,unknown,2025-04-29HE,unknown,train,uniform,16384,14848,512,,images/s427366_016384_014848.jpg,context/s427366_016384_014848.jpg
s427366_f12,s427366,66,12,R25-151_30_HE,unknown,2025-04-29HE,unknown,train,uniform,12800,11776,512,,images/s427366_012800_011776.jpg,context/s427366_012800_011776.jpg
s427366_f13,s427366,66,13,R25-151_30_HE,unknown,2025-04-29HE,unknown,train,uniform,12800,17920,512,,images/s427366_012800_017920.jpg,context/s427366_012800_017920.jpg
s427366_f14,s427366,66,14,R25-151_30_HE,unknown,2025-04-29HE,unknown,train,uniform,22528,6656,512,,images/s427366_022528_006656.jpg,context/s427366_022528_006656.jpg
s427366_f15,s427366,66,15,R25-151_30_HE,unknown,2025-04-29HE,unknown,train,uniform,7680,12800,512,,images/s427366_007680_012800.jpg,context/s427366_007680_012800.jpg
s427366_f16,s427366,66,16,R25-151_30_HE,unknown,2025-04-29HE,unknown,train,uniform,22528,5120,512,,images/s427366_022528_005120.jpg,context/s427366_022528_005120.jpg
s427366_f17,s427366,66,17,R25-151_30_HE,unknown,2025-04-29HE,unknown,train,repeat,12800,14848,512,,images/s427366_012800_014848.jpg,context/s427366_012800_014848.jpg
s427366_f18,s427366,66,18,R25-151_30_HE,unknown,2025-04-29HE,unknown,train,repeat,19968,7168,512,,images/s427366_019968_007168.jpg,context/s427366_019968_007168.jpg
s497d17_f01,s497d17,67,1,R25-223-9_HE,unknown,2025-07-09_Evelyn_HE,unknown,test,uniform,33280,18944,512,,images/s497d17_033280_018944.jpg,context/s497d17_033280_018944.jpg
s497d17_f02,s497d17,67,2,R25-223-9_HE,unknown,2025-07-09_Evelyn_HE,unknown,test,uniform,18944,27136,512,,images/s497d17_018944_027136.jpg,context/s497d17_018944_027136.jpg
s497d17_f03,s497d17,67,3,R25-223-9_HE,unknown,2025-07-09_Evelyn_HE,unknown,test,uniform,29696,3072,512,,images/s497d17_029696_003072.jpg,context/s497d17_029696_003072.jpg
s497d17_f04,s497d17,67,4,R25-223-9_HE,unknown,2025-07-09_Evelyn_HE,unknown,test,uniform,37888,8192,512,,images/s497d17_037888_008192.jpg,context/s497d17_037888_008192.jpg
s497d17_f05,s497d17,67,5,R25-223-9_HE,unknown,2025-07-09_Evelyn_HE,unknown,test,uniform,28672,18432,512,,images/s497d17_028672_018432.jpg,context/s497d17_028672_018432.jpg
s497d17_f06,s497d17,67,6,R25-223-9_HE,unknown,2025-07-09_Evelyn_HE,unknown,test,uniform,3072,3584,512,,images/s497d17_003072_003584.jpg,context/s497d17_003072_003584.jpg
s497d17_f07,s497d17,67,7,R25-223-9_HE,unknown,2025-07-09_Evelyn_HE,unknown,test,uniform,29696,23040,512,,images/s497d17_029696_023040.jpg,context/s497d17_029696_023040.jpg
s497d17_f08,s497d17,67,8,R25-223-9_HE,unknown,2025-07-09_Evelyn_HE,unknown,test,uniform,24576,13312,512,,images/s497d17_024576_013312.jpg,context/s497d17_024576_013312.jpg
s497d17_f09,s497d17,67,9,R25-223-9_HE,unknown,2025-07-09_Evelyn_HE,unknown,test,uniform,12800,7680,512,,images/s497d17_012800_007680.jpg,context/s497d17_012800_007680.jpg
s497d17_f10,s497d17,67,10,R25-223-9_HE,unknown,2025-07-09_Evelyn_HE,unknown,test,uniform,31744,28160,512,,images/s497d17_031744_028160.jpg,context/s497d17_031744_028160.jpg
s497d17_f11,s497d17,67,11,R25-223-9_HE,unknown,2025-07-09_Evelyn_HE,unknown,test,uniform,27136,8704,512,,images/s497d17_027136_008704.jpg,context/s497d17_027136_008704.jpg
s497d17_f12,s497d17,67,12,R25-223-9_HE,unknown,2025-07-09_Evelyn_HE,unknown,test,uniform,16384,23552,512,,images/s497d17_016384_023552.jpg,context/s497d17_016384_023552.jpg
s497d17_f13,s497d17,67,13,R25-223-9_HE,unknown,2025-07-09_Evelyn_HE,unknown,test,uniform,37376,5632,512,,images/s497d17_037376_005632.jpg,context/s497d17_037376_005632.jpg
s497d17_f14,s497d17,67,14,R25-223-9_HE,unknown,2025-07-09_Evelyn_HE,unknown,test,uniform,24576,16384,512,,images/s497d17_024576_016384.jpg,context/s497d17_024576_016384.jpg
s497d17_f15,s497d17,67,15,R25-223-9_HE,unknown,2025-07-09_Evelyn_HE,unknown,test,uniform,21504,26624,512,,images/s497d17_021504_026624.jpg,context/s497d17_021504_026624.jpg
s497d17_f16,s497d17,67,16,R25-223-9_HE,unknown,2025-07-09_Evelyn_HE,unknown,test,uniform,45056,22528,512,,images/s497d17_045056_022528.jpg,context/s497d17_045056_022528.jpg
s497d17_f17,s497d17,67,17,R25-223-9_HE,unknown,2025-07-09_Evelyn_HE,unknown,test,repeat,45056,22528,512,,images/s497d17_045056_022528.jpg,context/s497d17_045056_022528.jpg
s497d17_f18,s497d17,67,18,R25-223-9_HE,unknown,2025-07-09_Evelyn_HE,unknown,test,repeat,3072,3584,512,,images/s497d17_003072_003584.jpg,context/s497d17_003072_003584.jpg
s23b6e7_f01,s23b6e7,68,1,R22--063-16_HE,unknown,2025-09-24HE,unknown,train,uniform,22528,13312,512,4.442263874548757,images/s23b6e7_022528_013312.jpg,context/s23b6e7_022528_013312.jpg
s23b6e7_f02,s23b6e7,68,2,R22--063-16_HE,unknown,2025-09-24HE,unknown,train,uniform,13312,15360,512,10.921778936720507,images/s23b6e7_013312_015360.jpg,context/s23b6e7_013312_015360.jpg
s23b6e7_f03,s23b6e7,68,3,R22--063-16_HE,unknown,2025-09-24HE,unknown,train,uniform,30720,15360,512,1.2391883134468895,images/s23b6e7_030720_015360.jpg,context/s23b6e7_030720_015360.jpg
s23b6e7_f04,s23b6e7,68,4,R22--063-16_HE,unknown,2025-09-24HE,unknown,train,uniform,12800,13824,512,1.0432488437763978,images/s23b6e7_012800_013824.jpg,context/s23b6e7_012800_013824.jpg
s23b6e7_f05,s23b6e7,68,5,R22--063-16_HE,unknown,2025-09-24HE,unknown,train,uniform,30208,12800,512,3.3479079504047764,images/s23b6e7_030208_012800.jpg,context/s23b6e7_030208_012800.jpg
s23b6e7_f06,s23b6e7,68,6,R22--063-16_HE,unknown,2025-09-24HE,unknown,train,uniform,7680,14848,512,3.491496037146653,images/s23b6e7_007680_014848.jpg,context/s23b6e7_007680_014848.jpg
s23b6e7_f07,s23b6e7,68,7,R22--063-16_HE,unknown,2025-09-24HE,unknown,train,uniform,16384,14336,512,3.8918608490770703,images/s23b6e7_016384_014336.jpg,context/s23b6e7_016384_014336.jpg
s23b6e7_f08,s23b6e7,68,8,R22--063-16_HE,unknown,2025-09-24HE,unknown,train,uniform,10752,14336,512,-0.016802366725364,images/s23b6e7_010752_014336.jpg,context/s23b6e7_010752_014336.jpg
s23b6e7_f09,s23b6e7,68,9,R22--063-16_HE,unknown,2025-09-24HE,unknown,train,uniform,27136,14848,512,,images/s23b6e7_027136_014848.jpg,context/s23b6e7_027136_014848.jpg
s23b6e7_f10,s23b6e7,68,10,R22--063-16_HE,unknown,2025-09-24HE,unknown,train,uniform,19968,14336,512,3.9790057558987098,images/s23b6e7_019968_014336.jpg,context/s23b6e7_019968_014336.jpg
s23b6e7_f11,s23b6e7,68,11,R22--063-16_HE,unknown,2025-09-24HE,unknown,train,uniform,16384,13824,512,3.2049351043257515,images/s23b6e7_016384_013824.jpg,context/s23b6e7_016384_013824.jpg
s23b6e7_f12,s23b6e7,68,12,R22--063-16_HE,unknown,2025-09-24HE,unknown,train,uniform,26112,13824,512,3.9431600977860617,images/s23b6e7_026112_013824.jpg,context/s23b6e7_026112_013824.jpg
s23b6e7_f13,s23b6e7,68,13,R22--063-16_HE,unknown,2025-09-24HE,unknown,train,uniform,11776,13824,512,3.643640634668427,images/s23b6e7_011776_013824.jpg,context/s23b6e7_011776_013824.jpg
s23b6e7_f14,s23b6e7,68,14,R22--063-16_HE,unknown,2025-09-24HE,unknown,train,uniform,22016,14336,512,1.381570175333827,images/s23b6e7_022016_014336.jpg,context/s23b6e7_022016_014336.jpg
s23b6e7_f15,s23b6e7,68,15,R22--063-16_HE,unknown,2025-09-24HE,unknown,train,uniform,4096,13312,512,2.8788259518438313,images/s23b6e7_004096_013312.jpg,context/s23b6e7_004096_013312.jpg
s23b6e7_f16,s23b6e7,68,16,R22--063-16_HE,unknown,2025-09-24HE,unknown,train,uniform,3584,13824,512,,images/s23b6e7_003584_013824.jpg,context/s23b6e7_003584_013824.jpg
s23b6e7_f17,s23b6e7,68,17,R22--063-16_HE,unknown,2025-09-24HE,unknown,train,repeat,22528,13312,512,4.442263874548757,images/s23b6e7_022528_013312.jpg,context/s23b6e7_022528_013312.jpg
s23b6e7_f18,s23b6e7,68,18,R22--063-16_HE,unknown,2025-09-24HE,unknown,train,repeat,19968,14336,512,3.9790057558987098,images/s23b6e7_019968_014336.jpg,context/s23b6e7_019968_014336.jpg
s8261f1_f01,s8261f1,69,1,R25-345-24,unknown,2025-11-14HE,unknown,train,uniform,14336,20480,512,6.180496998828284,images/s8261f1_014336_020480.jpg,context/s8261f1_014336_020480.jpg
s8261f1_f02,s8261f1,69,2,R25-345-24,unknown,2025-11-14HE,unknown,train,uniform,11776,19456,512,3.1874028168048563,images/s8261f1_011776_019456.jpg,context/s8261f1_011776_019456.jpg
s8261f1_f03,s8261f1,69,3,R25-345-24,unknown,2025-11-14HE,unknown,train,uniform,22528,20992,512,1.899685087994008,images/s8261f1_022528_020992.jpg,context/s8261f1_022528_020992.jpg
s8261f1_f04,s8261f1,69,4,R25-345-24,unknown,2025-11-14HE,unknown,train,uniform,19968,18944,512,3.269335697278998,images/s8261f1_019968_018944.jpg,context/s8261f1_019968_018944.jpg
s8261f1_f05,s8261f1,69,5,R25-345-24,unknown,2025-11-14HE,unknown,train,uniform,15360,19968,512,4.0605357474524135,images/s8261f1_015360_019968.jpg,context/s8261f1_015360_019968.jpg
s8261f1_f06,s8261f1,69,6,R25-345-24,unknown,2025-11-14HE,unknown,train,uniform,10240,20992,512,2.6871644990397,images/s8261f1_010240_020992.jpg,context/s8261f1_010240_020992.jpg
s8261f1_f07,s8261f1,69,7,R25-345-24,unknown,2025-11-14HE,unknown,train,uniform,29696,19968,512,4.184640428301177,images/s8261f1_029696_019968.jpg,context/s8261f1_029696_019968.jpg
s8261f1_f08,s8261f1,69,8,R25-345-24,unknown,2025-11-14HE,unknown,train,uniform,13312,19968,512,5.166629421979619,images/s8261f1_013312_019968.jpg,context/s8261f1_013312_019968.jpg
s8261f1_f09,s8261f1,69,9,R25-345-24,unknown,2025-11-14HE,unknown,train,uniform,27136,21504,512,0.6866839499463564,images/s8261f1_027136_021504.jpg,context/s8261f1_027136_021504.jpg
s8261f1_f10,s8261f1,69,10,R25-345-24,unknown,2025-11-14HE,unknown,train,uniform,5632,20480,512,2.3388782262541388,images/s8261f1_005632_020480.jpg,context/s8261f1_005632_020480.jpg
s8261f1_f11,s8261f1,69,11,R25-345-24,unknown,2025-11-14HE,unknown,train,uniform,20992,19968,512,2.559829718990023,images/s8261f1_020992_019968.jpg,context/s8261f1_020992_019968.jpg
s8261f1_f12,s8261f1,69,12,R25-345-24,unknown,2025-11-14HE,unknown,train,uniform,9216,19456,512,2.852159364230249,images/s8261f1_009216_019456.jpg,context/s8261f1_009216_019456.jpg
s8261f1_f13,s8261f1,69,13,R25-345-24,unknown,2025-11-14HE,unknown,train,uniform,21504,20480,512,4.481594174616978,images/s8261f1_021504_020480.jpg,context/s8261f1_021504_020480.jpg
s8261f1_f14,s8261f1,69,14,R25-345-24,unknown,2025-11-14HE,unknown,train,uniform,7680,20992,512,2.8807502123235307,images/s8261f1_007680_020992.jpg,context/s8261f1_007680_020992.jpg
s8261f1_f15,s8261f1,69,15,R25-345-24,unknown,2025-11-14HE,unknown,train,uniform,27648,19968,512,2.894654868603649,images/s8261f1_027648_019968.jpg,context/s8261f1_027648_019968.jpg
s8261f1_f16,s8261f1,69,16,R25-345-24,unknown,2025-11-14HE,unknown,train,uniform,17920,21504,512,2.167622852357772,images/s8261f1_017920_021504.jpg,context/s8261f1_017920_021504.jpg
s8261f1_f17,s8261f1,69,17,R25-345-24,unknown,2025-11-14HE,unknown,train,repeat,22528,20992,512,1.899685087994008,images/s8261f1_022528_020992.jpg,context/s8261f1_022528_020992.jpg
s8261f1_f18,s8261f1,69,18,R25-345-24,unknown,2025-11-14HE,unknown,train,repeat,11776,19456,512,3.1874028168048563,images/s8261f1_011776_019456.jpg,context/s8261f1_011776_019456.jpg
s7fb7df_f01,s7fb7df,70,1,R26-041-17,unknown,P273-2026-02-13_Christina HE,unknown,train,uniform,24576,20480,512,,images/s7fb7df_024576_020480.jpg,context/s7fb7df_024576_020480.jpg
s7fb7df_f02,s7fb7df,70,2,R26-041-17,unknown,P273-2026-02-13_Christina HE,unknown,train,uniform,16896,13824,512,,images/s7fb7df_016896_013824.jpg,context/s7fb7df_016896_013824.jpg
s7fb7df_f03,s7fb7df,70,3,R26-041-17,unknown,P273-2026-02-13_Christina HE,unknown,train,uniform,35328,11776,512,,images/s7fb7df_035328_011776.jpg,context/s7fb7df_035328_011776.jpg
s7fb7df_f04,s7fb7df,70,4,R26-041-17,unknown,P273-2026-02-13_Christina HE,unknown,train,uniform,17408,6144,512,,images/s7fb7df_017408_006144.jpg,context/s7fb7df_017408_006144.jpg
s7fb7df_f05,s7fb7df,70,5,R26-041-17,unknown,P273-2026-02-13_Christina HE,unknown,train,uniform,9216,12288,512,,images/s7fb7df_009216_012288.jpg,context/s7fb7df_009216_012288.jpg
s7fb7df_f06,s7fb7df,70,6,R26-041-17,unknown,P273-2026-02-13_Christina HE,unknown,train,uniform,35840,18944,512,,images/s7fb7df_035840_018944.jpg,context/s7fb7df_035840_018944.jpg
s7fb7df_f07,s7fb7df,70,7,R26-041-17,unknown,P273-2026-02-13_Christina HE,unknown,train,uniform,18432,5120,512,,images/s7fb7df_018432_005120.jpg,context/s7fb7df_018432_005120.jpg
s7fb7df_f08,s7fb7df,70,8,R26-041-17,unknown,P273-2026-02-13_Christina HE,unknown,train,uniform,31744,22528,512,,images/s7fb7df_031744_022528.jpg,context/s7fb7df_031744_022528.jpg
s7fb7df_f09,s7fb7df,70,9,R26-041-17,unknown,P273-2026-02-13_Christina HE,unknown,train,uniform,11776,18432,512,,images/s7fb7df_011776_018432.jpg,context/s7fb7df_011776_018432.jpg
s7fb7df_f10,s7fb7df,70,10,R26-041-17,unknown,P273-2026-02-13_Christina HE,unknown,train,uniform,6656,7680,512,,images/s7fb7df_006656_007680.jpg,context/s7fb7df_006656_007680.jpg
s7fb7df_f11,s7fb7df,70,11,R26-041-17,unknown,P273-2026-02-13_Christina HE,unknown,train,uniform,31232,8704,512,,images/s7fb7df_031232_008704.jpg,context/s7fb7df_031232_008704.jpg
s7fb7df_f12,s7fb7df,70,12,R26-041-17,unknown,P273-2026-02-13_Christina HE,unknown,train,uniform,28160,11776,512,,images/s7fb7df_028160_011776.jpg,context/s7fb7df_028160_011776.jpg
s7fb7df_f13,s7fb7df,70,13,R26-041-17,unknown,P273-2026-02-13_Christina HE,unknown,train,uniform,13824,2048,512,,images/s7fb7df_013824_002048.jpg,context/s7fb7df_013824_002048.jpg
s7fb7df_f14,s7fb7df,70,14,R26-041-17,unknown,P273-2026-02-13_Christina HE,unknown,train,uniform,23552,22016,512,,images/s7fb7df_023552_022016.jpg,context/s7fb7df_023552_022016.jpg
s7fb7df_f15,s7fb7df,70,15,R26-041-17,unknown,P273-2026-02-13_Christina HE,unknown,train,uniform,39424,20480,512,,images/s7fb7df_039424_020480.jpg,context/s7fb7df_039424_020480.jpg
s7fb7df_f16,s7fb7df,70,16,R26-041-17,unknown,P273-2026-02-13_Christina HE,unknown,train,uniform,12800,5632,512,,images/s7fb7df_012800_005632.jpg,context/s7fb7df_012800_005632.jpg
s7fb7df_f17,s7fb7df,70,17,R26-041-17,unknown,P273-2026-02-13_Christina HE,unknown,train,repeat,13824,2048,512,,images/s7fb7df_013824_002048.jpg,context/s7fb7df_013824_002048.jpg
s7fb7df_f18,s7fb7df,70,18,R26-041-17,unknown,P273-2026-02-13_Christina HE,unknown,train,repeat,24576,20480,512,,images/s7fb7df_024576_020480.jpg,context/s7fb7df_024576_020480.jpg
s034335_f01,s034335,71,1,R25-264-3,MASH,2025-08-25HE,unknown,train,uniform,34816,20992,512,0.9562271681389286,images/s034335_034816_020992.jpg,context/s034335_034816_020992.jpg
s034335_f02,s034335,71,2,R25-264-3,MASH,2025-08-25HE,unknown,train,uniform,46080,14336,512,-0.1807517956026936,images/s034335_046080_014336.jpg,context/s034335_046080_014336.jpg
s034335_f03,s034335,71,3,R25-264-3,MASH,2025-08-25HE,unknown,train,uniform,45568,6656,512,4.965088428770848,images/s034335_045568_006656.jpg,context/s034335_045568_006656.jpg
s034335_f04,s034335,71,4,R25-264-3,MASH,2025-08-25HE,unknown,train,uniform,39424,7168,512,,images/s034335_039424_007168.jpg,context/s034335_039424_007168.jpg
s034335_f05,s034335,71,5,R25-264-3,MASH,2025-08-25HE,unknown,train,uniform,31744,14336,512,2.6402871195437028,images/s034335_031744_014336.jpg,context/s034335_031744_014336.jpg
s034335_f06,s034335,71,6,R25-264-3,MASH,2025-08-25HE,unknown,train,uniform,11776,28160,512,,images/s034335_011776_028160.jpg,context/s034335_011776_028160.jpg
s034335_f07,s034335,71,7,R25-264-3,MASH,2025-08-25HE,unknown,train,uniform,45568,27648,512,,images/s034335_045568_027648.jpg,context/s034335_045568_027648.jpg
s034335_f08,s034335,71,8,R25-264-3,MASH,2025-08-25HE,unknown,train,uniform,40960,27648,512,0.646432943474758,images/s034335_040960_027648.jpg,context/s034335_040960_027648.jpg
s034335_f09,s034335,71,9,R25-264-3,MASH,2025-08-25HE,unknown,train,uniform,30208,7168,512,-0.5649966424643381,images/s034335_030208_007168.jpg,context/s034335_030208_007168.jpg
s034335_f10,s034335,71,10,R25-264-3,MASH,2025-08-25HE,unknown,train,uniform,17408,7168,512,,images/s034335_017408_007168.jpg,context/s034335_017408_007168.jpg
s034335_f11,s034335,71,11,R25-264-3,MASH,2025-08-25HE,unknown,train,uniform,33280,27648,512,1.6067200666522858,images/s034335_033280_027648.jpg,context/s034335_033280_027648.jpg
s034335_f12,s034335,71,12,R25-264-3,MASH,2025-08-25HE,unknown,train,uniform,5632,21504,512,0.7527512343059282,images/s034335_005632_021504.jpg,context/s034335_005632_021504.jpg
s034335_f13,s034335,71,13,R25-264-3,MASH,2025-08-25HE,unknown,train,uniform,33792,7168,512,,images/s034335_033792_007168.jpg,context/s034335_033792_007168.jpg
s034335_f14,s034335,71,14,R25-264-3,MASH,2025-08-25HE,unknown,train,uniform,30208,14336,512,0.0054421283783895,images/s034335_030208_014336.jpg,context/s034335_030208_014336.jpg
s034335_f15,s034335,71,15,R25-264-3,MASH,2025-08-25HE,unknown,train,uniform,45568,20992,512,,images/s034335_045568_020992.jpg,context/s034335_045568_020992.jpg
s034335_f16,s034335,71,16,R25-264-3,MASH,2025-08-25HE,unknown,train,uniform,25600,20992,512,-0.5803842879171438,images/s034335_025600_020992.jpg,context/s034335_025600_020992.jpg
s034335_f17,s034335,71,17,R25-264-3,MASH,2025-08-25HE,unknown,train,repeat,11776,28160,512,,images/s034335_011776_028160.jpg,context/s034335_011776_028160.jpg
s034335_f18,s034335,71,18,R25-264-3,MASH,2025-08-25HE,unknown,train,repeat,17408,7168,512,,images/s034335_017408_007168.jpg,context/s034335_017408_007168.jpg
sdf4153_f01,sdf4153,72,1,R26-122-27_HE_110,CCl4,2026-04-20_CCl4_HE,unknown,train,uniform,14848,16896,512,,images/sdf4153_014848_016896.jpg,context/sdf4153_014848_016896.jpg
sdf4153_f02,sdf4153,72,2,R26-122-27_HE_110,CCl4,2026-04-20_CCl4_HE,unknown,train,uniform,14848,7168,512,,images/sdf4153_014848_007168.jpg,context/sdf4153_014848_007168.jpg
sdf4153_f03,sdf4153,72,3,R26-122-27_HE_110,CCl4,2026-04-20_CCl4_HE,unknown,train,uniform,15872,10240,512,,images/sdf4153_015872_010240.jpg,context/sdf4153_015872_010240.jpg
sdf4153_f04,sdf4153,72,4,R26-122-27_HE_110,CCl4,2026-04-20_CCl4_HE,unknown,train,uniform,20480,8704,512,,images/sdf4153_020480_008704.jpg,context/sdf4153_020480_008704.jpg
sdf4153_f05,sdf4153,72,5,R26-122-27_HE_110,CCl4,2026-04-20_CCl4_HE,unknown,train,uniform,12800,19456,512,,images/sdf4153_012800_019456.jpg,context/sdf4153_012800_019456.jpg
sdf4153_f06,sdf4153,72,6,R26-122-27_HE_110,CCl4,2026-04-20_CCl4_HE,unknown,train,uniform,9728,18432,512,,images/sdf4153_009728_018432.jpg,context/sdf4153_009728_018432.jpg
sdf4153_f07,sdf4153,72,7,R26-122-27_HE_110,CCl4,2026-04-20_CCl4_HE,unknown,train,uniform,15360,2560,512,,images/sdf4153_015360_002560.jpg,context/sdf4153_015360_002560.jpg
sdf4153_f08,sdf4153,72,8,R26-122-27_HE_110,CCl4,2026-04-20_CCl4_HE,unknown,train,uniform,20992,18432,512,,images/sdf4153_020992_018432.jpg,context/sdf4153_020992_018432.jpg
sdf4153_f09,sdf4153,72,9,R26-122-27_HE_110,CCl4,2026-04-20_CCl4_HE,unknown,train,uniform,19968,20480,512,,images/sdf4153_019968_020480.jpg,context/sdf4153_019968_020480.jpg
sdf4153_f10,sdf4153,72,10,R26-122-27_HE_110,CCl4,2026-04-20_CCl4_HE,unknown,train,uniform,12800,20992,512,,images/sdf4153_012800_020992.jpg,context/sdf4153_012800_020992.jpg
sdf4153_f11,sdf4153,72,11,R26-122-27_HE_110,CCl4,2026-04-20_CCl4_HE,unknown,train,uniform,21504,21504,512,,images/sdf4153_021504_021504.jpg,context/sdf4153_021504_021504.jpg
sdf4153_f12,sdf4153,72,12,R26-122-27_HE_110,CCl4,2026-04-20_CCl4_HE,unknown,train,uniform,16384,15872,512,,images/sdf4153_016384_015872.jpg,context/sdf4153_016384_015872.jpg
sdf4153_f13,sdf4153,72,13,R26-122-27_HE_110,CCl4,2026-04-20_CCl4_HE,unknown,train,uniform,21504,3584,512,,images/sdf4153_021504_003584.jpg,context/sdf4153_021504_003584.jpg
sdf4153_f14,sdf4153,72,14,R26-122-27_HE_110,CCl4,2026-04-20_CCl4_HE,unknown,train,uniform,22528,4608,512,,images/sdf4153_022528_004608.jpg,context/sdf4153_022528_004608.jpg
sdf4153_f15,sdf4153,72,15,R26-122-27_HE_110,CCl4,2026-04-20_CCl4_HE,unknown,train,uniform,12288,3584,512,,images/sdf4153_012288_003584.jpg,context/sdf4153_012288_003584.jpg
sdf4153_f16,sdf4153,72,16,R26-122-27_HE_110,CCl4,2026-04-20_CCl4_HE,unknown,train,uniform,17920,18944,512,,images/sdf4153_017920_018944.jpg,context/sdf4153_017920_018944.jpg
sdf4153_f17,sdf4153,72,17,R26-122-27_HE_110,CCl4,2026-04-20_CCl4_HE,unknown,train,repeat,21504,21504,512,,images/sdf4153_021504_021504.jpg,context/sdf4153_021504_021504.jpg
sdf4153_f18,sdf4153,72,18,R26-122-27_HE_110,CCl4,2026-04-20_CCl4_HE,unknown,train,repeat,20480,8704,512,,images/sdf4153_020480_008704.jpg,context/sdf4153_020480_008704.jpg
s59027a_f01,s59027a,73,1,R25-079_3_HE,unknown,2025-03-07_Jaya HE,unknown,test,uniform,14848,22016,512,,images/s59027a_014848_022016.jpg,context/s59027a_014848_022016.jpg
s59027a_f02,s59027a,73,2,R25-079_3_HE,unknown,2025-03-07_Jaya HE,unknown,test,uniform,49152,25600,512,,images/s59027a_049152_025600.jpg,context/s59027a_049152_025600.jpg
s59027a_f03,s59027a,73,3,R25-079_3_HE,unknown,2025-03-07_Jaya HE,unknown,test,uniform,24576,45568,512,,images/s59027a_024576_045568.jpg,context/s59027a_024576_045568.jpg
s59027a_f04,s59027a,73,4,R25-079_3_HE,unknown,2025-03-07_Jaya HE,unknown,test,uniform,34816,46080,512,,images/s59027a_034816_046080.jpg,context/s59027a_034816_046080.jpg
s59027a_f05,s59027a,73,5,R25-079_3_HE,unknown,2025-03-07_Jaya HE,unknown,test,uniform,19456,32768,512,,images/s59027a_019456_032768.jpg,context/s59027a_019456_032768.jpg
s59027a_f06,s59027a,73,6,R25-079_3_HE,unknown,2025-03-07_Jaya HE,unknown,test,uniform,31232,47104,512,,images/s59027a_031232_047104.jpg,context/s59027a_031232_047104.jpg
s59027a_f07,s59027a,73,7,R25-079_3_HE,unknown,2025-03-07_Jaya HE,unknown,test,uniform,17920,35328,512,,images/s59027a_017920_035328.jpg,context/s59027a_017920_035328.jpg
s59027a_f08,s59027a,73,8,R25-079_3_HE,unknown,2025-03-07_Jaya HE,unknown,test,uniform,40448,15872,512,,images/s59027a_040448_015872.jpg,context/s59027a_040448_015872.jpg
s59027a_f09,s59027a,73,9,R25-079_3_HE,unknown,2025-03-07_Jaya HE,unknown,test,uniform,21504,43008,512,,images/s59027a_021504_043008.jpg,context/s59027a_021504_043008.jpg
s59027a_f10,s59027a,73,10,R25-079_3_HE,unknown,2025-03-07_Jaya HE,unknown,test,uniform,41984,7168,512,,images/s59027a_041984_007168.jpg,context/s59027a_041984_007168.jpg
s59027a_f11,s59027a,73,11,R25-079_3_HE,unknown,2025-03-07_Jaya HE,unknown,test,uniform,23040,36352,512,,images/s59027a_023040_036352.jpg,context/s59027a_023040_036352.jpg
s59027a_f12,s59027a,73,12,R25-079_3_HE,unknown,2025-03-07_Jaya HE,unknown,test,uniform,29184,40960,512,,images/s59027a_029184_040960.jpg,context/s59027a_029184_040960.jpg
s59027a_f13,s59027a,73,13,R25-079_3_HE,unknown,2025-03-07_Jaya HE,unknown,test,uniform,36864,36352,512,,images/s59027a_036864_036352.jpg,context/s59027a_036864_036352.jpg
s59027a_f14,s59027a,73,14,R25-079_3_HE,unknown,2025-03-07_Jaya HE,unknown,test,uniform,14848,5120,512,,images/s59027a_014848_005120.jpg,context/s59027a_014848_005120.jpg
s59027a_f15,s59027a,73,15,R25-079_3_HE,unknown,2025-03-07_Jaya HE,unknown,test,uniform,39936,5632,512,,images/s59027a_039936_005632.jpg,context/s59027a_039936_005632.jpg
s59027a_f16,s59027a,73,16,R25-079_3_HE,unknown,2025-03-07_Jaya HE,unknown,test,uniform,52736,19968,512,,images/s59027a_052736_019968.jpg,context/s59027a_052736_019968.jpg
s59027a_f17,s59027a,73,17,R25-079_3_HE,unknown,2025-03-07_Jaya HE,unknown,test,repeat,49152,25600,512,,images/s59027a_049152_025600.jpg,context/s59027a_049152_025600.jpg
s59027a_f18,s59027a,73,18,R25-079_3_HE,unknown,2025-03-07_Jaya HE,unknown,test,repeat,21504,43008,512,,images/s59027a_021504_043008.jpg,context/s59027a_021504_043008.jpg
s938e62_f01,s938e62,74,1,R25-151_4_HE,unknown,2025-04-29HE,unknown,train,uniform,13824,11264,512,,images/s938e62_013824_011264.jpg,context/s938e62_013824_011264.jpg
s938e62_f02,s938e62,74,2,R25-151_4_HE,unknown,2025-04-29HE,unknown,train,uniform,25088,21504,512,,images/s938e62_025088_021504.jpg,context/s938e62_025088_021504.jpg
s938e62_f03,s938e62,74,3,R25-151_4_HE,unknown,2025-04-29HE,unknown,train,uniform,11776,15360,512,,images/s938e62_011776_015360.jpg,context/s938e62_011776_015360.jpg
s938e62_f04,s938e62,74,4,R25-151_4_HE,unknown,2025-04-29HE,unknown,train,uniform,25088,8704,512,,images/s938e62_025088_008704.jpg,context/s938e62_025088_008704.jpg
s938e62_f05,s938e62,74,5,R25-151_4_HE,unknown,2025-04-29HE,unknown,train,uniform,25600,24064,512,,images/s938e62_025600_024064.jpg,context/s938e62_025600_024064.jpg
s938e62_f06,s938e62,74,6,R25-151_4_HE,unknown,2025-04-29HE,unknown,train,uniform,23040,11776,512,,images/s938e62_023040_011776.jpg,context/s938e62_023040_011776.jpg
s938e62_f07,s938e62,74,7,R25-151_4_HE,unknown,2025-04-29HE,unknown,train,uniform,26624,18944,512,,images/s938e62_026624_018944.jpg,context/s938e62_026624_018944.jpg
s938e62_f08,s938e62,74,8,R25-151_4_HE,unknown,2025-04-29HE,unknown,train,uniform,22528,27136,512,,images/s938e62_022528_027136.jpg,context/s938e62_022528_027136.jpg
s938e62_f09,s938e62,74,9,R25-151_4_HE,unknown,2025-04-29HE,unknown,train,uniform,30208,16896,512,,images/s938e62_030208_016896.jpg,context/s938e62_030208_016896.jpg
s938e62_f10,s938e62,74,10,R25-151_4_HE,unknown,2025-04-29HE,unknown,train,uniform,5632,18432,512,,images/s938e62_005632_018432.jpg,context/s938e62_005632_018432.jpg
s938e62_f11,s938e62,74,11,R25-151_4_HE,unknown,2025-04-29HE,unknown,train,uniform,13824,7168,512,,images/s938e62_013824_007168.jpg,context/s938e62_013824_007168.jpg
s938e62_f12,s938e62,74,12,R25-151_4_HE,unknown,2025-04-29HE,unknown,train,uniform,26112,19456,512,,images/s938e62_026112_019456.jpg,context/s938e62_026112_019456.jpg
s938e62_f13,s938e62,74,13,R25-151_4_HE,unknown,2025-04-29HE,unknown,train,uniform,29184,19456,512,,images/s938e62_029184_019456.jpg,context/s938e62_029184_019456.jpg
s938e62_f14,s938e62,74,14,R25-151_4_HE,unknown,2025-04-29HE,unknown,train,uniform,31744,15360,512,,images/s938e62_031744_015360.jpg,context/s938e62_031744_015360.jpg
s938e62_f15,s938e62,74,15,R25-151_4_HE,unknown,2025-04-29HE,unknown,train,uniform,15360,5632,512,,images/s938e62_015360_005632.jpg,context/s938e62_015360_005632.jpg
s938e62_f16,s938e62,74,16,R25-151_4_HE,unknown,2025-04-29HE,unknown,train,uniform,26624,13312,512,,images/s938e62_026624_013312.jpg,context/s938e62_026624_013312.jpg
s938e62_f17,s938e62,74,17,R25-151_4_HE,unknown,2025-04-29HE,unknown,train,repeat,30208,16896,512,,images/s938e62_030208_016896.jpg,context/s938e62_030208_016896.jpg
s938e62_f18,s938e62,74,18,R25-151_4_HE,unknown,2025-04-29HE,unknown,train,repeat,11776,15360,512,,images/s938e62_011776_015360.jpg,context/s938e62_011776_015360.jpg
s9e1447_f01,s9e1447,75,1,R25-223-8_HE,unknown,2025-07-09_Evelyn_HE,unknown,train,uniform,8704,8192,512,,images/s9e1447_008704_008192.jpg,context/s9e1447_008704_008192.jpg
s9e1447_f02,s9e1447,75,2,R25-223-8_HE,unknown,2025-07-09_Evelyn_HE,unknown,train,uniform,44032,26624,512,,images/s9e1447_044032_026624.jpg,context/s9e1447_044032_026624.jpg
s9e1447_f03,s9e1447,75,3,R25-223-8_HE,unknown,2025-07-09_Evelyn_HE,unknown,train,uniform,31744,11264,512,,images/s9e1447_031744_011264.jpg,context/s9e1447_031744_011264.jpg
s9e1447_f04,s9e1447,75,4,R25-223-8_HE,unknown,2025-07-09_Evelyn_HE,unknown,train,uniform,48128,11776,512,,images/s9e1447_048128_011776.jpg,context/s9e1447_048128_011776.jpg
s9e1447_f05,s9e1447,75,5,R25-223-8_HE,unknown,2025-07-09_Evelyn_HE,unknown,train,uniform,14336,9728,512,,images/s9e1447_014336_009728.jpg,context/s9e1447_014336_009728.jpg
s9e1447_f06,s9e1447,75,6,R25-223-8_HE,unknown,2025-07-09_Evelyn_HE,unknown,train,uniform,11264,20992,512,,images/s9e1447_011264_020992.jpg,context/s9e1447_011264_020992.jpg
s9e1447_f07,s9e1447,75,7,R25-223-8_HE,unknown,2025-07-09_Evelyn_HE,unknown,train,uniform,15872,20480,512,,images/s9e1447_015872_020480.jpg,context/s9e1447_015872_020480.jpg
s9e1447_f08,s9e1447,75,8,R25-223-8_HE,unknown,2025-07-09_Evelyn_HE,unknown,train,uniform,33280,15360,512,,images/s9e1447_033280_015360.jpg,context/s9e1447_033280_015360.jpg
s9e1447_f09,s9e1447,75,9,R25-223-8_HE,unknown,2025-07-09_Evelyn_HE,unknown,train,uniform,39424,28672,512,,images/s9e1447_039424_028672.jpg,context/s9e1447_039424_028672.jpg
s9e1447_f10,s9e1447,75,10,R25-223-8_HE,unknown,2025-07-09_Evelyn_HE,unknown,train,uniform,13824,24576,512,,images/s9e1447_013824_024576.jpg,context/s9e1447_013824_024576.jpg
s9e1447_f11,s9e1447,75,11,R25-223-8_HE,unknown,2025-07-09_Evelyn_HE,unknown,train,uniform,14848,24576,512,,images/s9e1447_014848_024576.jpg,context/s9e1447_014848_024576.jpg
s9e1447_f12,s9e1447,75,12,R25-223-8_HE,unknown,2025-07-09_Evelyn_HE,unknown,train,uniform,14336,7168,512,,images/s9e1447_014336_007168.jpg,context/s9e1447_014336_007168.jpg
s9e1447_f13,s9e1447,75,13,R25-223-8_HE,unknown,2025-07-09_Evelyn_HE,unknown,train,uniform,49664,19968,512,,images/s9e1447_049664_019968.jpg,context/s9e1447_049664_019968.jpg
s9e1447_f14,s9e1447,75,14,R25-223-8_HE,unknown,2025-07-09_Evelyn_HE,unknown,train,uniform,35328,12288,512,,images/s9e1447_035328_012288.jpg,context/s9e1447_035328_012288.jpg
s9e1447_f15,s9e1447,75,15,R25-223-8_HE,unknown,2025-07-09_Evelyn_HE,unknown,train,uniform,31232,16896,512,,images/s9e1447_031232_016896.jpg,context/s9e1447_031232_016896.jpg
s9e1447_f16,s9e1447,75,16,R25-223-8_HE,unknown,2025-07-09_Evelyn_HE,unknown,train,uniform,41472,5120,512,,images/s9e1447_041472_005120.jpg,context/s9e1447_041472_005120.jpg
s9e1447_f17,s9e1447,75,17,R25-223-8_HE,unknown,2025-07-09_Evelyn_HE,unknown,train,repeat,14336,7168,512,,images/s9e1447_014336_007168.jpg,context/s9e1447_014336_007168.jpg
s9e1447_f18,s9e1447,75,18,R25-223-8_HE,unknown,2025-07-09_Evelyn_HE,unknown,train,repeat,44032,26624,512,,images/s9e1447_044032_026624.jpg,context/s9e1447_044032_026624.jpg
s316fa0_f01,s316fa0,76,1,R22--063-18_HE,unknown,2025-09-24HE,unknown,train,uniform,9728,14336,512,,images/s316fa0_009728_014336.jpg,context/s316fa0_009728_014336.jpg
s316fa0_f02,s316fa0,76,2,R22--063-18_HE,unknown,2025-09-24HE,unknown,train,uniform,13824,9216,512,,images/s316fa0_013824_009216.jpg,context/s316fa0_013824_009216.jpg
s316fa0_f03,s316fa0,76,3,R22--063-18_HE,unknown,2025-09-24HE,unknown,train,uniform,33280,24064,512,,images/s316fa0_033280_024064.jpg,context/s316fa0_033280_024064.jpg
s316fa0_f04,s316fa0,76,4,R22--063-18_HE,unknown,2025-09-24HE,unknown,train,uniform,30720,25600,512,,images/s316fa0_030720_025600.jpg,context/s316fa0_030720_025600.jpg
s316fa0_f05,s316fa0,76,5,R22--063-18_HE,unknown,2025-09-24HE,unknown,train,uniform,26112,29696,512,,images/s316fa0_026112_029696.jpg,context/s316fa0_026112_029696.jpg
s316fa0_f06,s316fa0,76,6,R22--063-18_HE,unknown,2025-09-24HE,unknown,train,uniform,33280,11264,512,,images/s316fa0_033280_011264.jpg,context/s316fa0_033280_011264.jpg
s316fa0_f07,s316fa0,76,7,R22--063-18_HE,unknown,2025-09-24HE,unknown,train,uniform,10240,7680,512,,images/s316fa0_010240_007680.jpg,context/s316fa0_010240_007680.jpg
s316fa0_f08,s316fa0,76,8,R22--063-18_HE,unknown,2025-09-24HE,unknown,train,uniform,28160,15872,512,,images/s316fa0_028160_015872.jpg,context/s316fa0_028160_015872.jpg
s316fa0_f09,s316fa0,76,9,R22--063-18_HE,unknown,2025-09-24HE,unknown,train,uniform,34816,25088,512,,images/s316fa0_034816_025088.jpg,context/s316fa0_034816_025088.jpg
s316fa0_f10,s316fa0,76,10,R22--063-18_HE,unknown,2025-09-24HE,unknown,train,uniform,28160,19456,512,,images/s316fa0_028160_019456.jpg,context/s316fa0_028160_019456.jpg
s316fa0_f11,s316fa0,76,11,R22--063-18_HE,unknown,2025-09-24HE,unknown,train,uniform,29184,31232,512,,images/s316fa0_029184_031232.jpg,context/s316fa0_029184_031232.jpg
s316fa0_f12,s316fa0,76,12,R22--063-18_HE,unknown,2025-09-24HE,unknown,train,uniform,27648,11264,512,,images/s316fa0_027648_011264.jpg,context/s316fa0_027648_011264.jpg
s316fa0_f13,s316fa0,76,13,R22--063-18_HE,unknown,2025-09-24HE,unknown,train,uniform,32768,22016,512,,images/s316fa0_032768_022016.jpg,context/s316fa0_032768_022016.jpg
s316fa0_f14,s316fa0,76,14,R22--063-18_HE,unknown,2025-09-24HE,unknown,train,uniform,31744,13312,512,,images/s316fa0_031744_013312.jpg,context/s316fa0_031744_013312.jpg
s316fa0_f15,s316fa0,76,15,R22--063-18_HE,unknown,2025-09-24HE,unknown,train,uniform,9728,16384,512,,images/s316fa0_009728_016384.jpg,context/s316fa0_009728_016384.jpg
s316fa0_f16,s316fa0,76,16,R22--063-18_HE,unknown,2025-09-24HE,unknown,train,uniform,29184,30208,512,,images/s316fa0_029184_030208.jpg,context/s316fa0_029184_030208.jpg
s316fa0_f17,s316fa0,76,17,R22--063-18_HE,unknown,2025-09-24HE,unknown,train,repeat,31744,13312,512,,images/s316fa0_031744_013312.jpg,context/s316fa0_031744_013312.jpg
s316fa0_f18,s316fa0,76,18,R22--063-18_HE,unknown,2025-09-24HE,unknown,train,repeat,33280,11264,512,,images/s316fa0_033280_011264.jpg,context/s316fa0_033280_011264.jpg
s471844_f01,s471844,77,1,R25-345-8,unknown,2025-11-14HE,unknown,train,uniform,29696,9216,512,,images/s471844_029696_009216.jpg,context/s471844_029696_009216.jpg
s471844_f02,s471844,77,2,R25-345-8,unknown,2025-11-14HE,unknown,train,uniform,21504,7168,512,,images/s471844_021504_007168.jpg,context/s471844_021504_007168.jpg
s471844_f03,s471844,77,3,R25-345-8,unknown,2025-11-14HE,unknown,train,uniform,23552,15360,512,,images/s471844_023552_015360.jpg,context/s471844_023552_015360.jpg
s471844_f04,s471844,77,4,R25-345-8,unknown,2025-11-14HE,unknown,train,uniform,30720,20480,512,,images/s471844_030720_020480.jpg,context/s471844_030720_020480.jpg
s471844_f05,s471844,77,5,R25-345-8,unknown,2025-11-14HE,unknown,train,uniform,11776,33280,512,,images/s471844_011776_033280.jpg,context/s471844_011776_033280.jpg
s471844_f06,s471844,77,6,R25-345-8,unknown,2025-11-14HE,unknown,train,uniform,13312,32768,512,,images/s471844_013312_032768.jpg,context/s471844_013312_032768.jpg
s471844_f07,s471844,77,7,R25-345-8,unknown,2025-11-14HE,unknown,train,uniform,33280,18944,512,,images/s471844_033280_018944.jpg,context/s471844_033280_018944.jpg
s471844_f08,s471844,77,8,R25-345-8,unknown,2025-11-14HE,unknown,train,uniform,27136,29696,512,,images/s471844_027136_029696.jpg,context/s471844_027136_029696.jpg
s471844_f09,s471844,77,9,R25-345-8,unknown,2025-11-14HE,unknown,train,uniform,11264,34816,512,,images/s471844_011264_034816.jpg,context/s471844_011264_034816.jpg
s471844_f10,s471844,77,10,R25-345-8,unknown,2025-11-14HE,unknown,train,uniform,20480,14336,512,,images/s471844_020480_014336.jpg,context/s471844_020480_014336.jpg
s471844_f11,s471844,77,11,R25-345-8,unknown,2025-11-14HE,unknown,train,uniform,21504,29696,512,,images/s471844_021504_029696.jpg,context/s471844_021504_029696.jpg
s471844_f12,s471844,77,12,R25-345-8,unknown,2025-11-14HE,unknown,train,uniform,14848,28160,512,,images/s471844_014848_028160.jpg,context/s471844_014848_028160.jpg
s471844_f13,s471844,77,13,R25-345-8,unknown,2025-11-14HE,unknown,train,uniform,19968,8192,512,,images/s471844_019968_008192.jpg,context/s471844_019968_008192.jpg
s471844_f14,s471844,77,14,R25-345-8,unknown,2025-11-14HE,unknown,train,uniform,9216,27136,512,,images/s471844_009216_027136.jpg,context/s471844_009216_027136.jpg
s471844_f15,s471844,77,15,R25-345-8,unknown,2025-11-14HE,unknown,train,uniform,15872,33280,512,,images/s471844_015872_033280.jpg,context/s471844_015872_033280.jpg
s471844_f16,s471844,77,16,R25-345-8,unknown,2025-11-14HE,unknown,train,uniform,27648,17920,512,,images/s471844_027648_017920.jpg,context/s471844_027648_017920.jpg
s471844_f17,s471844,77,17,R25-345-8,unknown,2025-11-14HE,unknown,train,repeat,33280,18944,512,,images/s471844_033280_018944.jpg,context/s471844_033280_018944.jpg
s471844_f18,s471844,77,18,R25-345-8,unknown,2025-11-14HE,unknown,train,repeat,19968,8192,512,,images/s471844_019968_008192.jpg,context/s471844_019968_008192.jpg
s03364d_f01,s03364d,78,1,R26-041-28,unknown,P273-2026-02-13_Christina HE,unknown,train,uniform,36864,25600,512,,images/s03364d_036864_025600.jpg,context/s03364d_036864_025600.jpg
s03364d_f02,s03364d,78,2,R26-041-28,unknown,P273-2026-02-13_Christina HE,unknown,train,uniform,16384,14336,512,,images/s03364d_016384_014336.jpg,context/s03364d_016384_014336.jpg
s03364d_f03,s03364d,78,3,R26-041-28,unknown,P273-2026-02-13_Christina HE,unknown,train,uniform,12288,27648,512,,images/s03364d_012288_027648.jpg,context/s03364d_012288_027648.jpg
s03364d_f04,s03364d,78,4,R26-041-28,unknown,P273-2026-02-13_Christina HE,unknown,train,uniform,8704,13824,512,,images/s03364d_008704_013824.jpg,context/s03364d_008704_013824.jpg
s03364d_f05,s03364d,78,5,R26-041-28,unknown,P273-2026-02-13_Christina HE,unknown,train,uniform,25088,17920,512,,images/s03364d_025088_017920.jpg,context/s03364d_025088_017920.jpg
s03364d_f06,s03364d,78,6,R26-041-28,unknown,P273-2026-02-13_Christina HE,unknown,train,uniform,12800,10240,512,,images/s03364d_012800_010240.jpg,context/s03364d_012800_010240.jpg
s03364d_f07,s03364d,78,7,R26-041-28,unknown,P273-2026-02-13_Christina HE,unknown,train,uniform,18944,15360,512,,images/s03364d_018944_015360.jpg,context/s03364d_018944_015360.jpg
s03364d_f08,s03364d,78,8,R26-041-28,unknown,P273-2026-02-13_Christina HE,unknown,train,uniform,11776,15872,512,,images/s03364d_011776_015872.jpg,context/s03364d_011776_015872.jpg
s03364d_f09,s03364d,78,9,R26-041-28,unknown,P273-2026-02-13_Christina HE,unknown,train,uniform,15872,1536,512,,images/s03364d_015872_001536.jpg,context/s03364d_015872_001536.jpg
s03364d_f10,s03364d,78,10,R26-041-28,unknown,P273-2026-02-13_Christina HE,unknown,train,uniform,19968,30208,512,,images/s03364d_019968_030208.jpg,context/s03364d_019968_030208.jpg
s03364d_f11,s03364d,78,11,R26-041-28,unknown,P273-2026-02-13_Christina HE,unknown,train,uniform,5120,11776,512,,images/s03364d_005120_011776.jpg,context/s03364d_005120_011776.jpg
s03364d_f12,s03364d,78,12,R26-041-28,unknown,P273-2026-02-13_Christina HE,unknown,train,uniform,30720,15872,512,,images/s03364d_030720_015872.jpg,context/s03364d_030720_015872.jpg
s03364d_f13,s03364d,78,13,R26-041-28,unknown,P273-2026-02-13_Christina HE,unknown,train,uniform,13824,19456,512,,images/s03364d_013824_019456.jpg,context/s03364d_013824_019456.jpg
s03364d_f14,s03364d,78,14,R26-041-28,unknown,P273-2026-02-13_Christina HE,unknown,train,uniform,26624,14336,512,,images/s03364d_026624_014336.jpg,context/s03364d_026624_014336.jpg
s03364d_f15,s03364d,78,15,R26-041-28,unknown,P273-2026-02-13_Christina HE,unknown,train,uniform,23040,7680,512,,images/s03364d_023040_007680.jpg,context/s03364d_023040_007680.jpg
s03364d_f16,s03364d,78,16,R26-041-28,unknown,P273-2026-02-13_Christina HE,unknown,train,uniform,22016,32768,512,,images/s03364d_022016_032768.jpg,context/s03364d_022016_032768.jpg
s03364d_f17,s03364d,78,17,R26-041-28,unknown,P273-2026-02-13_Christina HE,unknown,train,repeat,12288,27648,512,,images/s03364d_012288_027648.jpg,context/s03364d_012288_027648.jpg
s03364d_f18,s03364d,78,18,R26-041-28,unknown,P273-2026-02-13_Christina HE,unknown,train,repeat,15872,1536,512,,images/s03364d_015872_001536.jpg,context/s03364d_015872_001536.jpg
s907d08_f01,s907d08,79,1,R25-264-25,MASH,2025-08-25HE,unknown,train,uniform,7680,28672,512,,images/s907d08_007680_028672.jpg,context/s907d08_007680_028672.jpg
s907d08_f02,s907d08,79,2,R25-264-25,MASH,2025-08-25HE,unknown,train,uniform,24576,22528,512,,images/s907d08_024576_022528.jpg,context/s907d08_024576_022528.jpg
s907d08_f03,s907d08,79,3,R25-264-25,MASH,2025-08-25HE,unknown,train,uniform,10752,12800,512,,images/s907d08_010752_012800.jpg,context/s907d08_010752_012800.jpg
s907d08_f04,s907d08,79,4,R25-264-25,MASH,2025-08-25HE,unknown,train,uniform,34304,17408,512,,images/s907d08_034304_017408.jpg,context/s907d08_034304_017408.jpg
s907d08_f05,s907d08,79,5,R25-264-25,MASH,2025-08-25HE,unknown,train,uniform,30208,13824,512,,images/s907d08_030208_013824.jpg,context/s907d08_030208_013824.jpg
s907d08_f06,s907d08,79,6,R25-264-25,MASH,2025-08-25HE,unknown,train,uniform,14336,18432,512,,images/s907d08_014336_018432.jpg,context/s907d08_014336_018432.jpg
s907d08_f07,s907d08,79,7,R25-264-25,MASH,2025-08-25HE,unknown,train,uniform,25088,16896,512,,images/s907d08_025088_016896.jpg,context/s907d08_025088_016896.jpg
s907d08_f08,s907d08,79,8,R25-264-25,MASH,2025-08-25HE,unknown,train,uniform,18432,6144,512,,images/s907d08_018432_006144.jpg,context/s907d08_018432_006144.jpg
s907d08_f09,s907d08,79,9,R25-264-25,MASH,2025-08-25HE,unknown,train,uniform,34816,8704,512,,images/s907d08_034816_008704.jpg,context/s907d08_034816_008704.jpg
s907d08_f10,s907d08,79,10,R25-264-25,MASH,2025-08-25HE,unknown,train,uniform,9728,7168,512,,images/s907d08_009728_007168.jpg,context/s907d08_009728_007168.jpg
s907d08_f11,s907d08,79,11,R25-264-25,MASH,2025-08-25HE,unknown,train,uniform,32256,4608,512,,images/s907d08_032256_004608.jpg,context/s907d08_032256_004608.jpg
s907d08_f12,s907d08,79,12,R25-264-25,MASH,2025-08-25HE,unknown,train,uniform,15360,6144,512,,images/s907d08_015360_006144.jpg,context/s907d08_015360_006144.jpg
s907d08_f13,s907d08,79,13,R25-264-25,MASH,2025-08-25HE,unknown,train,uniform,26112,6656,512,,images/s907d08_026112_006656.jpg,context/s907d08_026112_006656.jpg
s907d08_f14,s907d08,79,14,R25-264-25,MASH,2025-08-25HE,unknown,train,uniform,13312,4608,512,,images/s907d08_013312_004608.jpg,context/s907d08_013312_004608.jpg
s907d08_f15,s907d08,79,15,R25-264-25,MASH,2025-08-25HE,unknown,train,uniform,14848,11776,512,,images/s907d08_014848_011776.jpg,context/s907d08_014848_011776.jpg
s907d08_f16,s907d08,79,16,R25-264-25,MASH,2025-08-25HE,unknown,train,uniform,23552,8704,512,,images/s907d08_023552_008704.jpg,context/s907d08_023552_008704.jpg
s907d08_f17,s907d08,79,17,R25-264-25,MASH,2025-08-25HE,unknown,train,repeat,32256,4608,512,,images/s907d08_032256_004608.jpg,context/s907d08_032256_004608.jpg
s907d08_f18,s907d08,79,18,R25-264-25,MASH,2025-08-25HE,unknown,train,repeat,14336,18432,512,,images/s907d08_014336_018432.jpg,context/s907d08_014336_018432.jpg
se223c8_f01,se223c8,80,1,R26-122-38_HE_97,CCl4,2026-04-20_CCl4_HE,unknown,test,uniform,11264,9728,512,4.404356461905664,images/se223c8_011264_009728.jpg,context/se223c8_011264_009728.jpg
se223c8_f02,se223c8,80,2,R26-122-38_HE_97,CCl4,2026-04-20_CCl4_HE,unknown,test,uniform,17920,9728,512,3.403427024604643,images/se223c8_017920_009728.jpg,context/se223c8_017920_009728.jpg
se223c8_f03,se223c8,80,3,R26-122-38_HE_97,CCl4,2026-04-20_CCl4_HE,unknown,test,uniform,8192,16384,512,-0.908774566798794,images/se223c8_008192_016384.jpg,context/se223c8_008192_016384.jpg
se223c8_f04,se223c8,80,4,R26-122-38_HE_97,CCl4,2026-04-20_CCl4_HE,unknown,test,uniform,23552,15872,512,1.8267022162364477,images/se223c8_023552_015872.jpg,context/se223c8_023552_015872.jpg
se223c8_f05,se223c8,80,5,R26-122-38_HE_97,CCl4,2026-04-20_CCl4_HE,unknown,test,uniform,19968,16384,512,3.035330661246292,images/se223c8_019968_016384.jpg,context/se223c8_019968_016384.jpg
se223c8_f06,se223c8,80,6,R26-122-38_HE_97,CCl4,2026-04-20_CCl4_HE,unknown,test,uniform,22016,16384,512,3.1004128065076686,images/se223c8_022016_016384.jpg,context/se223c8_022016_016384.jpg
se223c8_f07,se223c8,80,7,R26-122-38_HE_97,CCl4,2026-04-20_CCl4_HE,unknown,test,uniform,19968,15872,512,3.269912513303466,images/se223c8_019968_015872.jpg,context/se223c8_019968_015872.jpg
se223c8_f08,se223c8,80,8,R26-122-38_HE_97,CCl4,2026-04-20_CCl4_HE,unknown,test,uniform,5120,10752,512,4.118601530426003,images/se223c8_005120_010752.jpg,context/se223c8_005120_010752.jpg
se223c8_f09,se223c8,80,9,R26-122-38_HE_97,CCl4,2026-04-20_CCl4_HE,unknown,test,uniform,13824,10240,512,4.279241662205329,images/se223c8_013824_010240.jpg,context/se223c8_013824_010240.jpg
se223c8_f10,se223c8,80,10,R26-122-38_HE_97,CCl4,2026-04-20_CCl4_HE,unknown,test,uniform,12288,15872,512,4.604879360934804,images/se223c8_012288_015872.jpg,context/se223c8_012288_015872.jpg
se223c8_f11,se223c8,80,11,R26-122-38_HE_97,CCl4,2026-04-20_CCl4_HE,unknown,test,uniform,22528,16384,512,4.208209183851645,images/se223c8_022528_016384.jpg,context/se223c8_022528_016384.jpg
se223c8_f12,se223c8,80,12,R26-122-38_HE_97,CCl4,2026-04-20_CCl4_HE,unknown,test,uniform,3584,16896,512,3.841288135309016,images/se223c8_003584_016896.jpg,context/se223c8_003584_016896.jpg
se223c8_f13,se223c8,80,13,R26-122-38_HE_97,CCl4,2026-04-20_CCl4_HE,unknown,test,uniform,10240,10240,512,1.8894379804613368,images/se223c8_010240_010240.jpg,context/se223c8_010240_010240.jpg
se223c8_f14,se223c8,80,14,R26-122-38_HE_97,CCl4,2026-04-20_CCl4_HE,unknown,test,uniform,6656,10240,512,5.3150218503940065,images/se223c8_006656_010240.jpg,context/se223c8_006656_010240.jpg
se223c8_f15,se223c8,80,15,R26-122-38_HE_97,CCl4,2026-04-20_CCl4_HE,unknown,test,uniform,6656,9728,512,3.90861513336999,images/se223c8_006656_009728.jpg,context/se223c8_006656_009728.jpg
se223c8_f16,se223c8,80,16,R26-122-38_HE_97,CCl4,2026-04-20_CCl4_HE,unknown,test,uniform,7680,15872,512,4.501406042649442,images/se223c8_007680_015872.jpg,context/se223c8_007680_015872.jpg
se223c8_f17,se223c8,80,17,R26-122-38_HE_97,CCl4,2026-04-20_CCl4_HE,unknown,test,repeat,6656,9728,512,3.90861513336999,images/se223c8_006656_009728.jpg,context/se223c8_006656_009728.jpg
se223c8_f18,se223c8,80,18,R26-122-38_HE_97,CCl4,2026-04-20_CCl4_HE,unknown,test,repeat,19968,16384,512,3.035330661246292,images/se223c8_019968_016384.jpg,context/se223c8_019968_016384.jpg
s79e9b6_f01,s79e9b6,81,1,R25-079_18_HE,unknown,2025-03-07_Jaya HE,unknown,test,uniform,33792,3584,512,,images/s79e9b6_033792_003584.jpg,context/s79e9b6_033792_003584.jpg
s79e9b6_f02,s79e9b6,81,2,R25-079_18_HE,unknown,2025-03-07_Jaya HE,unknown,test,uniform,9216,29696,512,,images/s79e9b6_009216_029696.jpg,context/s79e9b6_009216_029696.jpg
s79e9b6_f03,s79e9b6,81,3,R25-079_18_HE,unknown,2025-03-07_Jaya HE,unknown,test,uniform,30208,12800,512,,images/s79e9b6_030208_012800.jpg,context/s79e9b6_030208_012800.jpg
s79e9b6_f04,s79e9b6,81,4,R25-079_18_HE,unknown,2025-03-07_Jaya HE,unknown,test,uniform,24576,11264,512,,images/s79e9b6_024576_011264.jpg,context/s79e9b6_024576_011264.jpg
s79e9b6_f05,s79e9b6,81,5,R25-079_18_HE,unknown,2025-03-07_Jaya HE,unknown,test,uniform,13824,4096,512,,images/s79e9b6_013824_004096.jpg,context/s79e9b6_013824_004096.jpg
s79e9b6_f06,s79e9b6,81,6,R25-079_18_HE,unknown,2025-03-07_Jaya HE,unknown,test,uniform,9728,31232,512,,images/s79e9b6_009728_031232.jpg,context/s79e9b6_009728_031232.jpg
s79e9b6_f07,s79e9b6,81,7,R25-079_18_HE,unknown,2025-03-07_Jaya HE,unknown,test,uniform,35328,20480,512,,images/s79e9b6_035328_020480.jpg,context/s79e9b6_035328_020480.jpg
s79e9b6_f08,s79e9b6,81,8,R25-079_18_HE,unknown,2025-03-07_Jaya HE,unknown,test,uniform,14336,29184,512,,images/s79e9b6_014336_029184.jpg,context/s79e9b6_014336_029184.jpg
s79e9b6_f09,s79e9b6,81,9,R25-079_18_HE,unknown,2025-03-07_Jaya HE,unknown,test,uniform,12288,0,512,,images/s79e9b6_012288_000000.jpg,context/s79e9b6_012288_000000.jpg
s79e9b6_f10,s79e9b6,81,10,R25-079_18_HE,unknown,2025-03-07_Jaya HE,unknown,test,uniform,29184,10240,512,,images/s79e9b6_029184_010240.jpg,context/s79e9b6_029184_010240.jpg
s79e9b6_f11,s79e9b6,81,11,R25-079_18_HE,unknown,2025-03-07_Jaya HE,unknown,test,uniform,29184,35328,512,,images/s79e9b6_029184_035328.jpg,context/s79e9b6_029184_035328.jpg
s79e9b6_f12,s79e9b6,81,12,R25-079_18_HE,unknown,2025-03-07_Jaya HE,unknown,test,uniform,46080,18944,512,,images/s79e9b6_046080_018944.jpg,context/s79e9b6_046080_018944.jpg
s79e9b6_f13,s79e9b6,81,13,R25-079_18_HE,unknown,2025-03-07_Jaya HE,unknown,test,uniform,13824,9728,512,,images/s79e9b6_013824_009728.jpg,context/s79e9b6_013824_009728.jpg
s79e9b6_f14,s79e9b6,81,14,R25-079_18_HE,unknown,2025-03-07_Jaya HE,unknown,test,uniform,5632,29696,512,,images/s79e9b6_005632_029696.jpg,context/s79e9b6_005632_029696.jpg
s79e9b6_f15,s79e9b6,81,15,R25-079_18_HE,unknown,2025-03-07_Jaya HE,unknown,test,uniform,37376,5632,512,,images/s79e9b6_037376_005632.jpg,context/s79e9b6_037376_005632.jpg
s79e9b6_f16,s79e9b6,81,16,R25-079_18_HE,unknown,2025-03-07_Jaya HE,unknown,test,uniform,18432,31232,512,,images/s79e9b6_018432_031232.jpg,context/s79e9b6_018432_031232.jpg
s79e9b6_f17,s79e9b6,81,17,R25-079_18_HE,unknown,2025-03-07_Jaya HE,unknown,test,repeat,13824,4096,512,,images/s79e9b6_013824_004096.jpg,context/s79e9b6_013824_004096.jpg
s79e9b6_f18,s79e9b6,81,18,R25-079_18_HE,unknown,2025-03-07_Jaya HE,unknown,test,repeat,30208,12800,512,,images/s79e9b6_030208_012800.jpg,context/s79e9b6_030208_012800.jpg
s6dd72d_f01,s6dd72d,82,1,R25-151_27_HE,unknown,2025-04-29HE,unknown,test,uniform,13312,9216,512,,images/s6dd72d_013312_009216.jpg,context/s6dd72d_013312_009216.jpg
s6dd72d_f02,s6dd72d,82,2,R25-151_27_HE,unknown,2025-04-29HE,unknown,test,uniform,13824,20992,512,,images/s6dd72d_013824_020992.jpg,context/s6dd72d_013824_020992.jpg
s6dd72d_f03,s6dd72d,82,3,R25-151_27_HE,unknown,2025-04-29HE,unknown,test,uniform,9728,9216,512,,images/s6dd72d_009728_009216.jpg,context/s6dd72d_009728_009216.jpg
s6dd72d_f04,s6dd72d,82,4,R25-151_27_HE,unknown,2025-04-29HE,unknown,test,uniform,5632,14848,512,,images/s6dd72d_005632_014848.jpg,context/s6dd72d_005632_014848.jpg
s6dd72d_f05,s6dd72d,82,5,R25-151_27_HE,unknown,2025-04-29HE,unknown,test,uniform,11776,22528,512,,images/s6dd72d_011776_022528.jpg,context/s6dd72d_011776_022528.jpg
s6dd72d_f06,s6dd72d,82,6,R25-151_27_HE,unknown,2025-04-29HE,unknown,test,uniform,14336,4608,512,,images/s6dd72d_014336_004608.jpg,context/s6dd72d_014336_004608.jpg
s6dd72d_f07,s6dd72d,82,7,R25-151_27_HE,unknown,2025-04-29HE,unknown,test,uniform,5632,5120,512,,images/s6dd72d_005632_005120.jpg,context/s6dd72d_005632_005120.jpg
s6dd72d_f08,s6dd72d,82,8,R25-151_27_HE,unknown,2025-04-29HE,unknown,test,uniform,18432,10240,512,,images/s6dd72d_018432_010240.jpg,context/s6dd72d_018432_010240.jpg
s6dd72d_f09,s6dd72d,82,9,R25-151_27_HE,unknown,2025-04-29HE,unknown,test,uniform,13824,6656,512,,images/s6dd72d_013824_006656.jpg,context/s6dd72d_013824_006656.jpg
s6dd72d_f10,s6dd72d,82,10,R25-151_27_HE,unknown,2025-04-29HE,unknown,test,uniform,10240,20992,512,,images/s6dd72d_010240_020992.jpg,context/s6dd72d_010240_020992.jpg
s6dd72d_f11,s6dd72d,82,11,R25-151_27_HE,unknown,2025-04-29HE,unknown,test,uniform,22016,13312,512,,images/s6dd72d_022016_013312.jpg,context/s6dd72d_022016_013312.jpg
s6dd72d_f12,s6dd72d,82,12,R25-151_27_HE,unknown,2025-04-29HE,unknown,test,uniform,7680,8192,512,,images/s6dd72d_007680_008192.jpg,context/s6dd72d_007680_008192.jpg
s6dd72d_f13,s6dd72d,82,13,R25-151_27_HE,unknown,2025-04-29HE,unknown,test,uniform,7168,10240,512,,images/s6dd72d_007168_010240.jpg,context/s6dd72d_007168_010240.jpg
s6dd72d_f14,s6dd72d,82,14,R25-151_27_HE,unknown,2025-04-29HE,unknown,test,uniform,8704,6656,512,,images/s6dd72d_008704_006656.jpg,context/s6dd72d_008704_006656.jpg
s6dd72d_f15,s6dd72d,82,15,R25-151_27_HE,unknown,2025-04-29HE,unknown,test,uniform,9728,4608,512,,images/s6dd72d_009728_004608.jpg,context/s6dd72d_009728_004608.jpg
s6dd72d_f16,s6dd72d,82,16,R25-151_27_HE,unknown,2025-04-29HE,unknown,test,uniform,9728,11776,512,,images/s6dd72d_009728_011776.jpg,context/s6dd72d_009728_011776.jpg
s6dd72d_f17,s6dd72d,82,17,R25-151_27_HE,unknown,2025-04-29HE,unknown,test,repeat,7168,10240,512,,images/s6dd72d_007168_010240.jpg,context/s6dd72d_007168_010240.jpg
s6dd72d_f18,s6dd72d,82,18,R25-151_27_HE,unknown,2025-04-29HE,unknown,test,repeat,11776,22528,512,,images/s6dd72d_011776_022528.jpg,context/s6dd72d_011776_022528.jpg
s883cb8_f01,s883cb8,83,1,R25-223-3_HE,unknown,2025-07-09_Evelyn_HE,unknown,train,uniform,29696,16896,512,6.514573799878768,images/s883cb8_029696_016896.jpg,context/s883cb8_029696_016896.jpg
s883cb8_f02,s883cb8,83,2,R25-223-3_HE,unknown,2025-07-09_Evelyn_HE,unknown,train,uniform,44544,15872,512,3.750447188367662,images/s883cb8_044544_015872.jpg,context/s883cb8_044544_015872.jpg
s883cb8_f03,s883cb8,83,3,R25-223-3_HE,unknown,2025-07-09_Evelyn_HE,unknown,train,uniform,50688,15872,512,3.774799285682985,images/s883cb8_050688_015872.jpg,context/s883cb8_050688_015872.jpg
s883cb8_f04,s883cb8,83,4,R25-223-3_HE,unknown,2025-07-09_Evelyn_HE,unknown,train,uniform,23040,16896,512,6.152962516201352,images/s883cb8_023040_016896.jpg,context/s883cb8_023040_016896.jpg
s883cb8_f05,s883cb8,83,5,R25-223-3_HE,unknown,2025-07-09_Evelyn_HE,unknown,train,uniform,34304,16896,512,6.589825978367249,images/s883cb8_034304_016896.jpg,context/s883cb8_034304_016896.jpg
s883cb8_f06,s883cb8,83,6,R25-223-3_HE,unknown,2025-07-09_Evelyn_HE,unknown,train,uniform,51200,15872,512,6.208052079649362,images/s883cb8_051200_015872.jpg,context/s883cb8_051200_015872.jpg
s883cb8_f07,s883cb8,83,7,R25-223-3_HE,unknown,2025-07-09_Evelyn_HE,unknown,train,uniform,25088,16384,512,7.799167143968663,images/s883cb8_025088_016384.jpg,context/s883cb8_025088_016384.jpg
s883cb8_f08,s883cb8,83,8,R25-223-3_HE,unknown,2025-07-09_Evelyn_HE,unknown,train,uniform,46592,16896,512,5.459432580878129,images/s883cb8_046592_016896.jpg,context/s883cb8_046592_016896.jpg
s883cb8_f09,s883cb8,83,9,R25-223-3_HE,unknown,2025-07-09_Evelyn_HE,unknown,train,uniform,36864,17408,512,4.337972741343456,images/s883cb8_036864_017408.jpg,context/s883cb8_036864_017408.jpg
s883cb8_f10,s883cb8,83,10,R25-223-3_HE,unknown,2025-07-09_Evelyn_HE,unknown,train,uniform,5120,17920,512,-0.0170530026155854,images/s883cb8_005120_017920.jpg,context/s883cb8_005120_017920.jpg
s883cb8_f11,s883cb8,83,11,R25-223-3_HE,unknown,2025-07-09_Evelyn_HE,unknown,train,uniform,47104,17408,512,4.901556652876658,images/s883cb8_047104_017408.jpg,context/s883cb8_047104_017408.jpg
s883cb8_f12,s883cb8,83,12,R25-223-3_HE,unknown,2025-07-09_Evelyn_HE,unknown,train,uniform,19456,16896,512,3.8791627496399137,images/s883cb8_019456_016896.jpg,context/s883cb8_019456_016896.jpg
s883cb8_f13,s883cb8,83,13,R25-223-3_HE,unknown,2025-07-09_Evelyn_HE,unknown,train,uniform,49152,16384,512,6.003749880234764,images/s883cb8_049152_016384.jpg,context/s883cb8_049152_016384.jpg
s883cb8_f14,s883cb8,83,14,R25-223-3_HE,unknown,2025-07-09_Evelyn_HE,unknown,train,uniform,14336,16896,512,3.894939040847857,images/s883cb8_014336_016896.jpg,context/s883cb8_014336_016896.jpg
s883cb8_f15,s883cb8,83,15,R25-223-3_HE,unknown,2025-07-09_Evelyn_HE,unknown,train,uniform,27136,16896,512,3.643232682410355,images/s883cb8_027136_016896.jpg,context/s883cb8_027136_016896.jpg
s883cb8_f16,s883cb8,83,16,R25-223-3_HE,unknown,2025-07-09_Evelyn_HE,unknown,train,uniform,44544,16896,512,7.654508164806661,images/s883cb8_044544_016896.jpg,context/s883cb8_044544_016896.jpg
s883cb8_f17,s883cb8,83,17,R25-223-3_HE,unknown,2025-07-09_Evelyn_HE,unknown,train,repeat,34304,16896,512,6.589825978367249,images/s883cb8_034304_016896.jpg,context/s883cb8_034304_016896.jpg
s883cb8_f18,s883cb8,83,18,R25-223-3_HE,unknown,2025-07-09_Evelyn_HE,unknown,train,repeat,49152,16384,512,6.003749880234764,images/s883cb8_049152_016384.jpg,context/s883cb8_049152_016384.jpg
s3c186d_f01,s3c186d,84,1,R22--063-3_HE,unknown,2025-09-24HE,unknown,test,uniform,15360,17408,512,,images/s3c186d_015360_017408.jpg,context/s3c186d_015360_017408.jpg
s3c186d_f02,s3c186d,84,2,R22--063-3_HE,unknown,2025-09-24HE,unknown,test,uniform,28672,5632,512,,images/s3c186d_028672_005632.jpg,context/s3c186d_028672_005632.jpg
s3c186d_f03,s3c186d,84,3,R22--063-3_HE,unknown,2025-09-24HE,unknown,test,uniform,7168,10240,512,,images/s3c186d_007168_010240.jpg,context/s3c186d_007168_010240.jpg
s3c186d_f04,s3c186d,84,4,R22--063-3_HE,unknown,2025-09-24HE,unknown,test,uniform,10240,15360,512,,images/s3c186d_010240_015360.jpg,context/s3c186d_010240_015360.jpg
s3c186d_f05,s3c186d,84,5,R22--063-3_HE,unknown,2025-09-24HE,unknown,test,uniform,26112,1536,512,,images/s3c186d_026112_001536.jpg,context/s3c186d_026112_001536.jpg
s3c186d_f06,s3c186d,84,6,R22--063-3_HE,unknown,2025-09-24HE,unknown,test,uniform,9728,16384,512,,images/s3c186d_009728_016384.jpg,context/s3c186d_009728_016384.jpg
s3c186d_f07,s3c186d,84,7,R22--063-3_HE,unknown,2025-09-24HE,unknown,test,uniform,17920,23552,512,,images/s3c186d_017920_023552.jpg,context/s3c186d_017920_023552.jpg
s3c186d_f08,s3c186d,84,8,R22--063-3_HE,unknown,2025-09-24HE,unknown,test,uniform,22016,11776,512,,images/s3c186d_022016_011776.jpg,context/s3c186d_022016_011776.jpg
s3c186d_f09,s3c186d,84,9,R22--063-3_HE,unknown,2025-09-24HE,unknown,test,uniform,12800,20480,512,,images/s3c186d_012800_020480.jpg,context/s3c186d_012800_020480.jpg
s3c186d_f10,s3c186d,84,10,R22--063-3_HE,unknown,2025-09-24HE,unknown,test,uniform,18944,15872,512,,images/s3c186d_018944_015872.jpg,context/s3c186d_018944_015872.jpg
s3c186d_f11,s3c186d,84,11,R22--063-3_HE,unknown,2025-09-24HE,unknown,test,uniform,24576,16896,512,,images/s3c186d_024576_016896.jpg,context/s3c186d_024576_016896.jpg
s3c186d_f12,s3c186d,84,12,R22--063-3_HE,unknown,2025-09-24HE,unknown,test,uniform,13824,19456,512,,images/s3c186d_013824_019456.jpg,context/s3c186d_013824_019456.jpg
s3c186d_f13,s3c186d,84,13,R22--063-3_HE,unknown,2025-09-24HE,unknown,test,uniform,16896,17408,512,,images/s3c186d_016896_017408.jpg,context/s3c186d_016896_017408.jpg
s3c186d_f14,s3c186d,84,14,R22--063-3_HE,unknown,2025-09-24HE,unknown,test,uniform,15360,23552,512,,images/s3c186d_015360_023552.jpg,context/s3c186d_015360_023552.jpg
s3c186d_f15,s3c186d,84,15,R22--063-3_HE,unknown,2025-09-24HE,unknown,test,uniform,15872,3584,512,,images/s3c186d_015872_003584.jpg,context/s3c186d_015872_003584.jpg
s3c186d_f16,s3c186d,84,16,R22--063-3_HE,unknown,2025-09-24HE,unknown,test,uniform,10240,23552,512,,images/s3c186d_010240_023552.jpg,context/s3c186d_010240_023552.jpg
s3c186d_f17,s3c186d,84,17,R22--063-3_HE,unknown,2025-09-24HE,unknown,test,repeat,28672,5632,512,,images/s3c186d_028672_005632.jpg,context/s3c186d_028672_005632.jpg
s3c186d_f18,s3c186d,84,18,R22--063-3_HE,unknown,2025-09-24HE,unknown,test,repeat,15360,23552,512,,images/s3c186d_015360_023552.jpg,context/s3c186d_015360_023552.jpg
s89dde5_f01,s89dde5,85,1,R25-345-5,unknown,2025-11-14HE,unknown,train,uniform,26112,8704,512,,images/s89dde5_026112_008704.jpg,context/s89dde5_026112_008704.jpg
s89dde5_f02,s89dde5,85,2,R25-345-5,unknown,2025-11-14HE,unknown,train,uniform,8192,13824,512,,images/s89dde5_008192_013824.jpg,context/s89dde5_008192_013824.jpg
s89dde5_f03,s89dde5,85,3,R25-345-5,unknown,2025-11-14HE,unknown,train,uniform,18944,20992,512,,images/s89dde5_018944_020992.jpg,context/s89dde5_018944_020992.jpg
s89dde5_f04,s89dde5,85,4,R25-345-5,unknown,2025-11-14HE,unknown,train,uniform,6656,17920,512,,images/s89dde5_006656_017920.jpg,context/s89dde5_006656_017920.jpg
s89dde5_f05,s89dde5,85,5,R25-345-5,unknown,2025-11-14HE,unknown,train,uniform,26112,14848,512,,images/s89dde5_026112_014848.jpg,context/s89dde5_026112_014848.jpg
s89dde5_f06,s89dde5,85,6,R25-345-5,unknown,2025-11-14HE,unknown,train,uniform,11776,8192,512,,images/s89dde5_011776_008192.jpg,context/s89dde5_011776_008192.jpg
s89dde5_f07,s89dde5,85,7,R25-345-5,unknown,2025-11-14HE,unknown,train,uniform,17408,12288,512,,images/s89dde5_017408_012288.jpg,context/s89dde5_017408_012288.jpg
s89dde5_f08,s89dde5,85,8,R25-345-5,unknown,2025-11-14HE,unknown,train,uniform,11264,10240,512,,images/s89dde5_011264_010240.jpg,context/s89dde5_011264_010240.jpg
s89dde5_f09,s89dde5,85,9,R25-345-5,unknown,2025-11-14HE,unknown,train,uniform,15360,9216,512,,images/s89dde5_015360_009216.jpg,context/s89dde5_015360_009216.jpg
s89dde5_f10,s89dde5,85,10,R25-345-5,unknown,2025-11-14HE,unknown,train,uniform,15360,23040,512,,images/s89dde5_015360_023040.jpg,context/s89dde5_015360_023040.jpg
s89dde5_f11,s89dde5,85,11,R25-345-5,unknown,2025-11-14HE,unknown,train,uniform,12800,25088,512,,images/s89dde5_012800_025088.jpg,context/s89dde5_012800_025088.jpg
s89dde5_f12,s89dde5,85,12,R25-345-5,unknown,2025-11-14HE,unknown,train,uniform,26112,17920,512,,images/s89dde5_026112_017920.jpg,context/s89dde5_026112_017920.jpg
s89dde5_f13,s89dde5,85,13,R25-345-5,unknown,2025-11-14HE,unknown,train,uniform,13312,18432,512,,images/s89dde5_013312_018432.jpg,context/s89dde5_013312_018432.jpg
s89dde5_f14,s89dde5,85,14,R25-345-5,unknown,2025-11-14HE,unknown,train,uniform,22528,22528,512,,images/s89dde5_022528_022528.jpg,context/s89dde5_022528_022528.jpg
s89dde5_f15,s89dde5,85,15,R25-345-5,unknown,2025-11-14HE,unknown,train,uniform,19456,23040,512,,images/s89dde5_019456_023040.jpg,context/s89dde5_019456_023040.jpg
s89dde5_f16,s89dde5,85,16,R25-345-5,unknown,2025-11-14HE,unknown,train,uniform,21504,24576,512,,images/s89dde5_021504_024576.jpg,context/s89dde5_021504_024576.jpg
s89dde5_f17,s89dde5,85,17,R25-345-5,unknown,2025-11-14HE,unknown,train,repeat,26112,14848,512,,images/s89dde5_026112_014848.jpg,context/s89dde5_026112_014848.jpg
s89dde5_f18,s89dde5,85,18,R25-345-5,unknown,2025-11-14HE,unknown,train,repeat,26112,17920,512,,images/s89dde5_026112_017920.jpg,context/s89dde5_026112_017920.jpg
s61af23_f01,s61af23,86,1,R26-041-14,unknown,P273-2026-02-13_Christina HE,unknown,train,uniform,9728,22528,512,,images/s61af23_009728_022528.jpg,context/s61af23_009728_022528.jpg
s61af23_f02,s61af23,86,2,R26-041-14,unknown,P273-2026-02-13_Christina HE,unknown,train,uniform,4096,6144,512,,images/s61af23_004096_006144.jpg,context/s61af23_004096_006144.jpg
s61af23_f03,s61af23,86,3,R26-041-14,unknown,P273-2026-02-13_Christina HE,unknown,train,uniform,25600,24064,512,,images/s61af23_025600_024064.jpg,context/s61af23_025600_024064.jpg
s61af23_f04,s61af23,86,4,R26-041-14,unknown,P273-2026-02-13_Christina HE,unknown,train,uniform,21504,19456,512,,images/s61af23_021504_019456.jpg,context/s61af23_021504_019456.jpg
s61af23_f05,s61af23,86,5,R26-041-14,unknown,P273-2026-02-13_Christina HE,unknown,train,uniform,14848,23040,512,,images/s61af23_014848_023040.jpg,context/s61af23_014848_023040.jpg
s61af23_f06,s61af23,86,6,R26-041-14,unknown,P273-2026-02-13_Christina HE,unknown,train,uniform,7680,6144,512,,images/s61af23_007680_006144.jpg,context/s61af23_007680_006144.jpg
s61af23_f07,s61af23,86,7,R26-041-14,unknown,P273-2026-02-13_Christina HE,unknown,train,uniform,35328,19968,512,,images/s61af23_035328_019968.jpg,context/s61af23_035328_019968.jpg
s61af23_f08,s61af23,86,8,R26-041-14,unknown,P273-2026-02-13_Christina HE,unknown,train,uniform,13312,11264,512,,images/s61af23_013312_011264.jpg,context/s61af23_013312_011264.jpg
s61af23_f09,s61af23,86,9,R26-041-14,unknown,P273-2026-02-13_Christina HE,unknown,train,uniform,18432,7680,512,,images/s61af23_018432_007680.jpg,context/s61af23_018432_007680.jpg
s61af23_f10,s61af23,86,10,R26-041-14,unknown,P273-2026-02-13_Christina HE,unknown,train,uniform,20992,9728,512,,images/s61af23_020992_009728.jpg,context/s61af23_020992_009728.jpg
s61af23_f11,s61af23,86,11,R26-041-14,unknown,P273-2026-02-13_Christina HE,unknown,train,uniform,15360,7168,512,,images/s61af23_015360_007168.jpg,context/s61af23_015360_007168.jpg
s61af23_f12,s61af23,86,12,R26-041-14,unknown,P273-2026-02-13_Christina HE,unknown,train,uniform,25600,16896,512,,images/s61af23_025600_016896.jpg,context/s61af23_025600_016896.jpg
s61af23_f13,s61af23,86,13,R26-041-14,unknown,P273-2026-02-13_Christina HE,unknown,train,uniform,33792,15872,512,,images/s61af23_033792_015872.jpg,context/s61af23_033792_015872.jpg
s61af23_f14,s61af23,86,14,R26-041-14,unknown,P273-2026-02-13_Christina HE,unknown,train,uniform,29696,28160,512,,images/s61af23_029696_028160.jpg,context/s61af23_029696_028160.jpg
s61af23_f15,s61af23,86,15,R26-041-14,unknown,P273-2026-02-13_Christina HE,unknown,train,uniform,3584,11264,512,,images/s61af23_003584_011264.jpg,context/s61af23_003584_011264.jpg
s61af23_f16,s61af23,86,16,R26-041-14,unknown,P273-2026-02-13_Christina HE,unknown,train,uniform,13824,5632,512,,images/s61af23_013824_005632.jpg,context/s61af23_013824_005632.jpg
s61af23_f17,s61af23,86,17,R26-041-14,unknown,P273-2026-02-13_Christina HE,unknown,train,repeat,14848,23040,512,,images/s61af23_014848_023040.jpg,context/s61af23_014848_023040.jpg
s61af23_f18,s61af23,86,18,R26-041-14,unknown,P273-2026-02-13_Christina HE,unknown,train,repeat,25600,16896,512,,images/s61af23_025600_016896.jpg,context/s61af23_025600_016896.jpg
sd2c490_f01,sd2c490,87,1,R25-264-7,MASH,2025-08-25HE,unknown,train,uniform,47104,22528,512,,images/sd2c490_047104_022528.jpg,context/sd2c490_047104_022528.jpg
sd2c490_f02,sd2c490,87,2,R25-264-7,MASH,2025-08-25HE,unknown,train,uniform,18432,19968,512,,images/sd2c490_018432_019968.jpg,context/sd2c490_018432_019968.jpg
sd2c490_f03,sd2c490,87,3,R25-264-7,MASH,2025-08-25HE,unknown,train,uniform,32768,4608,512,,images/sd2c490_032768_004608.jpg,context/sd2c490_032768_004608.jpg
sd2c490_f04,sd2c490,87,4,R25-264-7,MASH,2025-08-25HE,unknown,train,uniform,7168,11776,512,,images/sd2c490_007168_011776.jpg,context/sd2c490_007168_011776.jpg
sd2c490_f05,sd2c490,87,5,R25-264-7,MASH,2025-08-25HE,unknown,train,uniform,29184,31744,512,,images/sd2c490_029184_031744.jpg,context/sd2c490_029184_031744.jpg
sd2c490_f06,sd2c490,87,6,R25-264-7,MASH,2025-08-25HE,unknown,train,uniform,38912,24064,512,,images/sd2c490_038912_024064.jpg,context/sd2c490_038912_024064.jpg
sd2c490_f07,sd2c490,87,7,R25-264-7,MASH,2025-08-25HE,unknown,train,uniform,31744,11264,512,,images/sd2c490_031744_011264.jpg,context/sd2c490_031744_011264.jpg
sd2c490_f08,sd2c490,87,8,R25-264-7,MASH,2025-08-25HE,unknown,train,uniform,29184,2560,512,,images/sd2c490_029184_002560.jpg,context/sd2c490_029184_002560.jpg
sd2c490_f09,sd2c490,87,9,R25-264-7,MASH,2025-08-25HE,unknown,train,uniform,20480,9728,512,,images/sd2c490_020480_009728.jpg,context/sd2c490_020480_009728.jpg
sd2c490_f10,sd2c490,87,10,R25-264-7,MASH,2025-08-25HE,unknown,train,uniform,36352,29184,512,,images/sd2c490_036352_029184.jpg,context/sd2c490_036352_029184.jpg
sd2c490_f11,sd2c490,87,11,R25-264-7,MASH,2025-08-25HE,unknown,train,uniform,11264,7168,512,,images/sd2c490_011264_007168.jpg,context/sd2c490_011264_007168.jpg
sd2c490_f12,sd2c490,87,12,R25-264-7,MASH,2025-08-25HE,unknown,train,uniform,43008,31744,512,,images/sd2c490_043008_031744.jpg,context/sd2c490_043008_031744.jpg
sd2c490_f13,sd2c490,87,13,R25-264-7,MASH,2025-08-25HE,unknown,train,uniform,27648,26624,512,,images/sd2c490_027648_026624.jpg,context/sd2c490_027648_026624.jpg
sd2c490_f14,sd2c490,87,14,R25-264-7,MASH,2025-08-25HE,unknown,train,uniform,14336,7680,512,,images/sd2c490_014336_007680.jpg,context/sd2c490_014336_007680.jpg
sd2c490_f15,sd2c490,87,15,R25-264-7,MASH,2025-08-25HE,unknown,train,uniform,20480,6144,512,,images/sd2c490_020480_006144.jpg,context/sd2c490_020480_006144.jpg
sd2c490_f16,sd2c490,87,16,R25-264-7,MASH,2025-08-25HE,unknown,train,uniform,26624,15872,512,,images/sd2c490_026624_015872.jpg,context/sd2c490_026624_015872.jpg
sd2c490_f17,sd2c490,87,17,R25-264-7,MASH,2025-08-25HE,unknown,train,repeat,43008,31744,512,,images/sd2c490_043008_031744.jpg,context/sd2c490_043008_031744.jpg
sd2c490_f18,sd2c490,87,18,R25-264-7,MASH,2025-08-25HE,unknown,train,repeat,14336,7680,512,,images/sd2c490_014336_007680.jpg,context/sd2c490_014336_007680.jpg
sed3271_f01,sed3271,88,1,R26-122-24_HE_87,CCl4,2026-04-20_CCl4_HE,unknown,train,uniform,17920,14336,512,,images/sed3271_017920_014336.jpg,context/sed3271_017920_014336.jpg
sed3271_f02,sed3271,88,2,R26-122-24_HE_87,CCl4,2026-04-20_CCl4_HE,unknown,train,uniform,22528,8704,512,,images/sed3271_022528_008704.jpg,context/sed3271_022528_008704.jpg
sed3271_f03,sed3271,88,3,R26-122-24_HE_87,CCl4,2026-04-20_CCl4_HE,unknown,train,uniform,16384,13312,512,,images/sed3271_016384_013312.jpg,context/sed3271_016384_013312.jpg
sed3271_f04,sed3271,88,4,R26-122-24_HE_87,CCl4,2026-04-20_CCl4_HE,unknown,train,uniform,13824,7168,512,,images/sed3271_013824_007168.jpg,context/sed3271_013824_007168.jpg
sed3271_f05,sed3271,88,5,R26-122-24_HE_87,CCl4,2026-04-20_CCl4_HE,unknown,train,uniform,22528,13824,512,,images/sed3271_022528_013824.jpg,context/sed3271_022528_013824.jpg
sed3271_f06,sed3271,88,6,R26-122-24_HE_87,CCl4,2026-04-20_CCl4_HE,unknown,train,uniform,22016,20480,512,,images/sed3271_022016_020480.jpg,context/sed3271_022016_020480.jpg
sed3271_f07,sed3271,88,7,R26-122-24_HE_87,CCl4,2026-04-20_CCl4_HE,unknown,train,uniform,26112,18432,512,,images/sed3271_026112_018432.jpg,context/sed3271_026112_018432.jpg
sed3271_f08,sed3271,88,8,R26-122-24_HE_87,CCl4,2026-04-20_CCl4_HE,unknown,train,uniform,10752,8704,512,,images/sed3271_010752_008704.jpg,context/sed3271_010752_008704.jpg
sed3271_f09,sed3271,88,9,R26-122-24_HE_87,CCl4,2026-04-20_CCl4_HE,unknown,train,uniform,28672,10752,512,,images/sed3271_028672_010752.jpg,context/sed3271_028672_010752.jpg
sed3271_f10,sed3271,88,10,R26-122-24_HE_87,CCl4,2026-04-20_CCl4_HE,unknown,train,uniform,16896,8192,512,,images/sed3271_016896_008192.jpg,context/sed3271_016896_008192.jpg
sed3271_f11,sed3271,88,11,R26-122-24_HE_87,CCl4,2026-04-20_CCl4_HE,unknown,train,uniform,16384,5120,512,,images/sed3271_016384_005120.jpg,context/sed3271_016384_005120.jpg
sed3271_f12,sed3271,88,12,R26-122-24_HE_87,CCl4,2026-04-20_CCl4_HE,unknown,train,uniform,26624,14336,512,,images/sed3271_026624_014336.jpg,context/sed3271_026624_014336.jpg
sed3271_f13,sed3271,88,13,R26-122-24_HE_87,CCl4,2026-04-20_CCl4_HE,unknown,train,uniform,3584,14336,512,,images/sed3271_003584_014336.jpg,context/sed3271_003584_014336.jpg
sed3271_f14,sed3271,88,14,R26-122-24_HE_87,CCl4,2026-04-20_CCl4_HE,unknown,train,uniform,11264,3584,512,,images/sed3271_011264_003584.jpg,context/sed3271_011264_003584.jpg
sed3271_f15,sed3271,88,15,R26-122-24_HE_87,CCl4,2026-04-20_CCl4_HE,unknown,train,uniform,19968,11776,512,,images/sed3271_019968_011776.jpg,context/sed3271_019968_011776.jpg
sed3271_f16,sed3271,88,16,R26-122-24_HE_87,CCl4,2026-04-20_CCl4_HE,unknown,train,uniform,26112,16896,512,,images/sed3271_026112_016896.jpg,context/sed3271_026112_016896.jpg
sed3271_f17,sed3271,88,17,R26-122-24_HE_87,CCl4,2026-04-20_CCl4_HE,unknown,train,repeat,26112,18432,512,,images/sed3271_026112_018432.jpg,context/sed3271_026112_018432.jpg
sed3271_f18,sed3271,88,18,R26-122-24_HE_87,CCl4,2026-04-20_CCl4_HE,unknown,train,repeat,26624,14336,512,,images/sed3271_026624_014336.jpg,context/sed3271_026624_014336.jpg
sa1bfff_f01,sa1bfff,89,1,R25-079_20_HE,unknown,2025-03-07_Jaya HE,unknown,train,uniform,55296,18432,512,,images/sa1bfff_055296_018432.jpg,context/sa1bfff_055296_018432.jpg
sa1bfff_f02,sa1bfff,89,2,R25-079_20_HE,unknown,2025-03-07_Jaya HE,unknown,train,uniform,30720,25600,512,,images/sa1bfff_030720_025600.jpg,context/sa1bfff_030720_025600.jpg
sa1bfff_f03,sa1bfff,89,3,R25-079_20_HE,unknown,2025-03-07_Jaya HE,unknown,train,uniform,14848,13824,512,,images/sa1bfff_014848_013824.jpg,context/sa1bfff_014848_013824.jpg
sa1bfff_f04,sa1bfff,89,4,R25-079_20_HE,unknown,2025-03-07_Jaya HE,unknown,train,uniform,14336,30720,512,,images/sa1bfff_014336_030720.jpg,context/sa1bfff_014336_030720.jpg
sa1bfff_f05,sa1bfff,89,5,R25-079_20_HE,unknown,2025-03-07_Jaya HE,unknown,train,uniform,57344,6656,512,,images/sa1bfff_057344_006656.jpg,context/sa1bfff_057344_006656.jpg
sa1bfff_f06,sa1bfff,89,6,R25-079_20_HE,unknown,2025-03-07_Jaya HE,unknown,train,uniform,32256,10240,512,,images/sa1bfff_032256_010240.jpg,context/sa1bfff_032256_010240.jpg
sa1bfff_f07,sa1bfff,89,7,R25-079_20_HE,unknown,2025-03-07_Jaya HE,unknown,train,uniform,34816,34816,512,,images/sa1bfff_034816_034816.jpg,context/sa1bfff_034816_034816.jpg
sa1bfff_f08,sa1bfff,89,8,R25-079_20_HE,unknown,2025-03-07_Jaya HE,unknown,train,uniform,12288,23552,512,,images/sa1bfff_012288_023552.jpg,context/sa1bfff_012288_023552.jpg
sa1bfff_f09,sa1bfff,89,9,R25-079_20_HE,unknown,2025-03-07_Jaya HE,unknown,train,uniform,25088,27136,512,,images/sa1bfff_025088_027136.jpg,context/sa1bfff_025088_027136.jpg
sa1bfff_f10,sa1bfff,89,10,R25-079_20_HE,unknown,2025-03-07_Jaya HE,unknown,train,uniform,45056,24576,512,,images/sa1bfff_045056_024576.jpg,context/sa1bfff_045056_024576.jpg
sa1bfff_f11,sa1bfff,89,11,R25-079_20_HE,unknown,2025-03-07_Jaya HE,unknown,train,uniform,53248,7168,512,,images/sa1bfff_053248_007168.jpg,context/sa1bfff_053248_007168.jpg
sa1bfff_f12,sa1bfff,89,12,R25-079_20_HE,unknown,2025-03-07_Jaya HE,unknown,train,uniform,25600,34816,512,,images/sa1bfff_025600_034816.jpg,context/sa1bfff_025600_034816.jpg
sa1bfff_f13,sa1bfff,89,13,R25-079_20_HE,unknown,2025-03-07_Jaya HE,unknown,train,uniform,55808,32768,512,,images/sa1bfff_055808_032768.jpg,context/sa1bfff_055808_032768.jpg
sa1bfff_f14,sa1bfff,89,14,R25-079_20_HE,unknown,2025-03-07_Jaya HE,unknown,train,uniform,48128,11264,512,,images/sa1bfff_048128_011264.jpg,context/sa1bfff_048128_011264.jpg
sa1bfff_f15,sa1bfff,89,15,R25-079_20_HE,unknown,2025-03-07_Jaya HE,unknown,train,uniform,45056,28672,512,,images/sa1bfff_045056_028672.jpg,context/sa1bfff_045056_028672.jpg
sa1bfff_f16,sa1bfff,89,16,R25-079_20_HE,unknown,2025-03-07_Jaya HE,unknown,train,uniform,55808,13312,512,,images/sa1bfff_055808_013312.jpg,context/sa1bfff_055808_013312.jpg
sa1bfff_f17,sa1bfff,89,17,R25-079_20_HE,unknown,2025-03-07_Jaya HE,unknown,train,repeat,25600,34816,512,,images/sa1bfff_025600_034816.jpg,context/sa1bfff_025600_034816.jpg
sa1bfff_f18,sa1bfff,89,18,R25-079_20_HE,unknown,2025-03-07_Jaya HE,unknown,train,repeat,55296,18432,512,,images/sa1bfff_055296_018432.jpg,context/sa1bfff_055296_018432.jpg
s6ff918_f01,s6ff918,90,1,R25-151-37_HE,unknown,2025-04-29HE,unknown,train,uniform,9728,15872,512,,images/s6ff918_009728_015872.jpg,context/s6ff918_009728_015872.jpg
s6ff918_f02,s6ff918,90,2,R25-151-37_HE,unknown,2025-04-29HE,unknown,train,uniform,19968,12800,512,,images/s6ff918_019968_012800.jpg,context/s6ff918_019968_012800.jpg
s6ff918_f03,s6ff918,90,3,R25-151-37_HE,unknown,2025-04-29HE,unknown,train,uniform,14848,18432,512,,images/s6ff918_014848_018432.jpg,context/s6ff918_014848_018432.jpg
s6ff918_f04,s6ff918,90,4,R25-151-37_HE,unknown,2025-04-29HE,unknown,train,uniform,3072,16896,512,,images/s6ff918_003072_016896.jpg,context/s6ff918_003072_016896.jpg
s6ff918_f05,s6ff918,90,5,R25-151-37_HE,unknown,2025-04-29HE,unknown,train,uniform,10752,10240,512,,images/s6ff918_010752_010240.jpg,context/s6ff918_010752_010240.jpg
s6ff918_f06,s6ff918,90,6,R25-151-37_HE,unknown,2025-04-29HE,unknown,train,uniform,20480,11776,512,,images/s6ff918_020480_011776.jpg,context/s6ff918_020480_011776.jpg
s6ff918_f07,s6ff918,90,7,R25-151-37_HE,unknown,2025-04-29HE,unknown,train,uniform,12288,15872,512,,images/s6ff918_012288_015872.jpg,context/s6ff918_012288_015872.jpg
s6ff918_f08,s6ff918,90,8,R25-151-37_HE,unknown,2025-04-29HE,unknown,train,uniform,16896,5632,512,,images/s6ff918_016896_005632.jpg,context/s6ff918_016896_005632.jpg
s6ff918_f09,s6ff918,90,9,R25-151-37_HE,unknown,2025-04-29HE,unknown,train,uniform,9728,3584,512,,images/s6ff918_009728_003584.jpg,context/s6ff918_009728_003584.jpg
s6ff918_f10,s6ff918,90,10,R25-151-37_HE,unknown,2025-04-29HE,unknown,train,uniform,14848,7168,512,,images/s6ff918_014848_007168.jpg,context/s6ff918_014848_007168.jpg
s6ff918_f11,s6ff918,90,11,R25-151-37_HE,unknown,2025-04-29HE,unknown,train,uniform,23040,15872,512,,images/s6ff918_023040_015872.jpg,context/s6ff918_023040_015872.jpg
s6ff918_f12,s6ff918,90,12,R25-151-37_HE,unknown,2025-04-29HE,unknown,train,uniform,25088,13312,512,,images/s6ff918_025088_013312.jpg,context/s6ff918_025088_013312.jpg
s6ff918_f13,s6ff918,90,13,R25-151-37_HE,unknown,2025-04-29HE,unknown,train,uniform,27136,12800,512,,images/s6ff918_027136_012800.jpg,context/s6ff918_027136_012800.jpg
s6ff918_f14,s6ff918,90,14,R25-151-37_HE,unknown,2025-04-29HE,unknown,train,uniform,16896,9216,512,,images/s6ff918_016896_009216.jpg,context/s6ff918_016896_009216.jpg
s6ff918_f15,s6ff918,90,15,R25-151-37_HE,unknown,2025-04-29HE,unknown,train,uniform,10752,5632,512,,images/s6ff918_010752_005632.jpg,context/s6ff918_010752_005632.jpg
s6ff918_f16,s6ff918,90,16,R25-151-37_HE,unknown,2025-04-29HE,unknown,train,uniform,16384,7168,512,,images/s6ff918_016384_007168.jpg,context/s6ff918_016384_007168.jpg
s6ff918_f17,s6ff918,90,17,R25-151-37_HE,unknown,2025-04-29HE,unknown,train,repeat,3072,16896,512,,images/s6ff918_003072_016896.jpg,context/s6ff918_003072_016896.jpg
s6ff918_f18,s6ff918,90,18,R25-151-37_HE,unknown,2025-04-29HE,unknown,train,repeat,16896,9216,512,,images/s6ff918_016896_009216.jpg,context/s6ff918_016896_009216.jpg
s3795c7_f01,s3795c7,91,1,R25-223-16_HE,unknown,2025-07-09_Evelyn_HE,unknown,test,uniform,7168,9728,512,,images/s3795c7_007168_009728.jpg,context/s3795c7_007168_009728.jpg
s3795c7_f02,s3795c7,91,2,R25-223-16_HE,unknown,2025-07-09_Evelyn_HE,unknown,test,uniform,20992,22528,512,,images/s3795c7_020992_022528.jpg,context/s3795c7_020992_022528.jpg
s3795c7_f03,s3795c7,91,3,R25-223-16_HE,unknown,2025-07-09_Evelyn_HE,unknown,test,uniform,12288,14336,512,,images/s3795c7_012288_014336.jpg,context/s3795c7_012288_014336.jpg
s3795c7_f04,s3795c7,91,4,R25-223-16_HE,unknown,2025-07-09_Evelyn_HE,unknown,test,uniform,8192,4608,512,,images/s3795c7_008192_004608.jpg,context/s3795c7_008192_004608.jpg
s3795c7_f05,s3795c7,91,5,R25-223-16_HE,unknown,2025-07-09_Evelyn_HE,unknown,test,uniform,17920,14336,512,,images/s3795c7_017920_014336.jpg,context/s3795c7_017920_014336.jpg
s3795c7_f06,s3795c7,91,6,R25-223-16_HE,unknown,2025-07-09_Evelyn_HE,unknown,test,uniform,7680,17920,512,,images/s3795c7_007680_017920.jpg,context/s3795c7_007680_017920.jpg
s3795c7_f07,s3795c7,91,7,R25-223-16_HE,unknown,2025-07-09_Evelyn_HE,unknown,test,uniform,36864,14336,512,,images/s3795c7_036864_014336.jpg,context/s3795c7_036864_014336.jpg
s3795c7_f08,s3795c7,91,8,R25-223-16_HE,unknown,2025-07-09_Evelyn_HE,unknown,test,uniform,32768,10240,512,,images/s3795c7_032768_010240.jpg,context/s3795c7_032768_010240.jpg
s3795c7_f09,s3795c7,91,9,R25-223-16_HE,unknown,2025-07-09_Evelyn_HE,unknown,test,uniform,13824,24576,512,,images/s3795c7_013824_024576.jpg,context/s3795c7_013824_024576.jpg
s3795c7_f10,s3795c7,91,10,R25-223-16_HE,unknown,2025-07-09_Evelyn_HE,unknown,test,uniform,12288,17920,512,,images/s3795c7_012288_017920.jpg,context/s3795c7_012288_017920.jpg
s3795c7_f11,s3795c7,91,11,R25-223-16_HE,unknown,2025-07-09_Evelyn_HE,unknown,test,uniform,10752,12288,512,,images/s3795c7_010752_012288.jpg,context/s3795c7_010752_012288.jpg
s3795c7_f12,s3795c7,91,12,R25-223-16_HE,unknown,2025-07-09_Evelyn_HE,unknown,test,uniform,5120,15360,512,,images/s3795c7_005120_015360.jpg,context/s3795c7_005120_015360.jpg
s3795c7_f13,s3795c7,91,13,R25-223-16_HE,unknown,2025-07-09_Evelyn_HE,unknown,test,uniform,12800,22528,512,,images/s3795c7_012800_022528.jpg,context/s3795c7_012800_022528.jpg
s3795c7_f14,s3795c7,91,14,R25-223-16_HE,unknown,2025-07-09_Evelyn_HE,unknown,test,uniform,8704,10752,512,,images/s3795c7_008704_010752.jpg,context/s3795c7_008704_010752.jpg
s3795c7_f15,s3795c7,91,15,R25-223-16_HE,unknown,2025-07-09_Evelyn_HE,unknown,test,uniform,32768,24064,512,,images/s3795c7_032768_024064.jpg,context/s3795c7_032768_024064.jpg
s3795c7_f16,s3795c7,91,16,R25-223-16_HE,unknown,2025-07-09_Evelyn_HE,unknown,test,uniform,14848,28160,512,,images/s3795c7_014848_028160.jpg,context/s3795c7_014848_028160.jpg
s3795c7_f17,s3795c7,91,17,R25-223-16_HE,unknown,2025-07-09_Evelyn_HE,unknown,test,repeat,17920,14336,512,,images/s3795c7_017920_014336.jpg,context/s3795c7_017920_014336.jpg
s3795c7_f18,s3795c7,91,18,R25-223-16_HE,unknown,2025-07-09_Evelyn_HE,unknown,test,repeat,32768,24064,512,,images/s3795c7_032768_024064.jpg,context/s3795c7_032768_024064.jpg
sc0e9a7_f01,sc0e9a7,92,1,R22--063-10_HE,unknown,2025-09-24HE,unknown,train,uniform,22016,16896,512,3.8944775157362095,images/sc0e9a7_022016_016896.jpg,context/sc0e9a7_022016_016896.jpg
sc0e9a7_f02,sc0e9a7,92,2,R22--063-10_HE,unknown,2025-09-24HE,unknown,train,uniform,15360,18432,512,5.661020391776898,images/sc0e9a7_015360_018432.jpg,context/sc0e9a7_015360_018432.jpg
sc0e9a7_f03,sc0e9a7,92,3,R22--063-10_HE,unknown,2025-09-24HE,unknown,train,uniform,24064,18432,512,,images/sc0e9a7_024064_018432.jpg,context/sc0e9a7_024064_018432.jpg
sc0e9a7_f04,sc0e9a7,92,4,R22--063-10_HE,unknown,2025-09-24HE,unknown,train,uniform,12288,16384,512,1.968571311268716,images/sc0e9a7_012288_016384.jpg,context/sc0e9a7_012288_016384.jpg
sc0e9a7_f05,sc0e9a7,92,5,R22--063-10_HE,unknown,2025-09-24HE,unknown,train,uniform,22016,18432,512,4.599023978914831,images/sc0e9a7_022016_018432.jpg,context/sc0e9a7_022016_018432.jpg
sc0e9a7_f06,sc0e9a7,92,6,R22--063-10_HE,unknown,2025-09-24HE,unknown,train,uniform,8192,18432,512,1.684392883483276,images/sc0e9a7_008192_018432.jpg,context/sc0e9a7_008192_018432.jpg
sc0e9a7_f07,sc0e9a7,92,7,R22--063-10_HE,unknown,2025-09-24HE,unknown,train,uniform,11776,18432,512,2.9136256853872697,images/sc0e9a7_011776_018432.jpg,context/sc0e9a7_011776_018432.jpg
sc0e9a7_f08,sc0e9a7,92,8,R22--063-10_HE,unknown,2025-09-24HE,unknown,train,uniform,31744,18432,512,1.6117480994310778,images/sc0e9a7_031744_018432.jpg,context/sc0e9a7_031744_018432.jpg
sc0e9a7_f09,sc0e9a7,92,9,R22--063-10_HE,unknown,2025-09-24HE,unknown,train,uniform,8192,17920,512,-2.2005677416055445,images/sc0e9a7_008192_017920.jpg,context/sc0e9a7_008192_017920.jpg
sc0e9a7_f10,sc0e9a7,92,10,R22--063-10_HE,unknown,2025-09-24HE,unknown,train,uniform,29696,17408,512,2.3148054649716356,images/sc0e9a7_029696_017408.jpg,context/sc0e9a7_029696_017408.jpg
sc0e9a7_f11,sc0e9a7,92,11,R22--063-10_HE,unknown,2025-09-24HE,unknown,train,uniform,34304,18432,512,3.1804116567235696,images/sc0e9a7_034304_018432.jpg,context/sc0e9a7_034304_018432.jpg
sc0e9a7_f12,sc0e9a7,92,12,R22--063-10_HE,unknown,2025-09-24HE,unknown,train,uniform,18944,17920,512,,images/sc0e9a7_018944_017920.jpg,context/sc0e9a7_018944_017920.jpg
sc0e9a7_f13,sc0e9a7,92,13,R22--063-10_HE,unknown,2025-09-24HE,unknown,train,uniform,5632,18432,512,-0.2360340212601507,images/sc0e9a7_005632_018432.jpg,context/sc0e9a7_005632_018432.jpg
sc0e9a7_f14,sc0e9a7,92,14,R22--063-10_HE,unknown,2025-09-24HE,unknown,train,uniform,12800,18432,512,0.6926433935790042,images/sc0e9a7_012800_018432.jpg,context/sc0e9a7_012800_018432.jpg
sc0e9a7_f15,sc0e9a7,92,15,R22--063-10_HE,unknown,2025-09-24HE,unknown,train,uniform,32768,16384,512,4.456812718270517,images/sc0e9a7_032768_016384.jpg,context/sc0e9a7_032768_016384.jpg
sc0e9a7_f16,sc0e9a7,92,16,R22--063-10_HE,unknown,2025-09-24HE,unknown,train,uniform,16384,18432,512,,images/sc0e9a7_016384_018432.jpg,context/sc0e9a7_016384_018432.jpg
sc0e9a7_f17,sc0e9a7,92,17,R22--063-10_HE,unknown,2025-09-24HE,unknown,train,repeat,34304,18432,512,3.1804116567235696,images/sc0e9a7_034304_018432.jpg,context/sc0e9a7_034304_018432.jpg
sc0e9a7_f18,sc0e9a7,92,18,R22--063-10_HE,unknown,2025-09-24HE,unknown,train,repeat,22016,18432,512,4.599023978914831,images/sc0e9a7_022016_018432.jpg,context/sc0e9a7_022016_018432.jpg
s7a541f_f01,s7a541f,93,1,R25-345-6,unknown,2025-11-14HE,unknown,test,uniform,10752,22016,512,,images/s7a541f_010752_022016.jpg,context/s7a541f_010752_022016.jpg
s7a541f_f02,s7a541f,93,2,R25-345-6,unknown,2025-11-14HE,unknown,test,uniform,9728,25088,512,,images/s7a541f_009728_025088.jpg,context/s7a541f_009728_025088.jpg
s7a541f_f03,s7a541f,93,3,R25-345-6,unknown,2025-11-14HE,unknown,test,uniform,10752,16896,512,,images/s7a541f_010752_016896.jpg,context/s7a541f_010752_016896.jpg
s7a541f_f04,s7a541f,93,4,R25-345-6,unknown,2025-11-14HE,unknown,test,uniform,3072,15360,512,,images/s7a541f_003072_015360.jpg,context/s7a541f_003072_015360.jpg
s7a541f_f05,s7a541f,93,5,R25-345-6,unknown,2025-11-14HE,unknown,test,uniform,20992,15872,512,,images/s7a541f_020992_015872.jpg,context/s7a541f_020992_015872.jpg
s7a541f_f06,s7a541f,93,6,R25-345-6,unknown,2025-11-14HE,unknown,test,uniform,17408,13312,512,,images/s7a541f_017408_013312.jpg,context/s7a541f_017408_013312.jpg
s7a541f_f07,s7a541f,93,7,R25-345-6,unknown,2025-11-14HE,unknown,test,uniform,14848,29184,512,,images/s7a541f_014848_029184.jpg,context/s7a541f_014848_029184.jpg
s7a541f_f08,s7a541f,93,8,R25-345-6,unknown,2025-11-14HE,unknown,test,uniform,23040,11776,512,,images/s7a541f_023040_011776.jpg,context/s7a541f_023040_011776.jpg
s7a541f_f09,s7a541f,93,9,R25-345-6,unknown,2025-11-14HE,unknown,test,uniform,14336,12800,512,,images/s7a541f_014336_012800.jpg,context/s7a541f_014336_012800.jpg
s7a541f_f10,s7a541f,93,10,R25-345-6,unknown,2025-11-14HE,unknown,test,uniform,14848,23040,512,,images/s7a541f_014848_023040.jpg,context/s7a541f_014848_023040.jpg
s7a541f_f11,s7a541f,93,11,R25-345-6,unknown,2025-11-14HE,unknown,test,uniform,6144,3584,512,,images/s7a541f_006144_003584.jpg,context/s7a541f_006144_003584.jpg
s7a541f_f12,s7a541f,93,12,R25-345-6,unknown,2025-11-14HE,unknown,test,uniform,23552,13824,512,,images/s7a541f_023552_013824.jpg,context/s7a541f_023552_013824.jpg
s7a541f_f13,s7a541f,93,13,R25-345-6,unknown,2025-11-14HE,unknown,test,uniform,9728,22528,512,,images/s7a541f_009728_022528.jpg,context/s7a541f_009728_022528.jpg
s7a541f_f14,s7a541f,93,14,R25-345-6,unknown,2025-11-14HE,unknown,test,uniform,22528,18944,512,,images/s7a541f_022528_018944.jpg,context/s7a541f_022528_018944.jpg
s7a541f_f15,s7a541f,93,15,R25-345-6,unknown,2025-11-14HE,unknown,test,uniform,14336,7680,512,,images/s7a541f_014336_007680.jpg,context/s7a541f_014336_007680.jpg
s7a541f_f16,s7a541f,93,16,R25-345-6,unknown,2025-11-14HE,unknown,test,uniform,22528,28672,512,,images/s7a541f_022528_028672.jpg,context/s7a541f_022528_028672.jpg
s7a541f_f17,s7a541f,93,17,R25-345-6,unknown,2025-11-14HE,unknown,test,repeat,3072,15360,512,,images/s7a541f_003072_015360.jpg,context/s7a541f_003072_015360.jpg
s7a541f_f18,s7a541f,93,18,R25-345-6,unknown,2025-11-14HE,unknown,test,repeat,9728,25088,512,,images/s7a541f_009728_025088.jpg,context/s7a541f_009728_025088.jpg
s4aa673_f01,s4aa673,94,1,R26-041-19,unknown,P273-2026-02-13_Christina HE,unknown,train,uniform,25088,27648,512,,images/s4aa673_025088_027648.jpg,context/s4aa673_025088_027648.jpg
s4aa673_f02,s4aa673,94,2,R26-041-19,unknown,P273-2026-02-13_Christina HE,unknown,train,uniform,22528,23040,512,,images/s4aa673_022528_023040.jpg,context/s4aa673_022528_023040.jpg
s4aa673_f03,s4aa673,94,3,R26-041-19,unknown,P273-2026-02-13_Christina HE,unknown,train,uniform,36352,22528,512,,images/s4aa673_036352_022528.jpg,context/s4aa673_036352_022528.jpg
s4aa673_f04,s4aa673,94,4,R26-041-19,unknown,P273-2026-02-13_Christina HE,unknown,train,uniform,29696,13824,512,,images/s4aa673_029696_013824.jpg,context/s4aa673_029696_013824.jpg
s4aa673_f05,s4aa673,94,5,R26-041-19,unknown,P273-2026-02-13_Christina HE,unknown,train,uniform,6144,6656,512,,images/s4aa673_006144_006656.jpg,context/s4aa673_006144_006656.jpg
s4aa673_f06,s4aa673,94,6,R26-041-19,unknown,P273-2026-02-13_Christina HE,unknown,train,uniform,19968,8192,512,,images/s4aa673_019968_008192.jpg,context/s4aa673_019968_008192.jpg
s4aa673_f07,s4aa673,94,7,R26-041-19,unknown,P273-2026-02-13_Christina HE,unknown,train,uniform,6144,19968,512,,images/s4aa673_006144_019968.jpg,context/s4aa673_006144_019968.jpg
s4aa673_f08,s4aa673,94,8,R26-041-19,unknown,P273-2026-02-13_Christina HE,unknown,train,uniform,3584,14336,512,,images/s4aa673_003584_014336.jpg,context/s4aa673_003584_014336.jpg
s4aa673_f09,s4aa673,94,9,R26-041-19,unknown,P273-2026-02-13_Christina HE,unknown,train,uniform,5120,19456,512,,images/s4aa673_005120_019456.jpg,context/s4aa673_005120_019456.jpg
s4aa673_f10,s4aa673,94,10,R26-041-19,unknown,P273-2026-02-13_Christina HE,unknown,train,uniform,27136,32768,512,,images/s4aa673_027136_032768.jpg,context/s4aa673_027136_032768.jpg
s4aa673_f11,s4aa673,94,11,R26-041-19,unknown,P273-2026-02-13_Christina HE,unknown,train,uniform,27648,30720,512,,images/s4aa673_027648_030720.jpg,context/s4aa673_027648_030720.jpg
s4aa673_f12,s4aa673,94,12,R26-041-19,unknown,P273-2026-02-13_Christina HE,unknown,train,uniform,21504,31744,512,,images/s4aa673_021504_031744.jpg,context/s4aa673_021504_031744.jpg
s4aa673_f13,s4aa673,94,13,R26-041-19,unknown,P273-2026-02-13_Christina HE,unknown,train,uniform,33280,23552,512,,images/s4aa673_033280_023552.jpg,context/s4aa673_033280_023552.jpg
s4aa673_f14,s4aa673,94,14,R26-041-19,unknown,P273-2026-02-13_Christina HE,unknown,train,uniform,19456,23040,512,,images/s4aa673_019456_023040.jpg,context/s4aa673_019456_023040.jpg
s4aa673_f15,s4aa673,94,15,R26-041-19,unknown,P273-2026-02-13_Christina HE,unknown,train,uniform,12288,24576,512,,images/s4aa673_012288_024576.jpg,context/s4aa673_012288_024576.jpg
s4aa673_f16,s4aa673,94,16,R26-041-19,unknown,P273-2026-02-13_Christina HE,unknown,train,uniform,27648,11264,512,,images/s4aa673_027648_011264.jpg,context/s4aa673_027648_011264.jpg
s4aa673_f17,s4aa673,94,17,R26-041-19,unknown,P273-2026-02-13_Christina HE,unknown,train,repeat,27648,11264,512,,images/s4aa673_027648_011264.jpg,context/s4aa673_027648_011264.jpg
s4aa673_f18,s4aa673,94,18,R26-041-19,unknown,P273-2026-02-13_Christina HE,unknown,train,repeat,19456,23040,512,,images/s4aa673_019456_023040.jpg,context/s4aa673_019456_023040.jpg
sbfe9ff_f01,sbfe9ff,95,1,R25-264-13,MASH,2025-08-25HE,unknown,train,uniform,19968,18944,512,1.309074722202206,images/sbfe9ff_019968_018944.jpg,context/sbfe9ff_019968_018944.jpg
sbfe9ff_f02,sbfe9ff,95,2,R25-264-13,MASH,2025-08-25HE,unknown,train,uniform,22528,23552,512,,images/sbfe9ff_022528_023552.jpg,context/sbfe9ff_022528_023552.jpg
sbfe9ff_f03,sbfe9ff,95,3,R25-264-13,MASH,2025-08-25HE,unknown,train,uniform,32768,18944,512,0.5197523941957147,images/sbfe9ff_032768_018944.jpg,context/sbfe9ff_032768_018944.jpg
sbfe9ff_f04,sbfe9ff,95,4,R25-264-13,MASH,2025-08-25HE,unknown,train,uniform,3584,23552,512,2.0615615433447387,images/sbfe9ff_003584_023552.jpg,context/sbfe9ff_003584_023552.jpg
sbfe9ff_f05,sbfe9ff,95,5,R25-264-13,MASH,2025-08-25HE,unknown,train,uniform,11264,19456,512,-1.85462324434322,images/sbfe9ff_011264_019456.jpg,context/sbfe9ff_011264_019456.jpg
sbfe9ff_f06,sbfe9ff,95,6,R25-264-13,MASH,2025-08-25HE,unknown,train,uniform,9728,19456,512,,images/sbfe9ff_009728_019456.jpg,context/sbfe9ff_009728_019456.jpg
sbfe9ff_f07,sbfe9ff,95,7,R25-264-13,MASH,2025-08-25HE,unknown,train,uniform,31744,11264,512,-1.563903572651008,images/sbfe9ff_031744_011264.jpg,context/sbfe9ff_031744_011264.jpg
sbfe9ff_f08,sbfe9ff,95,8,R25-264-13,MASH,2025-08-25HE,unknown,train,uniform,29696,23040,512,3.2779701161896795,images/sbfe9ff_029696_023040.jpg,context/sbfe9ff_029696_023040.jpg
sbfe9ff_f09,sbfe9ff,95,9,R25-264-13,MASH,2025-08-25HE,unknown,train,uniform,47616,18432,512,2.700950908330592,images/sbfe9ff_047616_018432.jpg,context/sbfe9ff_047616_018432.jpg
sbfe9ff_f10,sbfe9ff,95,10,R25-264-13,MASH,2025-08-25HE,unknown,train,uniform,22016,23040,512,4.021497632162939,images/sbfe9ff_022016_023040.jpg,context/sbfe9ff_022016_023040.jpg
sbfe9ff_f11,sbfe9ff,95,11,R25-264-13,MASH,2025-08-25HE,unknown,train,uniform,41472,18432,512,1.4872040731266567,images/sbfe9ff_041472_018432.jpg,context/sbfe9ff_041472_018432.jpg
sbfe9ff_f12,sbfe9ff,95,12,R25-264-13,MASH,2025-08-25HE,unknown,train,uniform,35840,18432,512,3.103102516724736,images/sbfe9ff_035840_018432.jpg,context/sbfe9ff_035840_018432.jpg
sbfe9ff_f13,sbfe9ff,95,13,R25-264-13,MASH,2025-08-25HE,unknown,train,uniform,47616,11264,512,0.1683386312058628,images/sbfe9ff_047616_011264.jpg,context/sbfe9ff_047616_011264.jpg
sbfe9ff_f14,sbfe9ff,95,14,R25-264-13,MASH,2025-08-25HE,unknown,train,uniform,6656,11776,512,2.573595877294455,images/sbfe9ff_006656_011776.jpg,context/sbfe9ff_006656_011776.jpg
sbfe9ff_f15,sbfe9ff,95,15,R25-264-13,MASH,2025-08-25HE,unknown,train,uniform,7680,23552,512,2.648387298585049,images/sbfe9ff_007680_023552.jpg,context/sbfe9ff_007680_023552.jpg
sbfe9ff_f16,sbfe9ff,95,16,R25-264-13,MASH,2025-08-25HE,unknown,train,uniform,43008,18432,512,,images/sbfe9ff_043008_018432.jpg,context/sbfe9ff_043008_018432.jpg
sbfe9ff_f17,sbfe9ff,95,17,R25-264-13,MASH,2025-08-25HE,unknown,train,repeat,41472,18432,512,1.4872040731266567,images/sbfe9ff_041472_018432.jpg,context/sbfe9ff_041472_018432.jpg
sbfe9ff_f18,sbfe9ff,95,18,R25-264-13,MASH,2025-08-25HE,unknown,train,repeat,31744,11264,512,-1.563903572651008,images/sbfe9ff_031744_011264.jpg,context/sbfe9ff_031744_011264.jpg
s344303_f01,s344303,96,1,R26-122-4_HE_73,CCl4,2026-04-20_CCl4_HE,unknown,test,uniform,13312,14848,512,,images/s344303_013312_014848.jpg,context/s344303_013312_014848.jpg
s344303_f02,s344303,96,2,R26-122-4_HE_73,CCl4,2026-04-20_CCl4_HE,unknown,test,uniform,14336,3584,512,,images/s344303_014336_003584.jpg,context/s344303_014336_003584.jpg
s344303_f03,s344303,96,3,R26-122-4_HE_73,CCl4,2026-04-20_CCl4_HE,unknown,test,uniform,15360,24064,512,,images/s344303_015360_024064.jpg,context/s344303_015360_024064.jpg
s344303_f04,s344303,96,4,R26-122-4_HE_73,CCl4,2026-04-20_CCl4_HE,unknown,test,uniform,14336,21504,512,,images/s344303_014336_021504.jpg,context/s344303_014336_021504.jpg
s344303_f05,s344303,96,5,R26-122-4_HE_73,CCl4,2026-04-20_CCl4_HE,unknown,test,uniform,8704,3072,512,,images/s344303_008704_003072.jpg,context/s344303_008704_003072.jpg
s344303_f06,s344303,96,6,R26-122-4_HE_73,CCl4,2026-04-20_CCl4_HE,unknown,test,uniform,6656,3584,512,,images/s344303_006656_003584.jpg,context/s344303_006656_003584.jpg
s344303_f07,s344303,96,7,R26-122-4_HE_73,CCl4,2026-04-20_CCl4_HE,unknown,test,uniform,17408,10752,512,,images/s344303_017408_010752.jpg,context/s344303_017408_010752.jpg
s344303_f08,s344303,96,8,R26-122-4_HE_73,CCl4,2026-04-20_CCl4_HE,unknown,test,uniform,3072,8192,512,,images/s344303_003072_008192.jpg,context/s344303_003072_008192.jpg
s344303_f09,s344303,96,9,R26-122-4_HE_73,CCl4,2026-04-20_CCl4_HE,unknown,test,uniform,14336,24576,512,,images/s344303_014336_024576.jpg,context/s344303_014336_024576.jpg
s344303_f10,s344303,96,10,R26-122-4_HE_73,CCl4,2026-04-20_CCl4_HE,unknown,test,uniform,20992,15872,512,,images/s344303_020992_015872.jpg,context/s344303_020992_015872.jpg
s344303_f11,s344303,96,11,R26-122-4_HE_73,CCl4,2026-04-20_CCl4_HE,unknown,test,uniform,9728,11264,512,,images/s344303_009728_011264.jpg,context/s344303_009728_011264.jpg
s344303_f12,s344303,96,12,R26-122-4_HE_73,CCl4,2026-04-20_CCl4_HE,unknown,test,uniform,3584,6656,512,,images/s344303_003584_006656.jpg,context/s344303_003584_006656.jpg
s344303_f13,s344303,96,13,R26-122-4_HE_73,CCl4,2026-04-20_CCl4_HE,unknown,test,uniform,15872,4096,512,,images/s344303_015872_004096.jpg,context/s344303_015872_004096.jpg
s344303_f14,s344303,96,14,R26-122-4_HE_73,CCl4,2026-04-20_CCl4_HE,unknown,test,uniform,4608,10752,512,,images/s344303_004608_010752.jpg,context/s344303_004608_010752.jpg
s344303_f15,s344303,96,15,R26-122-4_HE_73,CCl4,2026-04-20_CCl4_HE,unknown,test,uniform,3072,12288,512,,images/s344303_003072_012288.jpg,context/s344303_003072_012288.jpg
s344303_f16,s344303,96,16,R26-122-4_HE_73,CCl4,2026-04-20_CCl4_HE,unknown,test,uniform,10752,13312,512,,images/s344303_010752_013312.jpg,context/s344303_010752_013312.jpg
s344303_f17,s344303,96,17,R26-122-4_HE_73,CCl4,2026-04-20_CCl4_HE,unknown,test,repeat,15872,4096,512,,images/s344303_015872_004096.jpg,context/s344303_015872_004096.jpg
s344303_f18,s344303,96,18,R26-122-4_HE_73,CCl4,2026-04-20_CCl4_HE,unknown,test,repeat,14336,3584,512,,images/s344303_014336_003584.jpg,context/s344303_014336_003584.jpg
sb5dcf1_f01,sb5dcf1,97,1,R25-079_23_HE,unknown,2025-03-07_Jaya HE,unknown,train,uniform,51712,28160,512,,images/sb5dcf1_051712_028160.jpg,context/sb5dcf1_051712_028160.jpg
sb5dcf1_f02,sb5dcf1,97,2,R25-079_23_HE,unknown,2025-03-07_Jaya HE,unknown,train,uniform,30720,32768,512,,images/sb5dcf1_030720_032768.jpg,context/sb5dcf1_030720_032768.jpg
sb5dcf1_f03,sb5dcf1,97,3,R25-079_23_HE,unknown,2025-03-07_Jaya HE,unknown,train,uniform,26624,9728,512,,images/sb5dcf1_026624_009728.jpg,context/sb5dcf1_026624_009728.jpg
sb5dcf1_f04,sb5dcf1,97,4,R25-079_23_HE,unknown,2025-03-07_Jaya HE,unknown,train,uniform,34816,27136,512,,images/sb5dcf1_034816_027136.jpg,context/sb5dcf1_034816_027136.jpg
sb5dcf1_f05,sb5dcf1,97,5,R25-079_23_HE,unknown,2025-03-07_Jaya HE,unknown,train,uniform,37888,17408,512,,images/sb5dcf1_037888_017408.jpg,context/sb5dcf1_037888_017408.jpg
sb5dcf1_f06,sb5dcf1,97,6,R25-079_23_HE,unknown,2025-03-07_Jaya HE,unknown,train,uniform,37888,1536,512,,images/sb5dcf1_037888_001536.jpg,context/sb5dcf1_037888_001536.jpg
sb5dcf1_f07,sb5dcf1,97,7,R25-079_23_HE,unknown,2025-03-07_Jaya HE,unknown,train,uniform,33792,37376,512,,images/sb5dcf1_033792_037376.jpg,context/sb5dcf1_033792_037376.jpg
sb5dcf1_f08,sb5dcf1,97,8,R25-079_23_HE,unknown,2025-03-07_Jaya HE,unknown,train,uniform,52224,28672,512,,images/sb5dcf1_052224_028672.jpg,context/sb5dcf1_052224_028672.jpg
sb5dcf1_f09,sb5dcf1,97,9,R25-079_23_HE,unknown,2025-03-07_Jaya HE,unknown,train,uniform,20480,22528,512,,images/sb5dcf1_020480_022528.jpg,context/sb5dcf1_020480_022528.jpg
sb5dcf1_f10,sb5dcf1,97,10,R25-079_23_HE,unknown,2025-03-07_Jaya HE,unknown,train,uniform,32256,7680,512,,images/sb5dcf1_032256_007680.jpg,context/sb5dcf1_032256_007680.jpg
sb5dcf1_f11,sb5dcf1,97,11,R25-079_23_HE,unknown,2025-03-07_Jaya HE,unknown,train,uniform,43520,36352,512,,images/sb5dcf1_043520_036352.jpg,context/sb5dcf1_043520_036352.jpg
sb5dcf1_f12,sb5dcf1,97,12,R25-079_23_HE,unknown,2025-03-07_Jaya HE,unknown,train,uniform,13824,5120,512,,images/sb5dcf1_013824_005120.jpg,context/sb5dcf1_013824_005120.jpg
sb5dcf1_f13,sb5dcf1,97,13,R25-079_23_HE,unknown,2025-03-07_Jaya HE,unknown,train,uniform,11264,20992,512,,images/sb5dcf1_011264_020992.jpg,context/sb5dcf1_011264_020992.jpg
sb5dcf1_f14,sb5dcf1,97,14,R25-079_23_HE,unknown,2025-03-07_Jaya HE,unknown,train,uniform,23552,21504,512,,images/sb5dcf1_023552_021504.jpg,context/sb5dcf1_023552_021504.jpg
sb5dcf1_f15,sb5dcf1,97,15,R25-079_23_HE,unknown,2025-03-07_Jaya HE,unknown,train,uniform,30208,29696,512,,images/sb5dcf1_030208_029696.jpg,context/sb5dcf1_030208_029696.jpg
sb5dcf1_f16,sb5dcf1,97,16,R25-079_23_HE,unknown,2025-03-07_Jaya HE,unknown,train,uniform,11264,10752,512,,images/sb5dcf1_011264_010752.jpg,context/sb5dcf1_011264_010752.jpg
sb5dcf1_f17,sb5dcf1,97,17,R25-079_23_HE,unknown,2025-03-07_Jaya HE,unknown,train,repeat,37888,1536,512,,images/sb5dcf1_037888_001536.jpg,context/sb5dcf1_037888_001536.jpg
sb5dcf1_f18,sb5dcf1,97,18,R25-079_23_HE,unknown,2025-03-07_Jaya HE,unknown,train,repeat,26624,9728,512,,images/sb5dcf1_026624_009728.jpg,context/sb5dcf1_026624_009728.jpg
s20f774_f01,s20f774,98,1,R25-151-41_HE,unknown,2025-04-29HE,unknown,test,uniform,15872,6144,512,,images/s20f774_015872_006144.jpg,context/s20f774_015872_006144.jpg
s20f774_f02,s20f774,98,2,R25-151-41_HE,unknown,2025-04-29HE,unknown,test,uniform,19968,21504,512,,images/s20f774_019968_021504.jpg,context/s20f774_019968_021504.jpg
s20f774_f03,s20f774,98,3,R25-151-41_HE,unknown,2025-04-29HE,unknown,test,uniform,23040,20992,512,,images/s20f774_023040_020992.jpg,context/s20f774_023040_020992.jpg
s20f774_f04,s20f774,98,4,R25-151-41_HE,unknown,2025-04-29HE,unknown,test,uniform,15360,14336,512,,images/s20f774_015360_014336.jpg,context/s20f774_015360_014336.jpg
s20f774_f05,s20f774,98,5,R25-151-41_HE,unknown,2025-04-29HE,unknown,test,uniform,23040,5632,512,,images/s20f774_023040_005632.jpg,context/s20f774_023040_005632.jpg
s20f774_f06,s20f774,98,6,R25-151-41_HE,unknown,2025-04-29HE,unknown,test,uniform,12288,7168,512,,images/s20f774_012288_007168.jpg,context/s20f774_012288_007168.jpg
s20f774_f07,s20f774,98,7,R25-151-41_HE,unknown,2025-04-29HE,unknown,test,uniform,17920,8192,512,,images/s20f774_017920_008192.jpg,context/s20f774_017920_008192.jpg
s20f774_f08,s20f774,98,8,R25-151-41_HE,unknown,2025-04-29HE,unknown,test,uniform,9728,20480,512,,images/s20f774_009728_020480.jpg,context/s20f774_009728_020480.jpg
s20f774_f09,s20f774,98,9,R25-151-41_HE,unknown,2025-04-29HE,unknown,test,uniform,12800,22528,512,,images/s20f774_012800_022528.jpg,context/s20f774_012800_022528.jpg
s20f774_f10,s20f774,98,10,R25-151-41_HE,unknown,2025-04-29HE,unknown,test,uniform,12288,17408,512,,images/s20f774_012288_017408.jpg,context/s20f774_012288_017408.jpg
s20f774_f11,s20f774,98,11,R25-151-41_HE,unknown,2025-04-29HE,unknown,test,uniform,6144,7680,512,,images/s20f774_006144_007680.jpg,context/s20f774_006144_007680.jpg
s20f774_f12,s20f774,98,12,R25-151-41_HE,unknown,2025-04-29HE,unknown,test,uniform,22528,15872,512,,images/s20f774_022528_015872.jpg,context/s20f774_022528_015872.jpg
s20f774_f13,s20f774,98,13,R25-151-41_HE,unknown,2025-04-29HE,unknown,test,uniform,15872,18432,512,,images/s20f774_015872_018432.jpg,context/s20f774_015872_018432.jpg
s20f774_f14,s20f774,98,14,R25-151-41_HE,unknown,2025-04-29HE,unknown,test,uniform,15872,23552,512,,images/s20f774_015872_023552.jpg,context/s20f774_015872_023552.jpg
s20f774_f15,s20f774,98,15,R25-151-41_HE,unknown,2025-04-29HE,unknown,test,uniform,18432,13824,512,,images/s20f774_018432_013824.jpg,context/s20f774_018432_013824.jpg
s20f774_f16,s20f774,98,16,R25-151-41_HE,unknown,2025-04-29HE,unknown,test,uniform,26624,9728,512,,images/s20f774_026624_009728.jpg,context/s20f774_026624_009728.jpg
s20f774_f17,s20f774,98,17,R25-151-41_HE,unknown,2025-04-29HE,unknown,test,repeat,15360,14336,512,,images/s20f774_015360_014336.jpg,context/s20f774_015360_014336.jpg
s20f774_f18,s20f774,98,18,R25-151-41_HE,unknown,2025-04-29HE,unknown,test,repeat,17920,8192,512,,images/s20f774_017920_008192.jpg,context/s20f774_017920_008192.jpg
s6604f0_f01,s6604f0,99,1,R25-223-13_HE,unknown,2025-07-09_Evelyn_HE,unknown,train,uniform,40448,23040,512,,images/s6604f0_040448_023040.jpg,context/s6604f0_040448_023040.jpg
s6604f0_f02,s6604f0,99,2,R25-223-13_HE,unknown,2025-07-09_Evelyn_HE,unknown,train,uniform,37376,15360,512,,images/s6604f0_037376_015360.jpg,context/s6604f0_037376_015360.jpg
s6604f0_f03,s6604f0,99,3,R25-223-13_HE,unknown,2025-07-09_Evelyn_HE,unknown,train,uniform,37376,25088,512,,images/s6604f0_037376_025088.jpg,context/s6604f0_037376_025088.jpg
s6604f0_f04,s6604f0,99,4,R25-223-13_HE,unknown,2025-07-09_Evelyn_HE,unknown,train,uniform,23040,15872,512,,images/s6604f0_023040_015872.jpg,context/s6604f0_023040_015872.jpg
s6604f0_f05,s6604f0,99,5,R25-223-13_HE,unknown,2025-07-09_Evelyn_HE,unknown,train,uniform,25088,14336,512,,images/s6604f0_025088_014336.jpg,context/s6604f0_025088_014336.jpg
s6604f0_f06,s6604f0,99,6,R25-223-13_HE,unknown,2025-07-09_Evelyn_HE,unknown,train,uniform,37376,12800,512,,images/s6604f0_037376_012800.jpg,context/s6604f0_037376_012800.jpg
s6604f0_f07,s6604f0,99,7,R25-223-13_HE,unknown,2025-07-09_Evelyn_HE,unknown,train,uniform,24064,9216,512,,images/s6604f0_024064_009216.jpg,context/s6604f0_024064_009216.jpg
s6604f0_f08,s6604f0,99,8,R25-223-13_HE,unknown,2025-07-09_Evelyn_HE,unknown,train,uniform,36864,11776,512,,images/s6604f0_036864_011776.jpg,context/s6604f0_036864_011776.jpg
s6604f0_f09,s6604f0,99,9,R25-223-13_HE,unknown,2025-07-09_Evelyn_HE,unknown,train,uniform,31744,12800,512,,images/s6604f0_031744_012800.jpg,context/s6604f0_031744_012800.jpg
s6604f0_f10,s6604f0,99,10,R25-223-13_HE,unknown,2025-07-09_Evelyn_HE,unknown,train,uniform,25600,25088,512,,images/s6604f0_025600_025088.jpg,context/s6604f0_025600_025088.jpg
s6604f0_f11,s6604f0,99,11,R25-223-13_HE,unknown,2025-07-09_Evelyn_HE,unknown,train,uniform,32768,26624,512,,images/s6604f0_032768_026624.jpg,context/s6604f0_032768_026624.jpg
s6604f0_f12,s6604f0,99,12,R25-223-13_HE,unknown,2025-07-09_Evelyn_HE,unknown,train,uniform,3584,20480,512,,images/s6604f0_003584_020480.jpg,context/s6604f0_003584_020480.jpg
s6604f0_f13,s6604f0,99,13,R25-223-13_HE,unknown,2025-07-09_Evelyn_HE,unknown,train,uniform,8192,8704,512,,images/s6604f0_008192_008704.jpg,context/s6604f0_008192_008704.jpg
s6604f0_f14,s6604f0,99,14,R25-223-13_HE,unknown,2025-07-09_Evelyn_HE,unknown,train,uniform,12288,2560,512,,images/s6604f0_012288_002560.jpg,context/s6604f0_012288_002560.jpg
s6604f0_f15,s6604f0,99,15,R25-223-13_HE,unknown,2025-07-09_Evelyn_HE,unknown,train,uniform,8704,10752,512,,images/s6604f0_008704_010752.jpg,context/s6604f0_008704_010752.jpg
s6604f0_f16,s6604f0,99,16,R25-223-13_HE,unknown,2025-07-09_Evelyn_HE,unknown,train,uniform,26112,19968,512,,images/s6604f0_026112_019968.jpg,context/s6604f0_026112_019968.jpg
s6604f0_f17,s6604f0,99,17,R25-223-13_HE,unknown,2025-07-09_Evelyn_HE,unknown,train,repeat,23040,15872,512,,images/s6604f0_023040_015872.jpg,context/s6604f0_023040_015872.jpg
s6604f0_f18,s6604f0,99,18,R25-223-13_HE,unknown,2025-07-09_Evelyn_HE,unknown,train,repeat,24064,9216,512,,images/s6604f0_024064_009216.jpg,context/s6604f0_024064_009216.jpg
s7b2b6c_f01,s7b2b6c,100,1,R22--063-21_HE,unknown,2025-09-24HE,unknown,train,uniform,20480,24064,512,,images/s7b2b6c_020480_024064.jpg,context/s7b2b6c_020480_024064.jpg
s7b2b6c_f02,s7b2b6c,100,2,R22--063-21_HE,unknown,2025-09-24HE,unknown,train,uniform,18944,15360,512,,images/s7b2b6c_018944_015360.jpg,context/s7b2b6c_018944_015360.jpg
s7b2b6c_f03,s7b2b6c,100,3,R22--063-21_HE,unknown,2025-09-24HE,unknown,train,uniform,20992,4096,512,,images/s7b2b6c_020992_004096.jpg,context/s7b2b6c_020992_004096.jpg
s7b2b6c_f04,s7b2b6c,100,4,R22--063-21_HE,unknown,2025-09-24HE,unknown,train,uniform,14848,23040,512,,images/s7b2b6c_014848_023040.jpg,context/s7b2b6c_014848_023040.jpg
s7b2b6c_f05,s7b2b6c,100,5,R22--063-21_HE,unknown,2025-09-24HE,unknown,train,uniform,5632,17920,512,,images/s7b2b6c_005632_017920.jpg,context/s7b2b6c_005632_017920.jpg
s7b2b6c_f06,s7b2b6c,100,6,R22--063-21_HE,unknown,2025-09-24HE,unknown,train,uniform,20992,8704,512,,images/s7b2b6c_020992_008704.jpg,context/s7b2b6c_020992_008704.jpg
s7b2b6c_f07,s7b2b6c,100,7,R22--063-21_HE,unknown,2025-09-24HE,unknown,train,uniform,15872,25600,512,,images/s7b2b6c_015872_025600.jpg,context/s7b2b6c_015872_025600.jpg
s7b2b6c_f08,s7b2b6c,100,8,R22--063-21_HE,unknown,2025-09-24HE,unknown,train,uniform,23040,5120,512,,images/s7b2b6c_023040_005120.jpg,context/s7b2b6c_023040_005120.jpg
s7b2b6c_f09,s7b2b6c,100,9,R22--063-21_HE,unknown,2025-09-24HE,unknown,train,uniform,20480,25088,512,,images/s7b2b6c_020480_025088.jpg,context/s7b2b6c_020480_025088.jpg
s7b2b6c_f10,s7b2b6c,100,10,R22--063-21_HE,unknown,2025-09-24HE,unknown,train,uniform,13312,8192,512,,images/s7b2b6c_013312_008192.jpg,context/s7b2b6c_013312_008192.jpg
s7b2b6c_f11,s7b2b6c,100,11,R22--063-21_HE,unknown,2025-09-24HE,unknown,train,uniform,26624,6144,512,,images/s7b2b6c_026624_006144.jpg,context/s7b2b6c_026624_006144.jpg
s7b2b6c_f12,s7b2b6c,100,12,R22--063-21_HE,unknown,2025-09-24HE,unknown,train,uniform,23552,2560,512,,images/s7b2b6c_023552_002560.jpg,context/s7b2b6c_023552_002560.jpg
s7b2b6c_f13,s7b2b6c,100,13,R22--063-21_HE,unknown,2025-09-24HE,unknown,train,uniform,5632,18432,512,,images/s7b2b6c_005632_018432.jpg,context/s7b2b6c_005632_018432.jpg
s7b2b6c_f14,s7b2b6c,100,14,R22--063-21_HE,unknown,2025-09-24HE,unknown,train,uniform,18944,6656,512,,images/s7b2b6c_018944_006656.jpg,context/s7b2b6c_018944_006656.jpg
s7b2b6c_f15,s7b2b6c,100,15,R22--063-21_HE,unknown,2025-09-24HE,unknown,train,uniform,16384,15360,512,,images/s7b2b6c_016384_015360.jpg,context/s7b2b6c_016384_015360.jpg
s7b2b6c_f16,s7b2b6c,100,16,R22--063-21_HE,unknown,2025-09-24HE,unknown,train,uniform,12800,17408,512,,images/s7b2b6c_012800_017408.jpg,context/s7b2b6c_012800_017408.jpg
s7b2b6c_f17,s7b2b6c,100,17,R22--063-21_HE,unknown,2025-09-24HE,unknown,train,repeat,20480,25088,512,,images/s7b2b6c_020480_025088.jpg,context/s7b2b6c_020480_025088.jpg
s7b2b6c_f18,s7b2b6c,100,18,R22--063-21_HE,unknown,2025-09-24HE,unknown,train,repeat,13312,8192,512,,images/s7b2b6c_013312_008192.jpg,context/s7b2b6c_013312_008192.jpg
sa14a5b_f01,sa14a5b,101,1,R25-345-15,unknown,2025-11-14HE,unknown,train,uniform,31744,21504,512,,images/sa14a5b_031744_021504.jpg,context/sa14a5b_031744_021504.jpg
sa14a5b_f02,sa14a5b,101,2,R25-345-15,unknown,2025-11-14HE,unknown,train,uniform,28160,22016,512,,images/sa14a5b_028160_022016.jpg,context/sa14a5b_028160_022016.jpg
sa14a5b_f03,sa14a5b,101,3,R25-345-15,unknown,2025-11-14HE,unknown,train,uniform,7680,18944,512,,images/sa14a5b_007680_018944.jpg,context/sa14a5b_007680_018944.jpg
sa14a5b_f04,sa14a5b,101,4,R25-345-15,unknown,2025-11-14HE,unknown,train,uniform,32768,11776,512,,images/sa14a5b_032768_011776.jpg,context/sa14a5b_032768_011776.jpg
sa14a5b_f05,sa14a5b,101,5,R25-345-15,unknown,2025-11-14HE,unknown,train,uniform,4096,17408,512,,images/sa14a5b_004096_017408.jpg,context/sa14a5b_004096_017408.jpg
sa14a5b_f06,sa14a5b,101,6,R25-345-15,unknown,2025-11-14HE,unknown,train,uniform,17920,14336,512,,images/sa14a5b_017920_014336.jpg,context/sa14a5b_017920_014336.jpg
sa14a5b_f07,sa14a5b,101,7,R25-345-15,unknown,2025-11-14HE,unknown,train,uniform,36864,13824,512,,images/sa14a5b_036864_013824.jpg,context/sa14a5b_036864_013824.jpg
sa14a5b_f08,sa14a5b,101,8,R25-345-15,unknown,2025-11-14HE,unknown,train,uniform,7680,20480,512,,images/sa14a5b_007680_020480.jpg,context/sa14a5b_007680_020480.jpg
sa14a5b_f09,sa14a5b,101,9,R25-345-15,unknown,2025-11-14HE,unknown,train,uniform,29184,5632,512,,images/sa14a5b_029184_005632.jpg,context/sa14a5b_029184_005632.jpg
sa14a5b_f10,sa14a5b,101,10,R25-345-15,unknown,2025-11-14HE,unknown,train,uniform,29184,15872,512,,images/sa14a5b_029184_015872.jpg,context/sa14a5b_029184_015872.jpg
sa14a5b_f11,sa14a5b,101,11,R25-345-15,unknown,2025-11-14HE,unknown,train,uniform,23040,6656,512,,images/sa14a5b_023040_006656.jpg,context/sa14a5b_023040_006656.jpg
sa14a5b_f12,sa14a5b,101,12,R25-345-15,unknown,2025-11-14HE,unknown,train,uniform,30720,25600,512,,images/sa14a5b_030720_025600.jpg,context/sa14a5b_030720_025600.jpg
sa14a5b_f13,sa14a5b,101,13,R25-345-15,unknown,2025-11-14HE,unknown,train,uniform,15872,14336,512,,images/sa14a5b_015872_014336.jpg,context/sa14a5b_015872_014336.jpg
sa14a5b_f14,sa14a5b,101,14,R25-345-15,unknown,2025-11-14HE,unknown,train,uniform,33280,3072,512,,images/sa14a5b_033280_003072.jpg,context/sa14a5b_033280_003072.jpg
sa14a5b_f15,sa14a5b,101,15,R25-345-15,unknown,2025-11-14HE,unknown,train,uniform,23552,11264,512,,images/sa14a5b_023552_011264.jpg,context/sa14a5b_023552_011264.jpg
sa14a5b_f16,sa14a5b,101,16,R25-345-15,unknown,2025-11-14HE,unknown,train,uniform,26624,30208,512,,images/sa14a5b_026624_030208.jpg,context/sa14a5b_026624_030208.jpg
sa14a5b_f17,sa14a5b,101,17,R25-345-15,unknown,2025-11-14HE,unknown,train,repeat,7680,18944,512,,images/sa14a5b_007680_018944.jpg,context/sa14a5b_007680_018944.jpg
sa14a5b_f18,sa14a5b,101,18,R25-345-15,unknown,2025-11-14HE,unknown,train,repeat,33280,3072,512,,images/sa14a5b_033280_003072.jpg,context/sa14a5b_033280_003072.jpg
s9eb575_f01,s9eb575,102,1,R26-041-8,unknown,P273-2026-02-13_Christina HE,unknown,test,uniform,13312,16384,512,,images/s9eb575_013312_016384.jpg,context/s9eb575_013312_016384.jpg
s9eb575_f02,s9eb575,102,2,R26-041-8,unknown,P273-2026-02-13_Christina HE,unknown,test,uniform,37376,11264,512,,images/s9eb575_037376_011264.jpg,context/s9eb575_037376_011264.jpg
s9eb575_f03,s9eb575,102,3,R26-041-8,unknown,P273-2026-02-13_Christina HE,unknown,test,uniform,43008,19456,512,,images/s9eb575_043008_019456.jpg,context/s9eb575_043008_019456.jpg
s9eb575_f04,s9eb575,102,4,R26-041-8,unknown,P273-2026-02-13_Christina HE,unknown,test,uniform,27648,32256,512,,images/s9eb575_027648_032256.jpg,context/s9eb575_027648_032256.jpg
s9eb575_f05,s9eb575,102,5,R26-041-8,unknown,P273-2026-02-13_Christina HE,unknown,test,uniform,18944,5632,512,,images/s9eb575_018944_005632.jpg,context/s9eb575_018944_005632.jpg
s9eb575_f06,s9eb575,102,6,R26-041-8,unknown,P273-2026-02-13_Christina HE,unknown,test,uniform,14336,15872,512,,images/s9eb575_014336_015872.jpg,context/s9eb575_014336_015872.jpg
s9eb575_f07,s9eb575,102,7,R26-041-8,unknown,P273-2026-02-13_Christina HE,unknown,test,uniform,25600,33280,512,,images/s9eb575_025600_033280.jpg,context/s9eb575_025600_033280.jpg
s9eb575_f08,s9eb575,102,8,R26-041-8,unknown,P273-2026-02-13_Christina HE,unknown,test,uniform,24576,9216,512,,images/s9eb575_024576_009216.jpg,context/s9eb575_024576_009216.jpg
s9eb575_f09,s9eb575,102,9,R26-041-8,unknown,P273-2026-02-13_Christina HE,unknown,test,uniform,19968,17920,512,,images/s9eb575_019968_017920.jpg,context/s9eb575_019968_017920.jpg
s9eb575_f10,s9eb575,102,10,R26-041-8,unknown,P273-2026-02-13_Christina HE,unknown,test,uniform,3072,14848,512,,images/s9eb575_003072_014848.jpg,context/s9eb575_003072_014848.jpg
s9eb575_f11,s9eb575,102,11,R26-041-8,unknown,P273-2026-02-13_Christina HE,unknown,test,uniform,17920,4608,512,,images/s9eb575_017920_004608.jpg,context/s9eb575_017920_004608.jpg
s9eb575_f12,s9eb575,102,12,R26-041-8,unknown,P273-2026-02-13_Christina HE,unknown,test,uniform,22528,12800,512,,images/s9eb575_022528_012800.jpg,context/s9eb575_022528_012800.jpg
s9eb575_f13,s9eb575,102,13,R26-041-8,unknown,P273-2026-02-13_Christina HE,unknown,test,uniform,27648,6144,512,,images/s9eb575_027648_006144.jpg,context/s9eb575_027648_006144.jpg
s9eb575_f14,s9eb575,102,14,R26-041-8,unknown,P273-2026-02-13_Christina HE,unknown,test,uniform,22016,12800,512,,images/s9eb575_022016_012800.jpg,context/s9eb575_022016_012800.jpg
s9eb575_f15,s9eb575,102,15,R26-041-8,unknown,P273-2026-02-13_Christina HE,unknown,test,uniform,17408,7680,512,,images/s9eb575_017408_007680.jpg,context/s9eb575_017408_007680.jpg
s9eb575_f16,s9eb575,102,16,R26-041-8,unknown,P273-2026-02-13_Christina HE,unknown,test,uniform,44544,14848,512,,images/s9eb575_044544_014848.jpg,context/s9eb575_044544_014848.jpg
s9eb575_f17,s9eb575,102,17,R26-041-8,unknown,P273-2026-02-13_Christina HE,unknown,test,repeat,13312,16384,512,,images/s9eb575_013312_016384.jpg,context/s9eb575_013312_016384.jpg
s9eb575_f18,s9eb575,102,18,R26-041-8,unknown,P273-2026-02-13_Christina HE,unknown,test,repeat,3072,14848,512,,images/s9eb575_003072_014848.jpg,context/s9eb575_003072_014848.jpg
s92415f_f01,s92415f,103,1,R25-264-34,MASH,2025-08-25HE,unknown,train,uniform,18944,9728,512,1.326900892554493,images/s92415f_018944_009728.jpg,context/s92415f_018944_009728.jpg
s92415f_f02,s92415f,103,2,R25-264-34,MASH,2025-08-25HE,unknown,train,uniform,9728,18944,512,1.1624056569124863,images/s92415f_009728_018944.jpg,context/s92415f_009728_018944.jpg
s92415f_f03,s92415f,103,3,R25-264-34,MASH,2025-08-25HE,unknown,train,uniform,20480,9728,512,2.618127748364158,images/s92415f_020480_009728.jpg,context/s92415f_020480_009728.jpg
s92415f_f04,s92415f,103,4,R25-264-34,MASH,2025-08-25HE,unknown,train,uniform,14336,11776,512,2.929820264934498,images/s92415f_014336_011776.jpg,context/s92415f_014336_011776.jpg
s92415f_f05,s92415f,103,5,R25-264-34,MASH,2025-08-25HE,unknown,train,uniform,18944,18944,512,-1.2648603361309774,images/s92415f_018944_018944.jpg,context/s92415f_018944_018944.jpg
s92415f_f06,s92415f,103,6,R25-264-34,MASH,2025-08-25HE,unknown,train,uniform,28160,18432,512,-4.686433528616568,images/s92415f_028160_018432.jpg,context/s92415f_028160_018432.jpg
s92415f_f07,s92415f,103,7,R25-264-34,MASH,2025-08-25HE,unknown,train,uniform,17920,18944,512,-1.4873643719752945,images/s92415f_017920_018944.jpg,context/s92415f_017920_018944.jpg
s92415f_f08,s92415f,103,8,R25-264-34,MASH,2025-08-25HE,unknown,train,uniform,5632,12288,512,2.939030935024278,images/s92415f_005632_012288.jpg,context/s92415f_005632_012288.jpg
s92415f_f09,s92415f,103,9,R25-264-34,MASH,2025-08-25HE,unknown,train,uniform,11264,18944,512,,images/s92415f_011264_018944.jpg,context/s92415f_011264_018944.jpg
s92415f_f10,s92415f,103,10,R25-264-34,MASH,2025-08-25HE,unknown,train,uniform,12288,18944,512,3.3983244883138126,images/s92415f_012288_018944.jpg,context/s92415f_012288_018944.jpg
s92415f_f11,s92415f,103,11,R25-264-34,MASH,2025-08-25HE,unknown,train,uniform,7680,9728,512,0.9063095886313618,images/s92415f_007680_009728.jpg,context/s92415f_007680_009728.jpg
s92415f_f12,s92415f,103,12,R25-264-34,MASH,2025-08-25HE,unknown,train,uniform,25600,10240,512,-0.6339213985540796,images/s92415f_025600_010240.jpg,context/s92415f_025600_010240.jpg
s92415f_f13,s92415f,103,13,R25-264-34,MASH,2025-08-25HE,unknown,train,uniform,31232,10752,512,0.9915041502543128,images/s92415f_031232_010752.jpg,context/s92415f_031232_010752.jpg
s92415f_f14,s92415f,103,14,R25-264-34,MASH,2025-08-25HE,unknown,train,uniform,35840,11264,512,2.435448957806765,images/s92415f_035840_011264.jpg,context/s92415f_035840_011264.jpg
s92415f_f15,s92415f,103,15,R25-264-34,MASH,2025-08-25HE,unknown,train,uniform,25600,18944,512,1.0320495624805714,images/s92415f_025600_018944.jpg,context/s92415f_025600_018944.jpg
s92415f_f16,s92415f,103,16,R25-264-34,MASH,2025-08-25HE,unknown,train,uniform,29184,10752,512,1.206600675142432,images/s92415f_029184_010752.jpg,context/s92415f_029184_010752.jpg
s92415f_f17,s92415f,103,17,R25-264-34,MASH,2025-08-25HE,unknown,train,repeat,25600,18944,512,1.0320495624805714,images/s92415f_025600_018944.jpg,context/s92415f_025600_018944.jpg
s92415f_f18,s92415f,103,18,R25-264-34,MASH,2025-08-25HE,unknown,train,repeat,9728,18944,512,1.1624056569124863,images/s92415f_009728_018944.jpg,context/s92415f_009728_018944.jpg
s877e76_f01,s877e76,104,1,R26-122-8_HE_77,CCl4,2026-04-20_CCl4_HE,unknown,test,uniform,4608,11776,512,,images/s877e76_004608_011776.jpg,context/s877e76_004608_011776.jpg
s877e76_f02,s877e76,104,2,R26-122-8_HE_77,CCl4,2026-04-20_CCl4_HE,unknown,test,uniform,13312,9728,512,,images/s877e76_013312_009728.jpg,context/s877e76_013312_009728.jpg
s877e76_f03,s877e76,104,3,R26-122-8_HE_77,CCl4,2026-04-20_CCl4_HE,unknown,test,uniform,9728,5632,512,,images/s877e76_009728_005632.jpg,context/s877e76_009728_005632.jpg
s877e76_f04,s877e76,104,4,R26-122-8_HE_77,CCl4,2026-04-20_CCl4_HE,unknown,test,uniform,19456,5632,512,,images/s877e76_019456_005632.jpg,context/s877e76_019456_005632.jpg
s877e76_f05,s877e76,104,5,R26-122-8_HE_77,CCl4,2026-04-20_CCl4_HE,unknown,test,uniform,11776,5120,512,,images/s877e76_011776_005120.jpg,context/s877e76_011776_005120.jpg
s877e76_f06,s877e76,104,6,R26-122-8_HE_77,CCl4,2026-04-20_CCl4_HE,unknown,test,uniform,20480,3584,512,,images/s877e76_020480_003584.jpg,context/s877e76_020480_003584.jpg
s877e76_f07,s877e76,104,7,R26-122-8_HE_77,CCl4,2026-04-20_CCl4_HE,unknown,test,uniform,16384,18432,512,,images/s877e76_016384_018432.jpg,context/s877e76_016384_018432.jpg
s877e76_f08,s877e76,104,8,R26-122-8_HE_77,CCl4,2026-04-20_CCl4_HE,unknown,test,uniform,5632,18944,512,,images/s877e76_005632_018944.jpg,context/s877e76_005632_018944.jpg
s877e76_f09,s877e76,104,9,R26-122-8_HE_77,CCl4,2026-04-20_CCl4_HE,unknown,test,uniform,18944,13824,512,,images/s877e76_018944_013824.jpg,context/s877e76_018944_013824.jpg
s877e76_f10,s877e76,104,10,R26-122-8_HE_77,CCl4,2026-04-20_CCl4_HE,unknown,test,uniform,14336,21504,512,,images/s877e76_014336_021504.jpg,context/s877e76_014336_021504.jpg
s877e76_f11,s877e76,104,11,R26-122-8_HE_77,CCl4,2026-04-20_CCl4_HE,unknown,test,uniform,21504,7680,512,,images/s877e76_021504_007680.jpg,context/s877e76_021504_007680.jpg
s877e76_f12,s877e76,104,12,R26-122-8_HE_77,CCl4,2026-04-20_CCl4_HE,unknown,test,uniform,4608,6656,512,,images/s877e76_004608_006656.jpg,context/s877e76_004608_006656.jpg
s877e76_f13,s877e76,104,13,R26-122-8_HE_77,CCl4,2026-04-20_CCl4_HE,unknown,test,uniform,11776,23040,512,,images/s877e76_011776_023040.jpg,context/s877e76_011776_023040.jpg
s877e76_f14,s877e76,104,14,R26-122-8_HE_77,CCl4,2026-04-20_CCl4_HE,unknown,test,uniform,7168,13824,512,,images/s877e76_007168_013824.jpg,context/s877e76_007168_013824.jpg
s877e76_f15,s877e76,104,15,R26-122-8_HE_77,CCl4,2026-04-20_CCl4_HE,unknown,test,uniform,26624,8192,512,,images/s877e76_026624_008192.jpg,context/s877e76_026624_008192.jpg
s877e76_f16,s877e76,104,16,R26-122-8_HE_77,CCl4,2026-04-20_CCl4_HE,unknown,test,uniform,17408,5120,512,,images/s877e76_017408_005120.jpg,context/s877e76_017408_005120.jpg
s877e76_f17,s877e76,104,17,R26-122-8_HE_77,CCl4,2026-04-20_CCl4_HE,unknown,test,repeat,18944,13824,512,,images/s877e76_018944_013824.jpg,context/s877e76_018944_013824.jpg
s877e76_f18,s877e76,104,18,R26-122-8_HE_77,CCl4,2026-04-20_CCl4_HE,unknown,test,repeat,5632,18944,512,,images/s877e76_005632_018944.jpg,context/s877e76_005632_018944.jpg
s4ce0af_f01,s4ce0af,105,1,R25-079_1_HE,unknown,2025-03-07_Jaya HE,unknown,train,uniform,18432,20992,512,6.038009263415975,images/s4ce0af_018432_020992.jpg,context/s4ce0af_018432_020992.jpg
s4ce0af_f02,s4ce0af,105,2,R25-079_1_HE,unknown,2025-03-07_Jaya HE,unknown,train,uniform,37376,20480,512,1.9950159168122017,images/s4ce0af_037376_020480.jpg,context/s4ce0af_037376_020480.jpg
s4ce0af_f03,s4ce0af,105,3,R25-079_1_HE,unknown,2025-03-07_Jaya HE,unknown,train,uniform,25600,20480,512,2.07469143231498,images/s4ce0af_025600_020480.jpg,context/s4ce0af_025600_020480.jpg
s4ce0af_f04,s4ce0af,105,4,R25-079_1_HE,unknown,2025-03-07_Jaya HE,unknown,train,uniform,10752,19968,512,6.218565665977328,images/s4ce0af_010752_019968.jpg,context/s4ce0af_010752_019968.jpg
s4ce0af_f05,s4ce0af,105,5,R25-079_1_HE,unknown,2025-03-07_Jaya HE,unknown,train,uniform,4608,19968,512,2.5972855392917347,images/s4ce0af_004608_019968.jpg,context/s4ce0af_004608_019968.jpg
s4ce0af_f06,s4ce0af,105,6,R25-079_1_HE,unknown,2025-03-07_Jaya HE,unknown,train,uniform,43008,20480,512,3.1347290191770387,images/s4ce0af_043008_020480.jpg,context/s4ce0af_043008_020480.jpg
s4ce0af_f07,s4ce0af,105,7,R25-079_1_HE,unknown,2025-03-07_Jaya HE,unknown,train,uniform,24064,21504,512,2.435094586749127,images/s4ce0af_024064_021504.jpg,context/s4ce0af_024064_021504.jpg
s4ce0af_f08,s4ce0af,105,8,R25-079_1_HE,unknown,2025-03-07_Jaya HE,unknown,train,uniform,20480,20480,512,2.9891365597421826,images/s4ce0af_020480_020480.jpg,context/s4ce0af_020480_020480.jpg
s4ce0af_f09,s4ce0af,105,9,R25-079_1_HE,unknown,2025-03-07_Jaya HE,unknown,train,uniform,20992,19968,512,2.0548014528870024,images/s4ce0af_020992_019968.jpg,context/s4ce0af_020992_019968.jpg
s4ce0af_f10,s4ce0af,105,10,R25-079_1_HE,unknown,2025-03-07_Jaya HE,unknown,train,uniform,36352,19456,512,2.9912833629350857,images/s4ce0af_036352_019456.jpg,context/s4ce0af_036352_019456.jpg
s4ce0af_f11,s4ce0af,105,11,R25-079_1_HE,unknown,2025-03-07_Jaya HE,unknown,train,uniform,16384,19968,512,3.294011390385373,images/s4ce0af_016384_019968.jpg,context/s4ce0af_016384_019968.jpg
s4ce0af_f12,s4ce0af,105,12,R25-079_1_HE,unknown,2025-03-07_Jaya HE,unknown,train,uniform,6656,20992,512,3.423867770388067,images/s4ce0af_006656_020992.jpg,context/s4ce0af_006656_020992.jpg
s4ce0af_f13,s4ce0af,105,13,R25-079_1_HE,unknown,2025-03-07_Jaya HE,unknown,train,uniform,34304,19456,512,5.788657545202948,images/s4ce0af_034304_019456.jpg,context/s4ce0af_034304_019456.jpg
s4ce0af_f14,s4ce0af,105,14,R25-079_1_HE,unknown,2025-03-07_Jaya HE,unknown,train,uniform,26624,20992,512,5.016329526692647,images/s4ce0af_026624_020992.jpg,context/s4ce0af_026624_020992.jpg
s4ce0af_f15,s4ce0af,105,15,R25-079_1_HE,unknown,2025-03-07_Jaya HE,unknown,train,uniform,41472,19968,512,6.971163763646025,images/s4ce0af_041472_019968.jpg,context/s4ce0af_041472_019968.jpg
s4ce0af_f16,s4ce0af,105,16,R25-079_1_HE,unknown,2025-03-07_Jaya HE,unknown,train,uniform,13824,19968,512,3.8956298786294257,images/s4ce0af_013824_019968.jpg,context/s4ce0af_013824_019968.jpg
s4ce0af_f17,s4ce0af,105,17,R25-079_1_HE,unknown,2025-03-07_Jaya HE,unknown,train,repeat,37376,20480,512,1.9950159168122017,images/s4ce0af_037376_020480.jpg,context/s4ce0af_037376_020480.jpg
s4ce0af_f18,s4ce0af,105,18,R25-079_1_HE,unknown,2025-03-07_Jaya HE,unknown,train,repeat,20480,20480,512,2.9891365597421826,images/s4ce0af_020480_020480.jpg,context/s4ce0af_020480_020480.jpg
s1a2169_f01,s1a2169,106,1,R25-151_33_HE,unknown,2025-04-29HE,unknown,train,uniform,23552,12288,512,,images/s1a2169_023552_012288.jpg,context/s1a2169_023552_012288.jpg
s1a2169_f02,s1a2169,106,2,R25-151_33_HE,unknown,2025-04-29HE,unknown,train,uniform,9216,26624,512,,images/s1a2169_009216_026624.jpg,context/s1a2169_009216_026624.jpg
s1a2169_f03,s1a2169,106,3,R25-151_33_HE,unknown,2025-04-29HE,unknown,train,uniform,19968,8704,512,,images/s1a2169_019968_008704.jpg,context/s1a2169_019968_008704.jpg
s1a2169_f04,s1a2169,106,4,R25-151_33_HE,unknown,2025-04-29HE,unknown,train,uniform,17408,21504,512,,images/s1a2169_017408_021504.jpg,context/s1a2169_017408_021504.jpg
s1a2169_f05,s1a2169,106,5,R25-151_33_HE,unknown,2025-04-29HE,unknown,train,uniform,20480,9216,512,,images/s1a2169_020480_009216.jpg,context/s1a2169_020480_009216.jpg
s1a2169_f06,s1a2169,106,6,R25-151_33_HE,unknown,2025-04-29HE,unknown,train,uniform,3072,11264,512,,images/s1a2169_003072_011264.jpg,context/s1a2169_003072_011264.jpg
s1a2169_f07,s1a2169,106,7,R25-151_33_HE,unknown,2025-04-29HE,unknown,train,uniform,15360,15360,512,,images/s1a2169_015360_015360.jpg,context/s1a2169_015360_015360.jpg
s1a2169_f08,s1a2169,106,8,R25-151_33_HE,unknown,2025-04-29HE,unknown,train,uniform,11776,23552,512,,images/s1a2169_011776_023552.jpg,context/s1a2169_011776_023552.jpg
s1a2169_f09,s1a2169,106,9,R25-151_33_HE,unknown,2025-04-29HE,unknown,train,uniform,6656,23552,512,,images/s1a2169_006656_023552.jpg,context/s1a2169_006656_023552.jpg
s1a2169_f10,s1a2169,106,10,R25-151_33_HE,unknown,2025-04-29HE,unknown,train,uniform,12288,23040,512,,images/s1a2169_012288_023040.jpg,context/s1a2169_012288_023040.jpg
s1a2169_f11,s1a2169,106,11,R25-151_33_HE,unknown,2025-04-29HE,unknown,train,uniform,3584,16896,512,,images/s1a2169_003584_016896.jpg,context/s1a2169_003584_016896.jpg
s1a2169_f12,s1a2169,106,12,R25-151_33_HE,unknown,2025-04-29HE,unknown,train,uniform,7680,13824,512,,images/s1a2169_007680_013824.jpg,context/s1a2169_007680_013824.jpg
s1a2169_f13,s1a2169,106,13,R25-151_33_HE,unknown,2025-04-29HE,unknown,train,uniform,7680,5120,512,,images/s1a2169_007680_005120.jpg,context/s1a2169_007680_005120.jpg
s1a2169_f14,s1a2169,106,14,R25-151_33_HE,unknown,2025-04-29HE,unknown,train,uniform,8704,22016,512,,images/s1a2169_008704_022016.jpg,context/s1a2169_008704_022016.jpg
s1a2169_f15,s1a2169,106,15,R25-151_33_HE,unknown,2025-04-29HE,unknown,train,uniform,9728,7168,512,,images/s1a2169_009728_007168.jpg,context/s1a2169_009728_007168.jpg
s1a2169_f16,s1a2169,106,16,R25-151_33_HE,unknown,2025-04-29HE,unknown,train,uniform,6144,16896,512,,images/s1a2169_006144_016896.jpg,context/s1a2169_006144_016896.jpg
s1a2169_f17,s1a2169,106,17,R25-151_33_HE,unknown,2025-04-29HE,unknown,train,repeat,3584,16896,512,,images/s1a2169_003584_016896.jpg,context/s1a2169_003584_016896.jpg
s1a2169_f18,s1a2169,106,18,R25-151_33_HE,unknown,2025-04-29HE,unknown,train,repeat,6656,23552,512,,images/s1a2169_006656_023552.jpg,context/s1a2169_006656_023552.jpg
sf8f808_f01,sf8f808,107,1,R25-223-18_HE,unknown,2025-07-09_Evelyn_HE,unknown,test,uniform,32256,12800,512,5.392337047819135,images/sf8f808_032256_012800.jpg,context/sf8f808_032256_012800.jpg
sf8f808_f02,sf8f808,107,2,R25-223-18_HE,unknown,2025-07-09_Evelyn_HE,unknown,test,uniform,39424,11264,512,3.4324326301821313,images/sf8f808_039424_011264.jpg,context/sf8f808_039424_011264.jpg
sf8f808_f03,sf8f808,107,3,R25-223-18_HE,unknown,2025-07-09_Evelyn_HE,unknown,test,uniform,14848,12800,512,3.376606001331605,images/sf8f808_014848_012800.jpg,context/sf8f808_014848_012800.jpg
sf8f808_f04,sf8f808,107,4,R25-223-18_HE,unknown,2025-07-09_Evelyn_HE,unknown,test,uniform,11776,11776,512,3.183006327574368,images/sf8f808_011776_011776.jpg,context/sf8f808_011776_011776.jpg
sf8f808_f05,sf8f808,107,5,R25-223-18_HE,unknown,2025-07-09_Evelyn_HE,unknown,test,uniform,28672,12288,512,8.598245420125934,images/sf8f808_028672_012288.jpg,context/sf8f808_028672_012288.jpg
sf8f808_f06,sf8f808,107,6,R25-223-18_HE,unknown,2025-07-09_Evelyn_HE,unknown,test,uniform,31744,11264,512,5.533683100526187,images/sf8f808_031744_011264.jpg,context/sf8f808_031744_011264.jpg
sf8f808_f07,sf8f808,107,7,R25-223-18_HE,unknown,2025-07-09_Evelyn_HE,unknown,test,uniform,43520,11776,512,5.091243177081526,images/sf8f808_043520_011776.jpg,context/sf8f808_043520_011776.jpg
sf8f808_f08,sf8f808,107,8,R25-223-18_HE,unknown,2025-07-09_Evelyn_HE,unknown,test,uniform,27648,11776,512,6.150498001766394,images/sf8f808_027648_011776.jpg,context/sf8f808_027648_011776.jpg
sf8f808_f09,sf8f808,107,9,R25-223-18_HE,unknown,2025-07-09_Evelyn_HE,unknown,test,uniform,15360,11776,512,-0.9941778371428068,images/sf8f808_015360_011776.jpg,context/sf8f808_015360_011776.jpg
sf8f808_f10,sf8f808,107,10,R25-223-18_HE,unknown,2025-07-09_Evelyn_HE,unknown,test,uniform,29184,11776,512,6.378335964923022,images/sf8f808_029184_011776.jpg,context/sf8f808_029184_011776.jpg
sf8f808_f11,sf8f808,107,11,R25-223-18_HE,unknown,2025-07-09_Evelyn_HE,unknown,test,uniform,43008,12800,512,4.217326853642068,images/sf8f808_043008_012800.jpg,context/sf8f808_043008_012800.jpg
sf8f808_f12,sf8f808,107,12,R25-223-18_HE,unknown,2025-07-09_Evelyn_HE,unknown,test,uniform,17408,11776,512,5.822556796153884,images/sf8f808_017408_011776.jpg,context/sf8f808_017408_011776.jpg
sf8f808_f13,sf8f808,107,13,R25-223-18_HE,unknown,2025-07-09_Evelyn_HE,unknown,test,uniform,42496,11264,512,5.386995657283529,images/sf8f808_042496_011264.jpg,context/sf8f808_042496_011264.jpg
sf8f808_f14,sf8f808,107,14,R25-223-18_HE,unknown,2025-07-09_Evelyn_HE,unknown,test,uniform,13824,12288,512,3.9485125571725472,images/sf8f808_013824_012288.jpg,context/sf8f808_013824_012288.jpg
sf8f808_f15,sf8f808,107,15,R25-223-18_HE,unknown,2025-07-09_Evelyn_HE,unknown,test,uniform,25600,13312,512,5.588146885054578,images/sf8f808_025600_013312.jpg,context/sf8f808_025600_013312.jpg
sf8f808_f16,sf8f808,107,16,R25-223-18_HE,unknown,2025-07-09_Evelyn_HE,unknown,test,uniform,16384,13824,512,2.108899720962538,images/sf8f808_016384_013824.jpg,context/sf8f808_016384_013824.jpg
sf8f808_f17,sf8f808,107,17,R25-223-18_HE,unknown,2025-07-09_Evelyn_HE,unknown,test,repeat,13824,12288,512,3.9485125571725472,images/sf8f808_013824_012288.jpg,context/sf8f808_013824_012288.jpg
sf8f808_f18,sf8f808,107,18,R25-223-18_HE,unknown,2025-07-09_Evelyn_HE,unknown,test,repeat,29184,11776,512,6.378335964923022,images/sf8f808_029184_011776.jpg,context/sf8f808_029184_011776.jpg
s1b6eb1_f01,s1b6eb1,108,1,R22--063-7_HE,unknown,2025-09-24HE,unknown,test,uniform,26624,15360,512,,images/s1b6eb1_026624_015360.jpg,context/s1b6eb1_026624_015360.jpg
s1b6eb1_f02,s1b6eb1,108,2,R22--063-7_HE,unknown,2025-09-24HE,unknown,test,uniform,11264,12800,512,,images/s1b6eb1_011264_012800.jpg,context/s1b6eb1_011264_012800.jpg
s1b6eb1_f03,s1b6eb1,108,3,R22--063-7_HE,unknown,2025-09-24HE,unknown,test,uniform,24576,24576,512,,images/s1b6eb1_024576_024576.jpg,context/s1b6eb1_024576_024576.jpg
s1b6eb1_f04,s1b6eb1,108,4,R22--063-7_HE,unknown,2025-09-24HE,unknown,test,uniform,4608,9216,512,,images/s1b6eb1_004608_009216.jpg,context/s1b6eb1_004608_009216.jpg
s1b6eb1_f05,s1b6eb1,108,5,R22--063-7_HE,unknown,2025-09-24HE,unknown,test,uniform,24064,17408,512,,images/s1b6eb1_024064_017408.jpg,context/s1b6eb1_024064_017408.jpg
s1b6eb1_f06,s1b6eb1,108,6,R22--063-7_HE,unknown,2025-09-24HE,unknown,test,uniform,20480,16384,512,,images/s1b6eb1_020480_016384.jpg,context/s1b6eb1_020480_016384.jpg
s1b6eb1_f07,s1b6eb1,108,7,R22--063-7_HE,unknown,2025-09-24HE,unknown,test,uniform,10752,16896,512,,images/s1b6eb1_010752_016896.jpg,context/s1b6eb1_010752_016896.jpg
s1b6eb1_f08,s1b6eb1,108,8,R22--063-7_HE,unknown,2025-09-24HE,unknown,test,uniform,17920,6144,512,,images/s1b6eb1_017920_006144.jpg,context/s1b6eb1_017920_006144.jpg
s1b6eb1_f09,s1b6eb1,108,9,R22--063-7_HE,unknown,2025-09-24HE,unknown,test,uniform,19968,16896,512,,images/s1b6eb1_019968_016896.jpg,context/s1b6eb1_019968_016896.jpg
s1b6eb1_f10,s1b6eb1,108,10,R22--063-7_HE,unknown,2025-09-24HE,unknown,test,uniform,28672,19456,512,,images/s1b6eb1_028672_019456.jpg,context/s1b6eb1_028672_019456.jpg
s1b6eb1_f11,s1b6eb1,108,11,R22--063-7_HE,unknown,2025-09-24HE,unknown,test,uniform,6656,9728,512,,images/s1b6eb1_006656_009728.jpg,context/s1b6eb1_006656_009728.jpg
s1b6eb1_f12,s1b6eb1,108,12,R22--063-7_HE,unknown,2025-09-24HE,unknown,test,uniform,12800,14336,512,,images/s1b6eb1_012800_014336.jpg,context/s1b6eb1_012800_014336.jpg
s1b6eb1_f13,s1b6eb1,108,13,R22--063-7_HE,unknown,2025-09-24HE,unknown,test,uniform,14848,18432,512,,images/s1b6eb1_014848_018432.jpg,context/s1b6eb1_014848_018432.jpg
s1b6eb1_f14,s1b6eb1,108,14,R22--063-7_HE,unknown,2025-09-24HE,unknown,test,uniform,22016,10240,512,,images/s1b6eb1_022016_010240.jpg,context/s1b6eb1_022016_010240.jpg
s1b6eb1_f15,s1b6eb1,108,15,R22--063-7_HE,unknown,2025-09-24HE,unknown,test,uniform,8704,18432,512,,images/s1b6eb1_008704_018432.jpg,context/s1b6eb1_008704_018432.jpg
s1b6eb1_f16,s1b6eb1,108,16,R22--063-7_HE,unknown,2025-09-24HE,unknown,test,uniform,13824,20480,512,,images/s1b6eb1_013824_020480.jpg,context/s1b6eb1_013824_020480.jpg
s1b6eb1_f17,s1b6eb1,108,17,R22--063-7_HE,unknown,2025-09-24HE,unknown,test,repeat,13824,20480,512,,images/s1b6eb1_013824_020480.jpg,context/s1b6eb1_013824_020480.jpg
s1b6eb1_f18,s1b6eb1,108,18,R22--063-7_HE,unknown,2025-09-24HE,unknown,test,repeat,11264,12800,512,,images/s1b6eb1_011264_012800.jpg,context/s1b6eb1_011264_012800.jpg
s80a5e3_f01,s80a5e3,109,1,R25-345-1,unknown,2025-11-14HE,unknown,train,uniform,25600,18944,512,7.331010857444717,images/s80a5e3_025600_018944.jpg,context/s80a5e3_025600_018944.jpg
s80a5e3_f02,s80a5e3,109,2,R25-345-1,unknown,2025-11-14HE,unknown,train,uniform,5120,17920,512,6.808363235487635,images/s80a5e3_005120_017920.jpg,context/s80a5e3_005120_017920.jpg
s80a5e3_f03,s80a5e3,109,3,R25-345-1,unknown,2025-11-14HE,unknown,train,uniform,28672,16384,512,6.041207436278545,images/s80a5e3_028672_016384.jpg,context/s80a5e3_028672_016384.jpg
s80a5e3_f04,s80a5e3,109,4,R25-345-1,unknown,2025-11-14HE,unknown,train,uniform,16384,18944,512,11.234224589669026,images/s80a5e3_016384_018944.jpg,context/s80a5e3_016384_018944.jpg
s80a5e3_f05,s80a5e3,109,5,R25-345-1,unknown,2025-11-14HE,unknown,train,uniform,11264,16896,512,9.872748098457476,images/s80a5e3_011264_016896.jpg,context/s80a5e3_011264_016896.jpg
s80a5e3_f06,s80a5e3,109,6,R25-345-1,unknown,2025-11-14HE,unknown,train,uniform,15872,16384,512,5.551200437189623,images/s80a5e3_015872_016384.jpg,context/s80a5e3_015872_016384.jpg
s80a5e3_f07,s80a5e3,109,7,R25-345-1,unknown,2025-11-14HE,unknown,train,uniform,18432,17920,512,6.753362889126671,images/s80a5e3_018432_017920.jpg,context/s80a5e3_018432_017920.jpg
s80a5e3_f08,s80a5e3,109,8,R25-345-1,unknown,2025-11-14HE,unknown,train,uniform,18432,18432,512,9.635871376054048,images/s80a5e3_018432_018432.jpg,context/s80a5e3_018432_018432.jpg
s80a5e3_f09,s80a5e3,109,9,R25-345-1,unknown,2025-11-14HE,unknown,train,uniform,11264,18432,512,9.255808234544594,images/s80a5e3_011264_018432.jpg,context/s80a5e3_011264_018432.jpg
s80a5e3_f10,s80a5e3,109,10,R25-345-1,unknown,2025-11-14HE,unknown,train,uniform,4608,19456,512,5.6265098859999725,images/s80a5e3_004608_019456.jpg,context/s80a5e3_004608_019456.jpg
s80a5e3_f11,s80a5e3,109,11,R25-345-1,unknown,2025-11-14HE,unknown,train,uniform,9216,18944,512,6.3026781691587175,images/s80a5e3_009216_018944.jpg,context/s80a5e3_009216_018944.jpg
s80a5e3_f12,s80a5e3,109,12,R25-345-1,unknown,2025-11-14HE,unknown,train,uniform,22016,18432,512,6.607168982019929,images/s80a5e3_022016_018432.jpg,context/s80a5e3_022016_018432.jpg
s80a5e3_f13,s80a5e3,109,13,R25-345-1,unknown,2025-11-14HE,unknown,train,uniform,9216,17408,512,9.516409094619892,images/s80a5e3_009216_017408.jpg,context/s80a5e3_009216_017408.jpg
s80a5e3_f14,s80a5e3,109,14,R25-345-1,unknown,2025-11-14HE,unknown,train,uniform,28160,16896,512,6.624590152358894,images/s80a5e3_028160_016896.jpg,context/s80a5e3_028160_016896.jpg
s80a5e3_f15,s80a5e3,109,15,R25-345-1,unknown,2025-11-14HE,unknown,train,uniform,13824,18944,512,4.881356773975511,images/s80a5e3_013824_018944.jpg,context/s80a5e3_013824_018944.jpg
s80a5e3_f16,s80a5e3,109,16,R25-345-1,unknown,2025-11-14HE,unknown,train,uniform,26112,16384,512,4.469936510533785,images/s80a5e3_026112_016384.jpg,context/s80a5e3_026112_016384.jpg
s80a5e3_f17,s80a5e3,109,17,R25-345-1,unknown,2025-11-14HE,unknown,train,repeat,4608,19456,512,5.6265098859999725,images/s80a5e3_004608_019456.jpg,context/s80a5e3_004608_019456.jpg
s80a5e3_f18,s80a5e3,109,18,R25-345-1,unknown,2025-11-14HE,unknown,train,repeat,18432,18432,512,9.635871376054048,images/s80a5e3_018432_018432.jpg,context/s80a5e3_018432_018432.jpg
s4bbcaf_f01,s4bbcaf,110,1,R26-041-26,unknown,P273-2026-02-13_Christina HE,unknown,train,uniform,31232,16384,512,4.023158522666732,images/s4bbcaf_031232_016384.jpg,context/s4bbcaf_031232_016384.jpg
s4bbcaf_f02,s4bbcaf,110,2,R26-041-26,unknown,P273-2026-02-13_Christina HE,unknown,train,uniform,26624,16384,512,3.79426788740662,images/s4bbcaf_026624_016384.jpg,context/s4bbcaf_026624_016384.jpg
s4bbcaf_f03,s4bbcaf,110,3,R26-041-26,unknown,P273-2026-02-13_Christina HE,unknown,train,uniform,7680,15872,512,1.4478898016297186,images/s4bbcaf_007680_015872.jpg,context/s4bbcaf_007680_015872.jpg
s4bbcaf_f04,s4bbcaf,110,4,R26-041-26,unknown,P273-2026-02-13_Christina HE,unknown,train,uniform,26624,15872,512,1.68946676933337,images/s4bbcaf_026624_015872.jpg,context/s4bbcaf_026624_015872.jpg
s4bbcaf_f05,s4bbcaf,110,5,R26-041-26,unknown,P273-2026-02-13_Christina HE,unknown,train,uniform,23040,16896,512,5.650839572333572,images/s4bbcaf_023040_016896.jpg,context/s4bbcaf_023040_016896.jpg
s4bbcaf_f06,s4bbcaf,110,6,R26-041-26,unknown,P273-2026-02-13_Christina HE,unknown,train,uniform,26112,15360,512,2.867878843559378,images/s4bbcaf_026112_015360.jpg,context/s4bbcaf_026112_015360.jpg
s4bbcaf_f07,s4bbcaf,110,7,R26-041-26,unknown,P273-2026-02-13_Christina HE,unknown,train,uniform,29696,15360,512,1.6341598551542864,images/s4bbcaf_029696_015360.jpg,context/s4bbcaf_029696_015360.jpg
s4bbcaf_f08,s4bbcaf,110,8,R26-041-26,unknown,P273-2026-02-13_Christina HE,unknown,train,uniform,34816,16384,512,4.452670374886825,images/s4bbcaf_034816_016384.jpg,context/s4bbcaf_034816_016384.jpg
s4bbcaf_f09,s4bbcaf,110,9,R26-041-26,unknown,P273-2026-02-13_Christina HE,unknown,train,uniform,44032,15360,512,5.556366417075658,images/s4bbcaf_044032_015360.jpg,context/s4bbcaf_044032_015360.jpg
s4bbcaf_f10,s4bbcaf,110,10,R26-041-26,unknown,P273-2026-02-13_Christina HE,unknown,train,uniform,24576,16384,512,1.802433601604787,images/s4bbcaf_024576_016384.jpg,context/s4bbcaf_024576_016384.jpg
s4bbcaf_f11,s4bbcaf,110,11,R26-041-26,unknown,P273-2026-02-13_Christina HE,unknown,train,uniform,3072,15872,512,3.272860950028934,images/s4bbcaf_003072_015872.jpg,context/s4bbcaf_003072_015872.jpg
s4bbcaf_f12,s4bbcaf,110,12,R26-041-26,unknown,P273-2026-02-13_Christina HE,unknown,train,uniform,39424,15360,512,3.1210889440647205,images/s4bbcaf_039424_015360.jpg,context/s4bbcaf_039424_015360.jpg
s4bbcaf_f13,s4bbcaf,110,13,R26-041-26,unknown,P273-2026-02-13_Christina HE,unknown,train,uniform,22016,15872,512,5.590997581680999,images/s4bbcaf_022016_015872.jpg,context/s4bbcaf_022016_015872.jpg
s4bbcaf_f14,s4bbcaf,110,14,R26-041-26,unknown,P273-2026-02-13_Christina HE,unknown,train,uniform,41984,16384,512,3.499300090813912,images/s4bbcaf_041984_016384.jpg,context/s4bbcaf_041984_016384.jpg
s4bbcaf_f15,s4bbcaf,110,15,R26-041-26,unknown,P273-2026-02-13_Christina HE,unknown,train,uniform,33792,16384,512,4.957096745287727,images/s4bbcaf_033792_016384.jpg,context/s4bbcaf_033792_016384.jpg
s4bbcaf_f16,s4bbcaf,110,16,R26-041-26,unknown,P273-2026-02-13_Christina HE,unknown,train,uniform,14848,16384,512,7.085976782181661,images/s4bbcaf_014848_016384.jpg,context/s4bbcaf_014848_016384.jpg
s4bbcaf_f17,s4bbcaf,110,17,R26-041-26,unknown,P273-2026-02-13_Christina HE,unknown,train,repeat,23040,16896,512,5.650839572333572,images/s4bbcaf_023040_016896.jpg,context/s4bbcaf_023040_016896.jpg
s4bbcaf_f18,s4bbcaf,110,18,R26-041-26,unknown,P273-2026-02-13_Christina HE,unknown,train,repeat,3072,15872,512,3.272860950028934,images/s4bbcaf_003072_015872.jpg,context/s4bbcaf_003072_015872.jpg
sbdd2b3_f01,sbdd2b3,111,1,R25-264-32,MASH,2025-08-25HE,unknown,test,uniform,7680,22528,512,2.267117852124104,images/sbdd2b3_007680_022528.jpg,context/sbdd2b3_007680_022528.jpg
sbdd2b3_f02,sbdd2b3,111,2,R25-264-32,MASH,2025-08-25HE,unknown,test,uniform,9728,11264,512,1.3484273160674418,images/sbdd2b3_009728_011264.jpg,context/sbdd2b3_009728_011264.jpg
sbdd2b3_f03,sbdd2b3,111,3,R25-264-32,MASH,2025-08-25HE,unknown,test,uniform,25088,22016,512,,images/sbdd2b3_025088_022016.jpg,context/sbdd2b3_025088_022016.jpg
sbdd2b3_f04,sbdd2b3,111,4,R25-264-32,MASH,2025-08-25HE,unknown,test,uniform,25088,22528,512,1.0318541078197965,images/sbdd2b3_025088_022528.jpg,context/sbdd2b3_025088_022528.jpg
sbdd2b3_f05,sbdd2b3,111,5,R25-264-32,MASH,2025-08-25HE,unknown,test,uniform,13312,11264,512,-0.8594565060421909,images/sbdd2b3_013312_011264.jpg,context/sbdd2b3_013312_011264.jpg
sbdd2b3_f06,sbdd2b3,111,6,R25-264-32,MASH,2025-08-25HE,unknown,test,uniform,22016,22528,512,1.285007672797264,images/sbdd2b3_022016_022528.jpg,context/sbdd2b3_022016_022528.jpg
sbdd2b3_f07,sbdd2b3,111,7,R25-264-32,MASH,2025-08-25HE,unknown,test,uniform,39936,10752,512,,images/sbdd2b3_039936_010752.jpg,context/sbdd2b3_039936_010752.jpg
sbdd2b3_f08,sbdd2b3,111,8,R25-264-32,MASH,2025-08-25HE,unknown,test,uniform,31232,22528,512,-0.5403873031059683,images/sbdd2b3_031232_022528.jpg,context/sbdd2b3_031232_022528.jpg
sbdd2b3_f09,sbdd2b3,111,9,R25-264-32,MASH,2025-08-25HE,unknown,test,uniform,25600,19456,512,,images/sbdd2b3_025600_019456.jpg,context/sbdd2b3_025600_019456.jpg
sbdd2b3_f10,sbdd2b3,111,10,R25-264-32,MASH,2025-08-25HE,unknown,test,uniform,7680,11264,512,1.5136859063195691,images/sbdd2b3_007680_011264.jpg,context/sbdd2b3_007680_011264.jpg
sbdd2b3_f11,sbdd2b3,111,11,R25-264-32,MASH,2025-08-25HE,unknown,test,uniform,24064,22016,512,3.6000742422227883,images/sbdd2b3_024064_022016.jpg,context/sbdd2b3_024064_022016.jpg
sbdd2b3_f12,sbdd2b3,111,12,R25-264-32,MASH,2025-08-25HE,unknown,test,uniform,34304,22016,512,4.002018306434704,images/sbdd2b3_034304_022016.jpg,context/sbdd2b3_034304_022016.jpg
sbdd2b3_f13,sbdd2b3,111,13,R25-264-32,MASH,2025-08-25HE,unknown,test,uniform,28160,22016,512,-0.5023259878751763,images/sbdd2b3_028160_022016.jpg,context/sbdd2b3_028160_022016.jpg
sbdd2b3_f14,sbdd2b3,111,14,R25-264-32,MASH,2025-08-25HE,unknown,test,uniform,40448,22016,512,-0.2938713246168691,images/sbdd2b3_040448_022016.jpg,context/sbdd2b3_040448_022016.jpg
sbdd2b3_f15,sbdd2b3,111,15,R25-264-32,MASH,2025-08-25HE,unknown,test,uniform,3584,11264,512,5.387165317757738,images/sbdd2b3_003584_011264.jpg,context/sbdd2b3_003584_011264.jpg
sbdd2b3_f16,sbdd2b3,111,16,R25-264-32,MASH,2025-08-25HE,unknown,test,uniform,38400,19968,512,3.924271178814791,images/sbdd2b3_038400_019968.jpg,context/sbdd2b3_038400_019968.jpg
sbdd2b3_f17,sbdd2b3,111,17,R25-264-32,MASH,2025-08-25HE,unknown,test,repeat,9728,11264,512,1.3484273160674418,images/sbdd2b3_009728_011264.jpg,context/sbdd2b3_009728_011264.jpg
sbdd2b3_f18,sbdd2b3,111,18,R25-264-32,MASH,2025-08-25HE,unknown,test,repeat,25088,22016,512,,images/sbdd2b3_025088_022016.jpg,context/sbdd2b3_025088_022016.jpg
s629fe9_f01,s629fe9,112,1,R26-122-13_HE_83,CCl4,2026-04-20_CCl4_HE,unknown,train,uniform,10240,13312,512,,images/s629fe9_010240_013312.jpg,context/s629fe9_010240_013312.jpg
s629fe9_f02,s629fe9,112,2,R26-122-13_HE_83,CCl4,2026-04-20_CCl4_HE,unknown,train,uniform,23040,11264,512,,images/s629fe9_023040_011264.jpg,context/s629fe9_023040_011264.jpg
s629fe9_f03,s629fe9,112,3,R26-122-13_HE_83,CCl4,2026-04-20_CCl4_HE,unknown,train,uniform,5632,7680,512,,images/s629fe9_005632_007680.jpg,context/s629fe9_005632_007680.jpg
s629fe9_f04,s629fe9,112,4,R26-122-13_HE_83,CCl4,2026-04-20_CCl4_HE,unknown,train,uniform,22528,7168,512,,images/s629fe9_022528_007168.jpg,context/s629fe9_022528_007168.jpg
s629fe9_f05,s629fe9,112,5,R26-122-13_HE_83,CCl4,2026-04-20_CCl4_HE,unknown,train,uniform,10240,9216,512,,images/s629fe9_010240_009216.jpg,context/s629fe9_010240_009216.jpg
s629fe9_f06,s629fe9,112,6,R26-122-13_HE_83,CCl4,2026-04-20_CCl4_HE,unknown,train,uniform,19968,12800,512,,images/s629fe9_019968_012800.jpg,context/s629fe9_019968_012800.jpg
s629fe9_f07,s629fe9,112,7,R26-122-13_HE_83,CCl4,2026-04-20_CCl4_HE,unknown,train,uniform,20480,4608,512,,images/s629fe9_020480_004608.jpg,context/s629fe9_020480_004608.jpg
s629fe9_f08,s629fe9,112,8,R26-122-13_HE_83,CCl4,2026-04-20_CCl4_HE,unknown,train,uniform,10752,14848,512,,images/s629fe9_010752_014848.jpg,context/s629fe9_010752_014848.jpg
s629fe9_f09,s629fe9,112,9,R26-122-13_HE_83,CCl4,2026-04-20_CCl4_HE,unknown,train,uniform,13312,10752,512,,images/s629fe9_013312_010752.jpg,context/s629fe9_013312_010752.jpg
s629fe9_f10,s629fe9,112,10,R26-122-13_HE_83,CCl4,2026-04-20_CCl4_HE,unknown,train,uniform,16896,6656,512,,images/s629fe9_016896_006656.jpg,context/s629fe9_016896_006656.jpg
s629fe9_f11,s629fe9,112,11,R26-122-13_HE_83,CCl4,2026-04-20_CCl4_HE,unknown,train,uniform,8192,10240,512,,images/s629fe9_008192_010240.jpg,context/s629fe9_008192_010240.jpg
s629fe9_f12,s629fe9,112,12,R26-122-13_HE_83,CCl4,2026-04-20_CCl4_HE,unknown,train,uniform,15360,8704,512,,images/s629fe9_015360_008704.jpg,context/s629fe9_015360_008704.jpg
s629fe9_f13,s629fe9,112,13,R26-122-13_HE_83,CCl4,2026-04-20_CCl4_HE,unknown,train,uniform,10240,7680,512,,images/s629fe9_010240_007680.jpg,context/s629fe9_010240_007680.jpg
s629fe9_f14,s629fe9,112,14,R26-122-13_HE_83,CCl4,2026-04-20_CCl4_HE,unknown,train,uniform,23040,9728,512,,images/s629fe9_023040_009728.jpg,context/s629fe9_023040_009728.jpg
s629fe9_f15,s629fe9,112,15,R26-122-13_HE_83,CCl4,2026-04-20_CCl4_HE,unknown,train,uniform,19968,15360,512,,images/s629fe9_019968_015360.jpg,context/s629fe9_019968_015360.jpg
s629fe9_f16,s629fe9,112,16,R26-122-13_HE_83,CCl4,2026-04-20_CCl4_HE,unknown,train,uniform,22528,12288,512,,images/s629fe9_022528_012288.jpg,context/s629fe9_022528_012288.jpg
s629fe9_f17,s629fe9,112,17,R26-122-13_HE_83,CCl4,2026-04-20_CCl4_HE,unknown,train,repeat,8192,10240,512,,images/s629fe9_008192_010240.jpg,context/s629fe9_008192_010240.jpg
s629fe9_f18,s629fe9,112,18,R26-122-13_HE_83,CCl4,2026-04-20_CCl4_HE,unknown,train,repeat,10752,14848,512,,images/s629fe9_010752_014848.jpg,context/s629fe9_010752_014848.jpg
s32bdbc_f01,s32bdbc,113,1,R25-079_29_HE,unknown,2025-03-07_Jaya HE,unknown,train,uniform,32768,23552,512,1.5947300187121098,images/s32bdbc_032768_023552.jpg,context/s32bdbc_032768_023552.jpg
s32bdbc_f02,s32bdbc,113,2,R25-079_29_HE,unknown,2025-03-07_Jaya HE,unknown,train,uniform,46080,23040,512,2.060266103713732,images/s32bdbc_046080_023040.jpg,context/s32bdbc_046080_023040.jpg
s32bdbc_f03,s32bdbc,113,3,R25-079_29_HE,unknown,2025-03-07_Jaya HE,unknown,train,uniform,31232,23040,512,1.4013861839460875,images/s32bdbc_031232_023040.jpg,context/s32bdbc_031232_023040.jpg
s32bdbc_f04,s32bdbc,113,4,R25-079_29_HE,unknown,2025-03-07_Jaya HE,unknown,train,uniform,12288,23552,512,1.574254845867719,images/s32bdbc_012288_023552.jpg,context/s32bdbc_012288_023552.jpg
s32bdbc_f05,s32bdbc,113,5,R25-079_29_HE,unknown,2025-03-07_Jaya HE,unknown,train,uniform,18944,24064,512,0.1960601904986745,images/s32bdbc_018944_024064.jpg,context/s32bdbc_018944_024064.jpg
s32bdbc_f06,s32bdbc,113,6,R25-079_29_HE,unknown,2025-03-07_Jaya HE,unknown,train,uniform,26112,23552,512,2.8514644212713343,images/s32bdbc_026112_023552.jpg,context/s32bdbc_026112_023552.jpg
s32bdbc_f07,s32bdbc,113,7,R25-079_29_HE,unknown,2025-03-07_Jaya HE,unknown,train,uniform,14336,23552,512,1.0892918763872343,images/s32bdbc_014336_023552.jpg,context/s32bdbc_014336_023552.jpg
s32bdbc_f08,s32bdbc,113,8,R25-079_29_HE,unknown,2025-03-07_Jaya HE,unknown,train,uniform,49152,24064,512,3.547828671631251,images/s32bdbc_049152_024064.jpg,context/s32bdbc_049152_024064.jpg
s32bdbc_f09,s32bdbc,113,9,R25-079_29_HE,unknown,2025-03-07_Jaya HE,unknown,train,uniform,44544,23552,512,2.824449467118616,images/s32bdbc_044544_023552.jpg,context/s32bdbc_044544_023552.jpg
s32bdbc_f10,s32bdbc,113,10,R25-079_29_HE,unknown,2025-03-07_Jaya HE,unknown,train,uniform,8704,24576,512,3.620219990238974,images/s32bdbc_008704_024576.jpg,context/s32bdbc_008704_024576.jpg
s32bdbc_f11,s32bdbc,113,11,R25-079_29_HE,unknown,2025-03-07_Jaya HE,unknown,train,uniform,5120,24576,512,2.722354713329044,images/s32bdbc_005120_024576.jpg,context/s32bdbc_005120_024576.jpg
s32bdbc_f12,s32bdbc,113,12,R25-079_29_HE,unknown,2025-03-07_Jaya HE,unknown,train,uniform,7680,24576,512,-3.3925301889657544,images/s32bdbc_007680_024576.jpg,context/s32bdbc_007680_024576.jpg
s32bdbc_f13,s32bdbc,113,13,R25-079_29_HE,unknown,2025-03-07_Jaya HE,unknown,train,uniform,23552,23040,512,6.413653610058796,images/s32bdbc_023552_023040.jpg,context/s32bdbc_023552_023040.jpg
s32bdbc_f14,s32bdbc,113,14,R25-079_29_HE,unknown,2025-03-07_Jaya HE,unknown,train,uniform,29696,23552,512,2.349943443892573,images/s32bdbc_029696_023552.jpg,context/s32bdbc_029696_023552.jpg
s32bdbc_f15,s32bdbc,113,15,R25-079_29_HE,unknown,2025-03-07_Jaya HE,unknown,train,uniform,48640,22528,512,5.562781887888197,images/s32bdbc_048640_022528.jpg,context/s32bdbc_048640_022528.jpg
s32bdbc_f16,s32bdbc,113,16,R25-079_29_HE,unknown,2025-03-07_Jaya HE,unknown,train,uniform,40960,23552,512,-1.2337095049995834,images/s32bdbc_040960_023552.jpg,context/s32bdbc_040960_023552.jpg
s32bdbc_f17,s32bdbc,113,17,R25-079_29_HE,unknown,2025-03-07_Jaya HE,unknown,train,repeat,7680,24576,512,-3.3925301889657544,images/s32bdbc_007680_024576.jpg,context/s32bdbc_007680_024576.jpg
s32bdbc_f18,s32bdbc,113,18,R25-079_29_HE,unknown,2025-03-07_Jaya HE,unknown,train,repeat,23552,23040,512,6.413653610058796,images/s32bdbc_023552_023040.jpg,context/s32bdbc_023552_023040.jpg
s0686be_f01,s0686be,114,1,R25-151_14_HE,unknown,2025-04-29HE,unknown,train,uniform,11264,11264,512,,images/s0686be_011264_011264.jpg,context/s0686be_011264_011264.jpg
s0686be_f02,s0686be,114,2,R25-151_14_HE,unknown,2025-04-29HE,unknown,train,uniform,21504,15360,512,,images/s0686be_021504_015360.jpg,context/s0686be_021504_015360.jpg
s0686be_f03,s0686be,114,3,R25-151_14_HE,unknown,2025-04-29HE,unknown,train,uniform,11776,5632,512,,images/s0686be_011776_005632.jpg,context/s0686be_011776_005632.jpg
s0686be_f04,s0686be,114,4,R25-151_14_HE,unknown,2025-04-29HE,unknown,train,uniform,28160,15360,512,,images/s0686be_028160_015360.jpg,context/s0686be_028160_015360.jpg
s0686be_f05,s0686be,114,5,R25-151_14_HE,unknown,2025-04-29HE,unknown,train,uniform,17920,16384,512,,images/s0686be_017920_016384.jpg,context/s0686be_017920_016384.jpg
s0686be_f06,s0686be,114,6,R25-151_14_HE,unknown,2025-04-29HE,unknown,train,uniform,24064,8704,512,,images/s0686be_024064_008704.jpg,context/s0686be_024064_008704.jpg
s0686be_f07,s0686be,114,7,R25-151_14_HE,unknown,2025-04-29HE,unknown,train,uniform,29184,9216,512,,images/s0686be_029184_009216.jpg,context/s0686be_029184_009216.jpg
s0686be_f08,s0686be,114,8,R25-151_14_HE,unknown,2025-04-29HE,unknown,train,uniform,13824,3584,512,,images/s0686be_013824_003584.jpg,context/s0686be_013824_003584.jpg
s0686be_f09,s0686be,114,9,R25-151_14_HE,unknown,2025-04-29HE,unknown,train,uniform,22016,17920,512,,images/s0686be_022016_017920.jpg,context/s0686be_022016_017920.jpg
s0686be_f10,s0686be,114,10,R25-151_14_HE,unknown,2025-04-29HE,unknown,train,uniform,3584,6144,512,,images/s0686be_003584_006144.jpg,context/s0686be_003584_006144.jpg
s0686be_f11,s0686be,114,11,R25-151_14_HE,unknown,2025-04-29HE,unknown,train,uniform,4608,5120,512,,images/s0686be_004608_005120.jpg,context/s0686be_004608_005120.jpg
s0686be_f12,s0686be,114,12,R25-151_14_HE,unknown,2025-04-29HE,unknown,train,uniform,15872,14848,512,,images/s0686be_015872_014848.jpg,context/s0686be_015872_014848.jpg
s0686be_f13,s0686be,114,13,R25-151_14_HE,unknown,2025-04-29HE,unknown,train,uniform,8192,9216,512,,images/s0686be_008192_009216.jpg,context/s0686be_008192_009216.jpg
s0686be_f14,s0686be,114,14,R25-151_14_HE,unknown,2025-04-29HE,unknown,train,uniform,13824,14336,512,,images/s0686be_013824_014336.jpg,context/s0686be_013824_014336.jpg
s0686be_f15,s0686be,114,15,R25-151_14_HE,unknown,2025-04-29HE,unknown,train,uniform,23552,2560,512,,images/s0686be_023552_002560.jpg,context/s0686be_023552_002560.jpg
s0686be_f16,s0686be,114,16,R25-151_14_HE,unknown,2025-04-29HE,unknown,train,uniform,20480,3584,512,,images/s0686be_020480_003584.jpg,context/s0686be_020480_003584.jpg
s0686be_f17,s0686be,114,17,R25-151_14_HE,unknown,2025-04-29HE,unknown,train,repeat,11776,5632,512,,images/s0686be_011776_005632.jpg,context/s0686be_011776_005632.jpg
s0686be_f18,s0686be,114,18,R25-151_14_HE,unknown,2025-04-29HE,unknown,train,repeat,29184,9216,512,,images/s0686be_029184_009216.jpg,context/s0686be_029184_009216.jpg
s933257_f01,s933257,115,1,R25-223-20_HE,unknown,2025-07-09_Evelyn_HE,unknown,train,uniform,34816,14848,512,,images/s933257_034816_014848.jpg,context/s933257_034816_014848.jpg
s933257_f02,s933257,115,2,R25-223-20_HE,unknown,2025-07-09_Evelyn_HE,unknown,train,uniform,5632,14848,512,,images/s933257_005632_014848.jpg,context/s933257_005632_014848.jpg
s933257_f03,s933257,115,3,R25-223-20_HE,unknown,2025-07-09_Evelyn_HE,unknown,train,uniform,40960,22016,512,,images/s933257_040960_022016.jpg,context/s933257_040960_022016.jpg
s933257_f04,s933257,115,4,R25-223-20_HE,unknown,2025-07-09_Evelyn_HE,unknown,train,uniform,40960,18944,512,,images/s933257_040960_018944.jpg,context/s933257_040960_018944.jpg
s933257_f05,s933257,115,5,R25-223-20_HE,unknown,2025-07-09_Evelyn_HE,unknown,train,uniform,7168,22528,512,,images/s933257_007168_022528.jpg,context/s933257_007168_022528.jpg
s933257_f06,s933257,115,6,R25-223-20_HE,unknown,2025-07-09_Evelyn_HE,unknown,train,uniform,43008,14336,512,,images/s933257_043008_014336.jpg,context/s933257_043008_014336.jpg
s933257_f07,s933257,115,7,R25-223-20_HE,unknown,2025-07-09_Evelyn_HE,unknown,train,uniform,34304,23040,512,,images/s933257_034304_023040.jpg,context/s933257_034304_023040.jpg
s933257_f08,s933257,115,8,R25-223-20_HE,unknown,2025-07-09_Evelyn_HE,unknown,train,uniform,6656,15360,512,,images/s933257_006656_015360.jpg,context/s933257_006656_015360.jpg
s933257_f09,s933257,115,9,R25-223-20_HE,unknown,2025-07-09_Evelyn_HE,unknown,train,uniform,32256,27136,512,,images/s933257_032256_027136.jpg,context/s933257_032256_027136.jpg
s933257_f10,s933257,115,10,R25-223-20_HE,unknown,2025-07-09_Evelyn_HE,unknown,train,uniform,9728,6656,512,,images/s933257_009728_006656.jpg,context/s933257_009728_006656.jpg
s933257_f11,s933257,115,11,R25-223-20_HE,unknown,2025-07-09_Evelyn_HE,unknown,train,uniform,28160,27136,512,,images/s933257_028160_027136.jpg,context/s933257_028160_027136.jpg
s933257_f12,s933257,115,12,R25-223-20_HE,unknown,2025-07-09_Evelyn_HE,unknown,train,uniform,31232,28672,512,,images/s933257_031232_028672.jpg,context/s933257_031232_028672.jpg
s933257_f13,s933257,115,13,R25-223-20_HE,unknown,2025-07-09_Evelyn_HE,unknown,train,uniform,33280,14336,512,,images/s933257_033280_014336.jpg,context/s933257_033280_014336.jpg
s933257_f14,s933257,115,14,R25-223-20_HE,unknown,2025-07-09_Evelyn_HE,unknown,train,uniform,40960,24576,512,,images/s933257_040960_024576.jpg,context/s933257_040960_024576.jpg
s933257_f15,s933257,115,15,R25-223-20_HE,unknown,2025-07-09_Evelyn_HE,unknown,train,uniform,22016,9728,512,,images/s933257_022016_009728.jpg,context/s933257_022016_009728.jpg
s933257_f16,s933257,115,16,R25-223-20_HE,unknown,2025-07-09_Evelyn_HE,unknown,train,uniform,5120,21504,512,,images/s933257_005120_021504.jpg,context/s933257_005120_021504.jpg
s933257_f17,s933257,115,17,R25-223-20_HE,unknown,2025-07-09_Evelyn_HE,unknown,train,repeat,5120,21504,512,,images/s933257_005120_021504.jpg,context/s933257_005120_021504.jpg
s933257_f18,s933257,115,18,R25-223-20_HE,unknown,2025-07-09_Evelyn_HE,unknown,train,repeat,6656,15360,512,,images/s933257_006656_015360.jpg,context/s933257_006656_015360.jpg
s49ba52_f01,s49ba52,116,1,R22-063-14_HE,unknown,2025-09-24HE,unknown,train,uniform,17408,12800,512,,images/s49ba52_017408_012800.jpg,context/s49ba52_017408_012800.jpg
s49ba52_f02,s49ba52,116,2,R22-063-14_HE,unknown,2025-09-24HE,unknown,train,uniform,7680,5632,512,,images/s49ba52_007680_005632.jpg,context/s49ba52_007680_005632.jpg
s49ba52_f03,s49ba52,116,3,R22-063-14_HE,unknown,2025-09-24HE,unknown,train,uniform,16384,16384,512,,images/s49ba52_016384_016384.jpg,context/s49ba52_016384_016384.jpg
s49ba52_f04,s49ba52,116,4,R22-063-14_HE,unknown,2025-09-24HE,unknown,train,uniform,3072,14848,512,,images/s49ba52_003072_014848.jpg,context/s49ba52_003072_014848.jpg
s49ba52_f05,s49ba52,116,5,R22-063-14_HE,unknown,2025-09-24HE,unknown,train,uniform,5632,13824,512,,images/s49ba52_005632_013824.jpg,context/s49ba52_005632_013824.jpg
s49ba52_f06,s49ba52,116,6,R22-063-14_HE,unknown,2025-09-24HE,unknown,train,uniform,13824,11264,512,,images/s49ba52_013824_011264.jpg,context/s49ba52_013824_011264.jpg
s49ba52_f07,s49ba52,116,7,R22-063-14_HE,unknown,2025-09-24HE,unknown,train,uniform,15872,9216,512,,images/s49ba52_015872_009216.jpg,context/s49ba52_015872_009216.jpg
s49ba52_f08,s49ba52,116,8,R22-063-14_HE,unknown,2025-09-24HE,unknown,train,uniform,15360,11776,512,,images/s49ba52_015360_011776.jpg,context/s49ba52_015360_011776.jpg
s49ba52_f09,s49ba52,116,9,R22-063-14_HE,unknown,2025-09-24HE,unknown,train,uniform,6144,9216,512,,images/s49ba52_006144_009216.jpg,context/s49ba52_006144_009216.jpg
s49ba52_f10,s49ba52,116,10,R22-063-14_HE,unknown,2025-09-24HE,unknown,train,uniform,7168,12288,512,,images/s49ba52_007168_012288.jpg,context/s49ba52_007168_012288.jpg
s49ba52_f11,s49ba52,116,11,R22-063-14_HE,unknown,2025-09-24HE,unknown,train,uniform,12288,13312,512,,images/s49ba52_012288_013312.jpg,context/s49ba52_012288_013312.jpg
s49ba52_f12,s49ba52,116,12,R22-063-14_HE,unknown,2025-09-24HE,unknown,train,uniform,15872,6656,512,,images/s49ba52_015872_006656.jpg,context/s49ba52_015872_006656.jpg
s49ba52_f13,s49ba52,116,13,R22-063-14_HE,unknown,2025-09-24HE,unknown,train,uniform,20480,8192,512,,images/s49ba52_020480_008192.jpg,context/s49ba52_020480_008192.jpg
s49ba52_f14,s49ba52,116,14,R22-063-14_HE,unknown,2025-09-24HE,unknown,train,uniform,7680,10752,512,,images/s49ba52_007680_010752.jpg,context/s49ba52_007680_010752.jpg
s49ba52_f15,s49ba52,116,15,R22-063-14_HE,unknown,2025-09-24HE,unknown,train,uniform,18432,14848,512,,images/s49ba52_018432_014848.jpg,context/s49ba52_018432_014848.jpg
s49ba52_f16,s49ba52,116,16,R22-063-14_HE,unknown,2025-09-24HE,unknown,train,uniform,17920,18432,512,,images/s49ba52_017920_018432.jpg,context/s49ba52_017920_018432.jpg
s49ba52_f17,s49ba52,116,17,R22-063-14_HE,unknown,2025-09-24HE,unknown,train,repeat,12288,13312,512,,images/s49ba52_012288_013312.jpg,context/s49ba52_012288_013312.jpg
s49ba52_f18,s49ba52,116,18,R22-063-14_HE,unknown,2025-09-24HE,unknown,train,repeat,20480,8192,512,,images/s49ba52_020480_008192.jpg,context/s49ba52_020480_008192.jpg
sf5a9a6_f01,sf5a9a6,117,1,R25-345-19,unknown,2025-11-14HE,unknown,train,uniform,11264,26112,512,,images/sf5a9a6_011264_026112.jpg,context/sf5a9a6_011264_026112.jpg
sf5a9a6_f02,sf5a9a6,117,2,R25-345-19,unknown,2025-11-14HE,unknown,train,uniform,12288,9216,512,,images/sf5a9a6_012288_009216.jpg,context/sf5a9a6_012288_009216.jpg
sf5a9a6_f03,sf5a9a6,117,3,R25-345-19,unknown,2025-11-14HE,unknown,train,uniform,27136,29184,512,,images/sf5a9a6_027136_029184.jpg,context/sf5a9a6_027136_029184.jpg
sf5a9a6_f04,sf5a9a6,117,4,R25-345-19,unknown,2025-11-14HE,unknown,train,uniform,32768,10752,512,,images/sf5a9a6_032768_010752.jpg,context/sf5a9a6_032768_010752.jpg
sf5a9a6_f05,sf5a9a6,117,5,R25-345-19,unknown,2025-11-14HE,unknown,train,uniform,15360,32256,512,,images/sf5a9a6_015360_032256.jpg,context/sf5a9a6_015360_032256.jpg
sf5a9a6_f06,sf5a9a6,117,6,R25-345-19,unknown,2025-11-14HE,unknown,train,uniform,26624,8192,512,,images/sf5a9a6_026624_008192.jpg,context/sf5a9a6_026624_008192.jpg
sf5a9a6_f07,sf5a9a6,117,7,R25-345-19,unknown,2025-11-14HE,unknown,train,uniform,14848,16896,512,,images/sf5a9a6_014848_016896.jpg,context/sf5a9a6_014848_016896.jpg
sf5a9a6_f08,sf5a9a6,117,8,R25-345-19,unknown,2025-11-14HE,unknown,train,uniform,34304,16384,512,,images/sf5a9a6_034304_016384.jpg,context/sf5a9a6_034304_016384.jpg
sf5a9a6_f09,sf5a9a6,117,9,R25-345-19,unknown,2025-11-14HE,unknown,train,uniform,19456,13312,512,,images/sf5a9a6_019456_013312.jpg,context/sf5a9a6_019456_013312.jpg
sf5a9a6_f10,sf5a9a6,117,10,R25-345-19,unknown,2025-11-14HE,unknown,train,uniform,34816,11776,512,,images/sf5a9a6_034816_011776.jpg,context/sf5a9a6_034816_011776.jpg
sf5a9a6_f11,sf5a9a6,117,11,R25-345-19,unknown,2025-11-14HE,unknown,train,uniform,27648,11264,512,,images/sf5a9a6_027648_011264.jpg,context/sf5a9a6_027648_011264.jpg
sf5a9a6_f12,sf5a9a6,117,12,R25-345-19,unknown,2025-11-14HE,unknown,train,uniform,32256,6656,512,,images/sf5a9a6_032256_006656.jpg,context/sf5a9a6_032256_006656.jpg
sf5a9a6_f13,sf5a9a6,117,13,R25-345-19,unknown,2025-11-14HE,unknown,train,uniform,13312,32256,512,,images/sf5a9a6_013312_032256.jpg,context/sf5a9a6_013312_032256.jpg
sf5a9a6_f14,sf5a9a6,117,14,R25-345-19,unknown,2025-11-14HE,unknown,train,uniform,30208,22528,512,,images/sf5a9a6_030208_022528.jpg,context/sf5a9a6_030208_022528.jpg
sf5a9a6_f15,sf5a9a6,117,15,R25-345-19,unknown,2025-11-14HE,unknown,train,uniform,9728,12800,512,,images/sf5a9a6_009728_012800.jpg,context/sf5a9a6_009728_012800.jpg
sf5a9a6_f16,sf5a9a6,117,16,R25-345-19,unknown,2025-11-14HE,unknown,train,uniform,29184,2560,512,,images/sf5a9a6_029184_002560.jpg,context/sf5a9a6_029184_002560.jpg
sf5a9a6_f17,sf5a9a6,117,17,R25-345-19,unknown,2025-11-14HE,unknown,train,repeat,15360,32256,512,,images/sf5a9a6_015360_032256.jpg,context/sf5a9a6_015360_032256.jpg
sf5a9a6_f18,sf5a9a6,117,18,R25-345-19,unknown,2025-11-14HE,unknown,train,repeat,14848,16896,512,,images/sf5a9a6_014848_016896.jpg,context/sf5a9a6_014848_016896.jpg
s8bec9e_f01,s8bec9e,118,1,R26-041-3,unknown,P273-2026-02-13_Christina HE,unknown,train,uniform,30720,25088,512,,images/s8bec9e_030720_025088.jpg,context/s8bec9e_030720_025088.jpg
s8bec9e_f02,s8bec9e,118,2,R26-041-3,unknown,P273-2026-02-13_Christina HE,unknown,train,uniform,44544,14848,512,,images/s8bec9e_044544_014848.jpg,context/s8bec9e_044544_014848.jpg
s8bec9e_f03,s8bec9e,118,3,R26-041-3,unknown,P273-2026-02-13_Christina HE,unknown,train,uniform,24064,28672,512,,images/s8bec9e_024064_028672.jpg,context/s8bec9e_024064_028672.jpg
s8bec9e_f04,s8bec9e,118,4,R26-041-3,unknown,P273-2026-02-13_Christina HE,unknown,train,uniform,41984,22528,512,,images/s8bec9e_041984_022528.jpg,context/s8bec9e_041984_022528.jpg
s8bec9e_f05,s8bec9e,118,5,R26-041-3,unknown,P273-2026-02-13_Christina HE,unknown,train,uniform,37376,9216,512,,images/s8bec9e_037376_009216.jpg,context/s8bec9e_037376_009216.jpg
s8bec9e_f06,s8bec9e,118,6,R26-041-3,unknown,P273-2026-02-13_Christina HE,unknown,train,uniform,29696,19456,512,,images/s8bec9e_029696_019456.jpg,context/s8bec9e_029696_019456.jpg
s8bec9e_f07,s8bec9e,118,7,R26-041-3,unknown,P273-2026-02-13_Christina HE,unknown,train,uniform,16384,15360,512,,images/s8bec9e_016384_015360.jpg,context/s8bec9e_016384_015360.jpg
s8bec9e_f08,s8bec9e,118,8,R26-041-3,unknown,P273-2026-02-13_Christina HE,unknown,train,uniform,7168,11776,512,,images/s8bec9e_007168_011776.jpg,context/s8bec9e_007168_011776.jpg
s8bec9e_f09,s8bec9e,118,9,R26-041-3,unknown,P273-2026-02-13_Christina HE,unknown,train,uniform,44032,30208,512,,images/s8bec9e_044032_030208.jpg,context/s8bec9e_044032_030208.jpg
s8bec9e_f10,s8bec9e,118,10,R26-041-3,unknown,P273-2026-02-13_Christina HE,unknown,train,uniform,24064,19456,512,,images/s8bec9e_024064_019456.jpg,context/s8bec9e_024064_019456.jpg
s8bec9e_f11,s8bec9e,118,11,R26-041-3,unknown,P273-2026-02-13_Christina HE,unknown,train,uniform,37376,27136,512,,images/s8bec9e_037376_027136.jpg,context/s8bec9e_037376_027136.jpg
s8bec9e_f12,s8bec9e,118,12,R26-041-3,unknown,P273-2026-02-13_Christina HE,unknown,train,uniform,47104,15872,512,,images/s8bec9e_047104_015872.jpg,context/s8bec9e_047104_015872.jpg
s8bec9e_f13,s8bec9e,118,13,R26-041-3,unknown,P273-2026-02-13_Christina HE,unknown,train,uniform,36864,14848,512,,images/s8bec9e_036864_014848.jpg,context/s8bec9e_036864_014848.jpg
s8bec9e_f14,s8bec9e,118,14,R26-041-3,unknown,P273-2026-02-13_Christina HE,unknown,train,uniform,18944,13312,512,,images/s8bec9e_018944_013312.jpg,context/s8bec9e_018944_013312.jpg
s8bec9e_f15,s8bec9e,118,15,R26-041-3,unknown,P273-2026-02-13_Christina HE,unknown,train,uniform,3072,20480,512,,images/s8bec9e_003072_020480.jpg,context/s8bec9e_003072_020480.jpg
s8bec9e_f16,s8bec9e,118,16,R26-041-3,unknown,P273-2026-02-13_Christina HE,unknown,train,uniform,28672,32768,512,,images/s8bec9e_028672_032768.jpg,context/s8bec9e_028672_032768.jpg
s8bec9e_f17,s8bec9e,118,17,R26-041-3,unknown,P273-2026-02-13_Christina HE,unknown,train,repeat,30720,25088,512,,images/s8bec9e_030720_025088.jpg,context/s8bec9e_030720_025088.jpg
s8bec9e_f18,s8bec9e,118,18,R26-041-3,unknown,P273-2026-02-13_Christina HE,unknown,train,repeat,29696,19456,512,,images/s8bec9e_029696_019456.jpg,context/s8bec9e_029696_019456.jpg
sef6fa1_f01,sef6fa1,119,1,R25-264-37,MASH,2025-08-25HE,unknown,train,uniform,16896,10240,512,0.1571447244680573,images/sef6fa1_016896_010240.jpg,context/sef6fa1_016896_010240.jpg
sef6fa1_f02,sef6fa1,119,2,R25-264-37,MASH,2025-08-25HE,unknown,train,uniform,15360,20480,512,5.700414534596878,images/sef6fa1_015360_020480.jpg,context/sef6fa1_015360_020480.jpg
sef6fa1_f03,sef6fa1,119,3,R25-264-37,MASH,2025-08-25HE,unknown,train,uniform,6144,20992,512,4.651613525298859,images/sef6fa1_006144_020992.jpg,context/sef6fa1_006144_020992.jpg
sef6fa1_f04,sef6fa1,119,4,R25-264-37,MASH,2025-08-25HE,unknown,train,uniform,13824,20992,512,1.1851252347149357,images/sef6fa1_013824_020992.jpg,context/sef6fa1_013824_020992.jpg
sef6fa1_f05,sef6fa1,119,5,R25-264-37,MASH,2025-08-25HE,unknown,train,uniform,30720,10240,512,4.927101122796373,images/sef6fa1_030720_010240.jpg,context/sef6fa1_030720_010240.jpg
sef6fa1_f06,sef6fa1,119,6,R25-264-37,MASH,2025-08-25HE,unknown,train,uniform,26112,10240,512,3.2603832813734233,images/sef6fa1_026112_010240.jpg,context/sef6fa1_026112_010240.jpg
sef6fa1_f07,sef6fa1,119,7,R25-264-37,MASH,2025-08-25HE,unknown,train,uniform,13824,9216,512,1.8949417585311057,images/sef6fa1_013824_009216.jpg,context/sef6fa1_013824_009216.jpg
sef6fa1_f08,sef6fa1,119,8,R25-264-37,MASH,2025-08-25HE,unknown,train,uniform,18944,10240,512,0.9527323201521468,images/sef6fa1_018944_010240.jpg,context/sef6fa1_018944_010240.jpg
sef6fa1_f09,sef6fa1,119,9,R25-264-37,MASH,2025-08-25HE,unknown,train,uniform,27136,20480,512,2.5669031145682153,images/sef6fa1_027136_020480.jpg,context/sef6fa1_027136_020480.jpg
sef6fa1_f10,sef6fa1,119,10,R25-264-37,MASH,2025-08-25HE,unknown,train,uniform,22528,7680,512,2.7750184464246694,images/sef6fa1_022528_007680.jpg,context/sef6fa1_022528_007680.jpg
sef6fa1_f11,sef6fa1,119,11,R25-264-37,MASH,2025-08-25HE,unknown,train,uniform,29696,7680,512,2.6851641453453463,images/sef6fa1_029696_007680.jpg,context/sef6fa1_029696_007680.jpg
sef6fa1_f12,sef6fa1,119,12,R25-264-37,MASH,2025-08-25HE,unknown,train,uniform,31232,7168,512,2.527254916092151,images/sef6fa1_031232_007168.jpg,context/sef6fa1_031232_007168.jpg
sef6fa1_f13,sef6fa1,119,13,R25-264-37,MASH,2025-08-25HE,unknown,train,uniform,28160,19968,512,4.79822668842039,images/sef6fa1_028160_019968.jpg,context/sef6fa1_028160_019968.jpg
sef6fa1_f14,sef6fa1,119,14,R25-264-37,MASH,2025-08-25HE,unknown,train,uniform,21504,8704,512,2.2854209622923713,images/sef6fa1_021504_008704.jpg,context/sef6fa1_021504_008704.jpg
sef6fa1_f15,sef6fa1,119,15,R25-264-37,MASH,2025-08-25HE,unknown,train,uniform,31744,8192,512,2.1052106571099225,images/sef6fa1_031744_008192.jpg,context/sef6fa1_031744_008192.jpg
sef6fa1_f16,sef6fa1,119,16,R25-264-37,MASH,2025-08-25HE,unknown,train,uniform,33792,7680,512,0.5569341854855752,images/sef6fa1_033792_007680.jpg,context/sef6fa1_033792_007680.jpg
sef6fa1_f17,sef6fa1,119,17,R25-264-37,MASH,2025-08-25HE,unknown,train,repeat,13824,9216,512,1.8949417585311057,images/sef6fa1_013824_009216.jpg,context/sef6fa1_013824_009216.jpg
sef6fa1_f18,sef6fa1,119,18,R25-264-37,MASH,2025-08-25HE,unknown,train,repeat,31744,8192,512,2.1052106571099225,images/sef6fa1_031744_008192.jpg,context/sef6fa1_031744_008192.jpg
s483d64_f01,s483d64,120,1,R26-122-25_HE_100,CCl4,2026-04-20_CCl4_HE,unknown,train,uniform,24064,15360,512,,images/s483d64_024064_015360.jpg,context/s483d64_024064_015360.jpg
s483d64_f02,s483d64,120,2,R26-122-25_HE_100,CCl4,2026-04-20_CCl4_HE,unknown,train,uniform,8704,13312,512,,images/s483d64_008704_013312.jpg,context/s483d64_008704_013312.jpg
s483d64_f03,s483d64,120,3,R26-122-25_HE_100,CCl4,2026-04-20_CCl4_HE,unknown,train,uniform,12288,16384,512,,images/s483d64_012288_016384.jpg,context/s483d64_012288_016384.jpg
s483d64_f04,s483d64,120,4,R26-122-25_HE_100,CCl4,2026-04-20_CCl4_HE,unknown,train,uniform,24064,20480,512,,images/s483d64_024064_020480.jpg,context/s483d64_024064_020480.jpg
s483d64_f05,s483d64,120,5,R26-122-25_HE_100,CCl4,2026-04-20_CCl4_HE,unknown,train,uniform,19456,16384,512,,images/s483d64_019456_016384.jpg,context/s483d64_019456_016384.jpg
s483d64_f06,s483d64,120,6,R26-122-25_HE_100,CCl4,2026-04-20_CCl4_HE,unknown,train,uniform,8192,19456,512,,images/s483d64_008192_019456.jpg,context/s483d64_008192_019456.jpg
s483d64_f07,s483d64,120,7,R26-122-25_HE_100,CCl4,2026-04-20_CCl4_HE,unknown,train,uniform,22528,13312,512,,images/s483d64_022528_013312.jpg,context/s483d64_022528_013312.jpg
s483d64_f08,s483d64,120,8,R26-122-25_HE_100,CCl4,2026-04-20_CCl4_HE,unknown,train,uniform,8704,8704,512,,images/s483d64_008704_008704.jpg,context/s483d64_008704_008704.jpg
s483d64_f09,s483d64,120,9,R26-122-25_HE_100,CCl4,2026-04-20_CCl4_HE,unknown,train,uniform,16896,5632,512,,images/s483d64_016896_005632.jpg,context/s483d64_016896_005632.jpg
s483d64_f10,s483d64,120,10,R26-122-25_HE_100,CCl4,2026-04-20_CCl4_HE,unknown,train,uniform,17408,11264,512,,images/s483d64_017408_011264.jpg,context/s483d64_017408_011264.jpg
s483d64_f11,s483d64,120,11,R26-122-25_HE_100,CCl4,2026-04-20_CCl4_HE,unknown,train,uniform,6656,19968,512,,images/s483d64_006656_019968.jpg,context/s483d64_006656_019968.jpg
s483d64_f12,s483d64,120,12,R26-122-25_HE_100,CCl4,2026-04-20_CCl4_HE,unknown,train,uniform,6656,20480,512,,images/s483d64_006656_020480.jpg,context/s483d64_006656_020480.jpg
s483d64_f13,s483d64,120,13,R26-122-25_HE_100,CCl4,2026-04-20_CCl4_HE,unknown,train,uniform,5632,11776,512,,images/s483d64_005632_011776.jpg,context/s483d64_005632_011776.jpg
s483d64_f14,s483d64,120,14,R26-122-25_HE_100,CCl4,2026-04-20_CCl4_HE,unknown,train,uniform,24576,19456,512,,images/s483d64_024576_019456.jpg,context/s483d64_024576_019456.jpg
s483d64_f15,s483d64,120,15,R26-122-25_HE_100,CCl4,2026-04-20_CCl4_HE,unknown,train,uniform,5120,9728,512,,images/s483d64_005120_009728.jpg,context/s483d64_005120_009728.jpg
s483d64_f16,s483d64,120,16,R26-122-25_HE_100,CCl4,2026-04-20_CCl4_HE,unknown,train,uniform,12800,6656,512,,images/s483d64_012800_006656.jpg,context/s483d64_012800_006656.jpg
s483d64_f17,s483d64,120,17,R26-122-25_HE_100,CCl4,2026-04-20_CCl4_HE,unknown,train,repeat,6656,19968,512,,images/s483d64_006656_019968.jpg,context/s483d64_006656_019968.jpg
s483d64_f18,s483d64,120,18,R26-122-25_HE_100,CCl4,2026-04-20_CCl4_HE,unknown,train,repeat,6656,20480,512,,images/s483d64_006656_020480.jpg,context/s483d64_006656_020480.jpg
sa66716_f01,sa66716,121,1,R25-264-16,MASH,2025-08-25HE,unknown,train,uniform,36352,3072,512,,images/sa66716_036352_003072.jpg,context/sa66716_036352_003072.jpg
sa66716_f02,sa66716,121,2,R25-264-16,MASH,2025-08-25HE,unknown,train,uniform,26112,9216,512,,images/sa66716_026112_009216.jpg,context/sa66716_026112_009216.jpg
sa66716_f03,sa66716,121,3,R25-264-16,MASH,2025-08-25HE,unknown,train,uniform,17408,24064,512,,images/sa66716_017408_024064.jpg,context/sa66716_017408_024064.jpg
sa66716_f04,sa66716,121,4,R25-264-16,MASH,2025-08-25HE,unknown,train,uniform,40960,7680,512,,images/sa66716_040960_007680.jpg,context/sa66716_040960_007680.jpg
sa66716_f05,sa66716,121,5,R25-264-16,MASH,2025-08-25HE,unknown,train,uniform,12800,16896,512,,images/sa66716_012800_016896.jpg,context/sa66716_012800_016896.jpg
sa66716_f06,sa66716,121,6,R25-264-16,MASH,2025-08-25HE,unknown,train,uniform,4608,27136,512,,images/sa66716_004608_027136.jpg,context/sa66716_004608_027136.jpg
sa66716_f07,sa66716,121,7,R25-264-16,MASH,2025-08-25HE,unknown,train,uniform,24064,20480,512,,images/sa66716_024064_020480.jpg,context/sa66716_024064_020480.jpg
sa66716_f08,sa66716,121,8,R25-264-16,MASH,2025-08-25HE,unknown,train,uniform,27136,8192,512,,images/sa66716_027136_008192.jpg,context/sa66716_027136_008192.jpg
sa66716_f09,sa66716,121,9,R25-264-16,MASH,2025-08-25HE,unknown,train,uniform,25600,27648,512,,images/sa66716_025600_027648.jpg,context/sa66716_025600_027648.jpg
sa66716_f10,sa66716,121,10,R25-264-16,MASH,2025-08-25HE,unknown,train,uniform,12800,26112,512,,images/sa66716_012800_026112.jpg,context/sa66716_012800_026112.jpg
sa66716_f11,sa66716,121,11,R25-264-16,MASH,2025-08-25HE,unknown,train,uniform,4096,20992,512,,images/sa66716_004096_020992.jpg,context/sa66716_004096_020992.jpg
sa66716_f12,sa66716,121,12,R25-264-16,MASH,2025-08-25HE,unknown,train,uniform,7680,12800,512,,images/sa66716_007680_012800.jpg,context/sa66716_007680_012800.jpg
sa66716_f13,sa66716,121,13,R25-264-16,MASH,2025-08-25HE,unknown,train,uniform,25088,3584,512,,images/sa66716_025088_003584.jpg,context/sa66716_025088_003584.jpg
sa66716_f14,sa66716,121,14,R25-264-16,MASH,2025-08-25HE,unknown,train,uniform,30208,9728,512,,images/sa66716_030208_009728.jpg,context/sa66716_030208_009728.jpg
sa66716_f15,sa66716,121,15,R25-264-16,MASH,2025-08-25HE,unknown,train,uniform,12800,9216,512,,images/sa66716_012800_009216.jpg,context/sa66716_012800_009216.jpg
sa66716_f16,sa66716,121,16,R25-264-16,MASH,2025-08-25HE,unknown,train,uniform,18944,13312,512,,images/sa66716_018944_013312.jpg,context/sa66716_018944_013312.jpg
sa66716_f17,sa66716,121,17,R25-264-16,MASH,2025-08-25HE,unknown,train,repeat,12800,16896,512,,images/sa66716_012800_016896.jpg,context/sa66716_012800_016896.jpg
sa66716_f18,sa66716,121,18,R25-264-16,MASH,2025-08-25HE,unknown,train,repeat,40960,7680,512,,images/sa66716_040960_007680.jpg,context/sa66716_040960_007680.jpg
s6487e9_f01,s6487e9,122,1,R26-122-9_HE_78,CCl4,2026-04-20_CCl4_HE,unknown,test,uniform,16896,20480,512,1.8168079370399135,images/s6487e9_016896_020480.jpg,context/s6487e9_016896_020480.jpg
s6487e9_f02,s6487e9,122,2,R26-122-9_HE_78,CCl4,2026-04-20_CCl4_HE,unknown,test,uniform,5632,20480,512,5.088318756445715,images/s6487e9_005632_020480.jpg,context/s6487e9_005632_020480.jpg
s6487e9_f03,s6487e9,122,3,R26-122-9_HE_78,CCl4,2026-04-20_CCl4_HE,unknown,test,uniform,13824,18944,512,3.985339483000676,images/s6487e9_013824_018944.jpg,context/s6487e9_013824_018944.jpg
s6487e9_f04,s6487e9,122,4,R26-122-9_HE_78,CCl4,2026-04-20_CCl4_HE,unknown,test,uniform,8704,12288,512,4.560925118234434,images/s6487e9_008704_012288.jpg,context/s6487e9_008704_012288.jpg
s6487e9_f05,s6487e9,122,5,R26-122-9_HE_78,CCl4,2026-04-20_CCl4_HE,unknown,test,uniform,12288,20480,512,1.9427115341305048,images/s6487e9_012288_020480.jpg,context/s6487e9_012288_020480.jpg
s6487e9_f06,s6487e9,122,6,R26-122-9_HE_78,CCl4,2026-04-20_CCl4_HE,unknown,test,uniform,10752,10752,512,0.7381416933323283,images/s6487e9_010752_010752.jpg,context/s6487e9_010752_010752.jpg
s6487e9_f07,s6487e9,122,7,R26-122-9_HE_78,CCl4,2026-04-20_CCl4_HE,unknown,test,uniform,7168,10752,512,3.789418614076346,images/s6487e9_007168_010752.jpg,context/s6487e9_007168_010752.jpg
s6487e9_f08,s6487e9,122,8,R26-122-9_HE_78,CCl4,2026-04-20_CCl4_HE,unknown,test,uniform,3584,13312,512,3.462468996896886,images/s6487e9_003584_013312.jpg,context/s6487e9_003584_013312.jpg
s6487e9_f09,s6487e9,122,9,R26-122-9_HE_78,CCl4,2026-04-20_CCl4_HE,unknown,test,uniform,7680,12288,512,7.987748458619828,images/s6487e9_007680_012288.jpg,context/s6487e9_007680_012288.jpg
s6487e9_f10,s6487e9,122,10,R26-122-9_HE_78,CCl4,2026-04-20_CCl4_HE,unknown,test,uniform,9728,11264,512,1.4472082768446546,images/s6487e9_009728_011264.jpg,context/s6487e9_009728_011264.jpg
s6487e9_f11,s6487e9,122,11,R26-122-9_HE_78,CCl4,2026-04-20_CCl4_HE,unknown,test,uniform,12800,12800,512,2.395602111862864,images/s6487e9_012800_012800.jpg,context/s6487e9_012800_012800.jpg
s6487e9_f12,s6487e9,122,12,R26-122-9_HE_78,CCl4,2026-04-20_CCl4_HE,unknown,test,uniform,7680,20480,512,4.89994664918327,images/s6487e9_007680_020480.jpg,context/s6487e9_007680_020480.jpg
s6487e9_f13,s6487e9,122,13,R26-122-9_HE_78,CCl4,2026-04-20_CCl4_HE,unknown,test,uniform,12288,11776,512,2.7313356911090296,images/s6487e9_012288_011776.jpg,context/s6487e9_012288_011776.jpg
s6487e9_f14,s6487e9,122,14,R26-122-9_HE_78,CCl4,2026-04-20_CCl4_HE,unknown,test,uniform,15360,19968,512,3.279339950534767,images/s6487e9_015360_019968.jpg,context/s6487e9_015360_019968.jpg
s6487e9_f15,s6487e9,122,15,R26-122-9_HE_78,CCl4,2026-04-20_CCl4_HE,unknown,test,uniform,10752,19456,512,2.7308314416461563,images/s6487e9_010752_019456.jpg,context/s6487e9_010752_019456.jpg
s6487e9_f16,s6487e9,122,16,R26-122-9_HE_78,CCl4,2026-04-20_CCl4_HE,unknown,test,uniform,5120,19968,512,,images/s6487e9_005120_019968.jpg,context/s6487e9_005120_019968.jpg
s6487e9_f17,s6487e9,122,17,R26-122-9_HE_78,CCl4,2026-04-20_CCl4_HE,unknown,test,repeat,5632,20480,512,5.088318756445715,images/s6487e9_005632_020480.jpg,context/s6487e9_005632_020480.jpg
s6487e9_f18,s6487e9,122,18,R26-122-9_HE_78,CCl4,2026-04-20_CCl4_HE,unknown,test,repeat,10752,10752,512,0.7381416933323283,images/s6487e9_010752_010752.jpg,context/s6487e9_010752_010752.jpg
sd7f4ea_f01,sd7f4ea,123,1,R25-264-36,MASH,2025-08-25HE,unknown,train,uniform,35328,16384,512,6.756238217964828,images/sd7f4ea_035328_016384.jpg,context/sd7f4ea_035328_016384.jpg
sd7f4ea_f02,sd7f4ea,123,2,R25-264-36,MASH,2025-08-25HE,unknown,train,uniform,32256,20480,512,6.224493873609761,images/sd7f4ea_032256_020480.jpg,context/sd7f4ea_032256_020480.jpg
sd7f4ea_f03,sd7f4ea,123,3,R25-264-36,MASH,2025-08-25HE,unknown,train,uniform,20480,11776,512,3.058450667421055,images/sd7f4ea_020480_011776.jpg,context/sd7f4ea_020480_011776.jpg
sd7f4ea_f04,sd7f4ea,123,4,R25-264-36,MASH,2025-08-25HE,unknown,train,uniform,29696,12288,512,2.132378146340339,images/sd7f4ea_029696_012288.jpg,context/sd7f4ea_029696_012288.jpg
sd7f4ea_f05,sd7f4ea,123,5,R25-264-36,MASH,2025-08-25HE,unknown,train,uniform,21504,6656,512,2.1125724186980723,images/sd7f4ea_021504_006656.jpg,context/sd7f4ea_021504_006656.jpg
sd7f4ea_f06,sd7f4ea,123,6,R25-264-36,MASH,2025-08-25HE,unknown,train,uniform,25600,11776,512,-0.3773033183959158,images/sd7f4ea_025600_011776.jpg,context/sd7f4ea_025600_011776.jpg
sd7f4ea_f07,sd7f4ea,123,7,R25-264-36,MASH,2025-08-25HE,unknown,train,uniform,11776,7680,512,1.0903700786202548,images/sd7f4ea_011776_007680.jpg,context/sd7f4ea_011776_007680.jpg
sd7f4ea_f08,sd7f4ea,123,8,R25-264-36,MASH,2025-08-25HE,unknown,train,uniform,20992,12288,512,1.873187725566083,images/sd7f4ea_020992_012288.jpg,context/sd7f4ea_020992_012288.jpg
sd7f4ea_f09,sd7f4ea,123,9,R25-264-36,MASH,2025-08-25HE,unknown,train,uniform,5120,16384,512,3.5401201906490116,images/sd7f4ea_005120_016384.jpg,context/sd7f4ea_005120_016384.jpg
sd7f4ea_f10,sd7f4ea,123,10,R25-264-36,MASH,2025-08-25HE,unknown,train,uniform,7168,7680,512,3.790093842940211,images/sd7f4ea_007168_007680.jpg,context/sd7f4ea_007168_007680.jpg
sd7f4ea_f11,sd7f4ea,123,11,R25-264-36,MASH,2025-08-25HE,unknown,train,uniform,28160,11776,512,2.5377742592432813,images/sd7f4ea_028160_011776.jpg,context/sd7f4ea_028160_011776.jpg
sd7f4ea_f12,sd7f4ea,123,12,R25-264-36,MASH,2025-08-25HE,unknown,train,uniform,7168,12288,512,,images/sd7f4ea_007168_012288.jpg,context/sd7f4ea_007168_012288.jpg
sd7f4ea_f13,sd7f4ea,123,13,R25-264-36,MASH,2025-08-25HE,unknown,train,uniform,3584,16384,512,2.8768914908158263,images/sd7f4ea_003584_016384.jpg,context/sd7f4ea_003584_016384.jpg
sd7f4ea_f14,sd7f4ea,123,14,R25-264-36,MASH,2025-08-25HE,unknown,train,uniform,33792,20480,512,-4.1158698385886225,images/sd7f4ea_033792_020480.jpg,context/sd7f4ea_033792_020480.jpg
sd7f4ea_f15,sd7f4ea,123,15,R25-264-36,MASH,2025-08-25HE,unknown,train,uniform,12288,21504,512,3.5287020796995336,images/sd7f4ea_012288_021504.jpg,context/sd7f4ea_012288_021504.jpg
sd7f4ea_f16,sd7f4ea,123,16,R25-264-36,MASH,2025-08-25HE,unknown,train,uniform,19968,7168,512,-0.8411746344066359,images/sd7f4ea_019968_007168.jpg,context/sd7f4ea_019968_007168.jpg
sd7f4ea_f17,sd7f4ea,123,17,R25-264-36,MASH,2025-08-25HE,unknown,train,repeat,33792,20480,512,-4.1158698385886225,images/sd7f4ea_033792_020480.jpg,context/sd7f4ea_033792_020480.jpg
sd7f4ea_f18,sd7f4ea,123,18,R25-264-36,MASH,2025-08-25HE,unknown,train,repeat,32256,20480,512,6.224493873609761,images/sd7f4ea_032256_020480.jpg,context/sd7f4ea_032256_020480.jpg
s78d4a7_f01,s78d4a7,124,1,R26-122-2_HE_71,CCl4,2026-04-20_CCl4_HE,unknown,train,uniform,17408,13312,512,5.175516566862483,images/s78d4a7_017408_013312.jpg,context/s78d4a7_017408_013312.jpg
s78d4a7_f02,s78d4a7,124,2,R26-122-2_HE_71,CCl4,2026-04-20_CCl4_HE,unknown,train,uniform,13824,9728,512,2.9436792489383663,images/s78d4a7_013824_009728.jpg,context/s78d4a7_013824_009728.jpg
s78d4a7_f03,s78d4a7,124,3,R26-122-2_HE_71,CCl4,2026-04-20_CCl4_HE,unknown,train,uniform,18944,9728,512,4.209209925518988,images/s78d4a7_018944_009728.jpg,context/s78d4a7_018944_009728.jpg
s78d4a7_f04,s78d4a7,124,4,R26-122-2_HE_71,CCl4,2026-04-20_CCl4_HE,unknown,train,uniform,3072,12800,512,1.676702576350268,images/s78d4a7_003072_012800.jpg,context/s78d4a7_003072_012800.jpg
s78d4a7_f05,s78d4a7,124,5,R26-122-2_HE_71,CCl4,2026-04-20_CCl4_HE,unknown,train,uniform,17920,11776,512,-1.3662865035439768,images/s78d4a7_017920_011776.jpg,context/s78d4a7_017920_011776.jpg
s78d4a7_f06,s78d4a7,124,6,R26-122-2_HE_71,CCl4,2026-04-20_CCl4_HE,unknown,train,uniform,9728,13312,512,2.7482391532359305,images/s78d4a7_009728_013312.jpg,context/s78d4a7_009728_013312.jpg
s78d4a7_f07,s78d4a7,124,7,R26-122-2_HE_71,CCl4,2026-04-20_CCl4_HE,unknown,train,uniform,14336,11776,512,4.3241071519114955,images/s78d4a7_014336_011776.jpg,context/s78d4a7_014336_011776.jpg
s78d4a7_f08,s78d4a7,124,8,R26-122-2_HE_71,CCl4,2026-04-20_CCl4_HE,unknown,train,uniform,22528,12288,512,3.297016565515912,images/s78d4a7_022528_012288.jpg,context/s78d4a7_022528_012288.jpg
s78d4a7_f09,s78d4a7,124,9,R26-122-2_HE_71,CCl4,2026-04-20_CCl4_HE,unknown,train,uniform,14848,9728,512,5.04648444144177,images/s78d4a7_014848_009728.jpg,context/s78d4a7_014848_009728.jpg
s78d4a7_f10,s78d4a7,124,10,R26-122-2_HE_71,CCl4,2026-04-20_CCl4_HE,unknown,train,uniform,15872,13312,512,5.595475498869039,images/s78d4a7_015872_013312.jpg,context/s78d4a7_015872_013312.jpg
s78d4a7_f11,s78d4a7,124,11,R26-122-2_HE_71,CCl4,2026-04-20_CCl4_HE,unknown,train,uniform,22016,10752,512,2.136842795003727,images/s78d4a7_022016_010752.jpg,context/s78d4a7_022016_010752.jpg
s78d4a7_f12,s78d4a7,124,12,R26-122-2_HE_71,CCl4,2026-04-20_CCl4_HE,unknown,train,uniform,11776,12800,512,1.6634008248213,images/s78d4a7_011776_012800.jpg,context/s78d4a7_011776_012800.jpg
s78d4a7_f13,s78d4a7,124,13,R26-122-2_HE_71,CCl4,2026-04-20_CCl4_HE,unknown,train,uniform,22528,11776,512,0.3886847342040843,images/s78d4a7_022528_011776.jpg,context/s78d4a7_022528_011776.jpg
s78d4a7_f14,s78d4a7,124,14,R26-122-2_HE_71,CCl4,2026-04-20_CCl4_HE,unknown,train,uniform,11264,9728,512,-1.8676883237005488,images/s78d4a7_011264_009728.jpg,context/s78d4a7_011264_009728.jpg
s78d4a7_f15,s78d4a7,124,15,R26-122-2_HE_71,CCl4,2026-04-20_CCl4_HE,unknown,train,uniform,8192,11264,512,3.607487938675723,images/s78d4a7_008192_011264.jpg,context/s78d4a7_008192_011264.jpg
s78d4a7_f16,s78d4a7,124,16,R26-122-2_HE_71,CCl4,2026-04-20_CCl4_HE,unknown,train,uniform,6144,13312,512,0.2911742649151063,images/s78d4a7_006144_013312.jpg,context/s78d4a7_006144_013312.jpg
s78d4a7_f17,s78d4a7,124,17,R26-122-2_HE_71,CCl4,2026-04-20_CCl4_HE,unknown,train,repeat,6144,13312,512,0.2911742649151063,images/s78d4a7_006144_013312.jpg,context/s78d4a7_006144_013312.jpg
s78d4a7_f18,s78d4a7,124,18,R26-122-2_HE_71,CCl4,2026-04-20_CCl4_HE,unknown,train,repeat,14336,11776,512,4.3241071519114955,images/s78d4a7_014336_011776.jpg,context/s78d4a7_014336_011776.jpg
s478793_f01,s478793,125,1,R25-264-40,MASH,2025-08-25HE,unknown,train,uniform,23552,23552,512,,images/s478793_023552_023552.jpg,context/s478793_023552_023552.jpg
s478793_f02,s478793,125,2,R25-264-40,MASH,2025-08-25HE,unknown,train,uniform,11776,17408,512,,images/s478793_011776_017408.jpg,context/s478793_011776_017408.jpg
s478793_f03,s478793,125,3,R25-264-40,MASH,2025-08-25HE,unknown,train,uniform,22016,22016,512,,images/s478793_022016_022016.jpg,context/s478793_022016_022016.jpg
s478793_f04,s478793,125,4,R25-264-40,MASH,2025-08-25HE,unknown,train,uniform,10752,13824,512,,images/s478793_010752_013824.jpg,context/s478793_010752_013824.jpg
s478793_f05,s478793,125,5,R25-264-40,MASH,2025-08-25HE,unknown,train,uniform,27648,18432,512,,images/s478793_027648_018432.jpg,context/s478793_027648_018432.jpg
s478793_f06,s478793,125,6,R25-264-40,MASH,2025-08-25HE,unknown,train,uniform,9728,25600,512,,images/s478793_009728_025600.jpg,context/s478793_009728_025600.jpg
s478793_f07,s478793,125,7,R25-264-40,MASH,2025-08-25HE,unknown,train,uniform,32256,12800,512,,images/s478793_032256_012800.jpg,context/s478793_032256_012800.jpg
s478793_f08,s478793,125,8,R25-264-40,MASH,2025-08-25HE,unknown,train,uniform,3072,19456,512,,images/s478793_003072_019456.jpg,context/s478793_003072_019456.jpg
s478793_f09,s478793,125,9,R25-264-40,MASH,2025-08-25HE,unknown,train,uniform,19456,15360,512,,images/s478793_019456_015360.jpg,context/s478793_019456_015360.jpg
s478793_f10,s478793,125,10,R25-264-40,MASH,2025-08-25HE,unknown,train,uniform,25088,18432,512,,images/s478793_025088_018432.jpg,context/s478793_025088_018432.jpg
s478793_f11,s478793,125,11,R25-264-40,MASH,2025-08-25HE,unknown,train,uniform,26624,15872,512,,images/s478793_026624_015872.jpg,context/s478793_026624_015872.jpg
s478793_f12,s478793,125,12,R25-264-40,MASH,2025-08-25HE,unknown,train,uniform,12800,8192,512,,images/s478793_012800_008192.jpg,context/s478793_012800_008192.jpg
s478793_f13,s478793,125,13,R25-264-40,MASH,2025-08-25HE,unknown,train,uniform,17920,11776,512,,images/s478793_017920_011776.jpg,context/s478793_017920_011776.jpg
s478793_f14,s478793,125,14,R25-264-40,MASH,2025-08-25HE,unknown,train,uniform,25600,16384,512,,images/s478793_025600_016384.jpg,context/s478793_025600_016384.jpg
s478793_f15,s478793,125,15,R25-264-40,MASH,2025-08-25HE,unknown,train,uniform,11264,24576,512,,images/s478793_011264_024576.jpg,context/s478793_011264_024576.jpg
s478793_f16,s478793,125,16,R25-264-40,MASH,2025-08-25HE,unknown,train,uniform,25088,1536,512,,images/s478793_025088_001536.jpg,context/s478793_025088_001536.jpg
s478793_f17,s478793,125,17,R25-264-40,MASH,2025-08-25HE,unknown,train,repeat,32256,12800,512,,images/s478793_032256_012800.jpg,context/s478793_032256_012800.jpg
s478793_f18,s478793,125,18,R25-264-40,MASH,2025-08-25HE,unknown,train,repeat,27648,18432,512,,images/s478793_027648_018432.jpg,context/s478793_027648_018432.jpg
s295225_f01,s295225,126,1,R26-122-5_HE_117,CCl4,2026-04-20_CCl4_HE,unknown,train,uniform,10752,11264,512,,images/s295225_010752_011264.jpg,context/s295225_010752_011264.jpg
s295225_f02,s295225,126,2,R26-122-5_HE_117,CCl4,2026-04-20_CCl4_HE,unknown,train,uniform,16896,12288,512,,images/s295225_016896_012288.jpg,context/s295225_016896_012288.jpg
s295225_f03,s295225,126,3,R26-122-5_HE_117,CCl4,2026-04-20_CCl4_HE,unknown,train,uniform,4608,8704,512,,images/s295225_004608_008704.jpg,context/s295225_004608_008704.jpg
s295225_f04,s295225,126,4,R26-122-5_HE_117,CCl4,2026-04-20_CCl4_HE,unknown,train,uniform,9216,9216,512,,images/s295225_009216_009216.jpg,context/s295225_009216_009216.jpg
s295225_f05,s295225,126,5,R26-122-5_HE_117,CCl4,2026-04-20_CCl4_HE,unknown,train,uniform,16384,2560,512,,images/s295225_016384_002560.jpg,context/s295225_016384_002560.jpg
s295225_f06,s295225,126,6,R26-122-5_HE_117,CCl4,2026-04-20_CCl4_HE,unknown,train,uniform,18432,18432,512,,images/s295225_018432_018432.jpg,context/s295225_018432_018432.jpg
s295225_f07,s295225,126,7,R26-122-5_HE_117,CCl4,2026-04-20_CCl4_HE,unknown,train,uniform,14336,4608,512,,images/s295225_014336_004608.jpg,context/s295225_014336_004608.jpg
s295225_f08,s295225,126,8,R26-122-5_HE_117,CCl4,2026-04-20_CCl4_HE,unknown,train,uniform,18432,15360,512,,images/s295225_018432_015360.jpg,context/s295225_018432_015360.jpg
s295225_f09,s295225,126,9,R26-122-5_HE_117,CCl4,2026-04-20_CCl4_HE,unknown,train,uniform,10240,7168,512,,images/s295225_010240_007168.jpg,context/s295225_010240_007168.jpg
s295225_f10,s295225,126,10,R26-122-5_HE_117,CCl4,2026-04-20_CCl4_HE,unknown,train,uniform,20480,14336,512,,images/s295225_020480_014336.jpg,context/s295225_020480_014336.jpg
s295225_f11,s295225,126,11,R26-122-5_HE_117,CCl4,2026-04-20_CCl4_HE,unknown,train,uniform,8192,12288,512,,images/s295225_008192_012288.jpg,context/s295225_008192_012288.jpg
s295225_f12,s295225,126,12,R26-122-5_HE_117,CCl4,2026-04-20_CCl4_HE,unknown,train,uniform,19456,20480,512,,images/s295225_019456_020480.jpg,context/s295225_019456_020480.jpg
s295225_f13,s295225,126,13,R26-122-5_HE_117,CCl4,2026-04-20_CCl4_HE,unknown,train,uniform,17408,4096,512,,images/s295225_017408_004096.jpg,context/s295225_017408_004096.jpg
s295225_f14,s295225,126,14,R26-122-5_HE_117,CCl4,2026-04-20_CCl4_HE,unknown,train,uniform,17920,11776,512,,images/s295225_017920_011776.jpg,context/s295225_017920_011776.jpg
s295225_f15,s295225,126,15,R26-122-5_HE_117,CCl4,2026-04-20_CCl4_HE,unknown,train,uniform,12800,15360,512,,images/s295225_012800_015360.jpg,context/s295225_012800_015360.jpg
s295225_f16,s295225,126,16,R26-122-5_HE_117,CCl4,2026-04-20_CCl4_HE,unknown,train,uniform,17920,14848,512,,images/s295225_017920_014848.jpg,context/s295225_017920_014848.jpg
s295225_f17,s295225,126,17,R26-122-5_HE_117,CCl4,2026-04-20_CCl4_HE,unknown,train,repeat,17408,4096,512,,images/s295225_017408_004096.jpg,context/s295225_017408_004096.jpg
s295225_f18,s295225,126,18,R26-122-5_HE_117,CCl4,2026-04-20_CCl4_HE,unknown,train,repeat,16384,2560,512,,images/s295225_016384_002560.jpg,context/s295225_016384_002560.jpg
sbc1791_f01,sbc1791,127,1,R25-264-30,MASH,2025-08-25HE,unknown,train,uniform,11264,26624,512,4.056412642907399,images/sbc1791_011264_026624.jpg,context/sbc1791_011264_026624.jpg
sbc1791_f02,sbc1791,127,2,R25-264-30,MASH,2025-08-25HE,unknown,train,uniform,40448,26112,512,,images/sbc1791_040448_026112.jpg,context/sbc1791_040448_026112.jpg
sbc1791_f03,sbc1791,127,3,R25-264-30,MASH,2025-08-25HE,unknown,train,uniform,12800,19968,512,2.9791914130194224,images/sbc1791_012800_019968.jpg,context/sbc1791_012800_019968.jpg
sbc1791_f04,sbc1791,127,4,R25-264-30,MASH,2025-08-25HE,unknown,train,uniform,31744,8192,512,,images/sbc1791_031744_008192.jpg,context/sbc1791_031744_008192.jpg
sbc1791_f05,sbc1791,127,5,R25-264-30,MASH,2025-08-25HE,unknown,train,uniform,15360,8192,512,,images/sbc1791_015360_008192.jpg,context/sbc1791_015360_008192.jpg
sbc1791_f06,sbc1791,127,6,R25-264-30,MASH,2025-08-25HE,unknown,train,uniform,41472,26112,512,2.023606454467995,images/sbc1791_041472_026112.jpg,context/sbc1791_041472_026112.jpg
sbc1791_f07,sbc1791,127,7,R25-264-30,MASH,2025-08-25HE,unknown,train,uniform,21504,19968,512,0.8239582751643979,images/sbc1791_021504_019968.jpg,context/sbc1791_021504_019968.jpg
sbc1791_f08,sbc1791,127,8,R25-264-30,MASH,2025-08-25HE,unknown,train,uniform,8704,14336,512,2.404292435524153,images/sbc1791_008704_014336.jpg,context/sbc1791_008704_014336.jpg
sbc1791_f09,sbc1791,127,9,R25-264-30,MASH,2025-08-25HE,unknown,train,uniform,19968,19968,512,,images/sbc1791_019968_019968.jpg,context/sbc1791_019968_019968.jpg
sbc1791_f10,sbc1791,127,10,R25-264-30,MASH,2025-08-25HE,unknown,train,uniform,24576,26624,512,,images/sbc1791_024576_026624.jpg,context/sbc1791_024576_026624.jpg
sbc1791_f11,sbc1791,127,11,R25-264-30,MASH,2025-08-25HE,unknown,train,uniform,32256,14336,512,,images/sbc1791_032256_014336.jpg,context/sbc1791_032256_014336.jpg
sbc1791_f12,sbc1791,127,12,R25-264-30,MASH,2025-08-25HE,unknown,train,uniform,7168,14336,512,5.8505290546688915,images/sbc1791_007168_014336.jpg,context/sbc1791_007168_014336.jpg
sbc1791_f13,sbc1791,127,13,R25-264-30,MASH,2025-08-25HE,unknown,train,uniform,37376,19968,512,,images/sbc1791_037376_019968.jpg,context/sbc1791_037376_019968.jpg
sbc1791_f14,sbc1791,127,14,R25-264-30,MASH,2025-08-25HE,unknown,train,uniform,17920,8192,512,1.334606369271079,images/sbc1791_017920_008192.jpg,context/sbc1791_017920_008192.jpg
sbc1791_f15,sbc1791,127,15,R25-264-30,MASH,2025-08-25HE,unknown,train,uniform,9216,8192,512,1.098249389304858,images/sbc1791_009216_008192.jpg,context/sbc1791_009216_008192.jpg
sbc1791_f16,sbc1791,127,16,R25-264-30,MASH,2025-08-25HE,unknown,train,uniform,31744,26112,512,,images/sbc1791_031744_026112.jpg,context/sbc1791_031744_026112.jpg
sbc1791_f17,sbc1791,127,17,R25-264-30,MASH,2025-08-25HE,unknown,train,repeat,40448,26112,512,,images/sbc1791_040448_026112.jpg,context/sbc1791_040448_026112.jpg
sbc1791_f18,sbc1791,127,18,R25-264-30,MASH,2025-08-25HE,unknown,train,repeat,37376,19968,512,,images/sbc1791_037376_019968.jpg,context/sbc1791_037376_019968.jpg
sad83b9_f01,sad83b9,128,1,R26-122-17_HE_101,CCl4,2026-04-20_CCl4_HE,unknown,train,uniform,23552,17920,512,2.37484044563518,images/sad83b9_023552_017920.jpg,context/sad83b9_023552_017920.jpg
sad83b9_f02,sad83b9,128,2,R26-122-17_HE_101,CCl4,2026-04-20_CCl4_HE,unknown,train,uniform,19968,19968,512,3.1174094418782445,images/sad83b9_019968_019968.jpg,context/sad83b9_019968_019968.jpg
sad83b9_f03,sad83b9,128,3,R26-122-17_HE_101,CCl4,2026-04-20_CCl4_HE,unknown,train,uniform,9728,19968,512,2.9215561210895995,images/sad83b9_009728_019968.jpg,context/sad83b9_009728_019968.jpg
sad83b9_f04,sad83b9,128,4,R26-122-17_HE_101,CCl4,2026-04-20_CCl4_HE,unknown,train,uniform,18944,15872,512,4.642532000960728,images/sad83b9_018944_015872.jpg,context/sad83b9_018944_015872.jpg
sad83b9_f05,sad83b9,128,5,R26-122-17_HE_101,CCl4,2026-04-20_CCl4_HE,unknown,train,uniform,5632,17408,512,3.0574191198277587,images/sad83b9_005632_017408.jpg,context/sad83b9_005632_017408.jpg
sad83b9_f06,sad83b9,128,6,R26-122-17_HE_101,CCl4,2026-04-20_CCl4_HE,unknown,train,uniform,22016,18944,512,2.0995807624255685,images/sad83b9_022016_018944.jpg,context/sad83b9_022016_018944.jpg
sad83b9_f07,sad83b9,128,7,R26-122-17_HE_101,CCl4,2026-04-20_CCl4_HE,unknown,train,uniform,13824,16896,512,2.9264945532791087,images/sad83b9_013824_016896.jpg,context/sad83b9_013824_016896.jpg
sad83b9_f08,sad83b9,128,8,R26-122-17_HE_101,CCl4,2026-04-20_CCl4_HE,unknown,train,uniform,25088,17920,512,4.667996169038261,images/sad83b9_025088_017920.jpg,context/sad83b9_025088_017920.jpg
sad83b9_f09,sad83b9,128,9,R26-122-17_HE_101,CCl4,2026-04-20_CCl4_HE,unknown,train,uniform,17920,16384,512,-0.1548517674715178,images/sad83b9_017920_016384.jpg,context/sad83b9_017920_016384.jpg
sad83b9_f10,sad83b9,128,10,R26-122-17_HE_101,CCl4,2026-04-20_CCl4_HE,unknown,train,uniform,9216,16896,512,4.211672536871873,images/sad83b9_009216_016896.jpg,context/sad83b9_009216_016896.jpg
sad83b9_f11,sad83b9,128,11,R26-122-17_HE_101,CCl4,2026-04-20_CCl4_HE,unknown,train,uniform,14848,15872,512,3.469208436584587,images/sad83b9_014848_015872.jpg,context/sad83b9_014848_015872.jpg
sad83b9_f12,sad83b9,128,12,R26-122-17_HE_101,CCl4,2026-04-20_CCl4_HE,unknown,train,uniform,18432,16384,512,1.8970986731279869,images/sad83b9_018432_016384.jpg,context/sad83b9_018432_016384.jpg
sad83b9_f13,sad83b9,128,13,R26-122-17_HE_101,CCl4,2026-04-20_CCl4_HE,unknown,train,uniform,15872,19456,512,2.664955870803302,images/sad83b9_015872_019456.jpg,context/sad83b9_015872_019456.jpg
sad83b9_f14,sad83b9,128,14,R26-122-17_HE_101,CCl4,2026-04-20_CCl4_HE,unknown,train,uniform,7680,17920,512,3.5309242944884605,images/sad83b9_007680_017920.jpg,context/sad83b9_007680_017920.jpg
sad83b9_f15,sad83b9,128,15,R26-122-17_HE_101,CCl4,2026-04-20_CCl4_HE,unknown,train,uniform,7168,18944,512,2.601180742346572,images/sad83b9_007168_018944.jpg,context/sad83b9_007168_018944.jpg
sad83b9_f16,sad83b9,128,16,R26-122-17_HE_101,CCl4,2026-04-20_CCl4_HE,unknown,train,uniform,26624,18432,512,,images/sad83b9_026624_018432.jpg,context/sad83b9_026624_018432.jpg
sad83b9_f17,sad83b9,128,17,R26-122-17_HE_101,CCl4,2026-04-20_CCl4_HE,unknown,train,repeat,14848,15872,512,3.469208436584587,images/sad83b9_014848_015872.jpg,context/sad83b9_014848_015872.jpg
sad83b9_f18,sad83b9,128,18,R26-122-17_HE_101,CCl4,2026-04-20_CCl4_HE,unknown,train,repeat,17920,16384,512,-0.1548517674715178,images/sad83b9_017920_016384.jpg,context/sad83b9_017920_016384.jpg
sb564fe_f01,sb564fe,129,1,R25-264-19,MASH,2025-08-25HE,unknown,train,uniform,5120,24576,512,,images/sb564fe_005120_024576.jpg,context/sb564fe_005120_024576.jpg
sb564fe_f02,sb564fe,129,2,R25-264-19,MASH,2025-08-25HE,unknown,train,uniform,7680,11776,512,,images/sb564fe_007680_011776.jpg,context/sb564fe_007680_011776.jpg
sb564fe_f03,sb564fe,129,3,R25-264-19,MASH,2025-08-25HE,unknown,train,uniform,12800,13312,512,,images/sb564fe_012800_013312.jpg,context/sb564fe_012800_013312.jpg
sb564fe_f04,sb564fe,129,4,R25-264-19,MASH,2025-08-25HE,unknown,train,uniform,29184,10240,512,,images/sb564fe_029184_010240.jpg,context/sb564fe_029184_010240.jpg
sb564fe_f05,sb564fe,129,5,R25-264-19,MASH,2025-08-25HE,unknown,train,uniform,8704,20992,512,,images/sb564fe_008704_020992.jpg,context/sb564fe_008704_020992.jpg
sb564fe_f06,sb564fe,129,6,R25-264-19,MASH,2025-08-25HE,unknown,train,uniform,16896,11776,512,,images/sb564fe_016896_011776.jpg,context/sb564fe_016896_011776.jpg
sb564fe_f07,sb564fe,129,7,R25-264-19,MASH,2025-08-25HE,unknown,train,uniform,14336,23552,512,,images/sb564fe_014336_023552.jpg,context/sb564fe_014336_023552.jpg
sb564fe_f08,sb564fe,129,8,R25-264-19,MASH,2025-08-25HE,unknown,train,uniform,7680,16896,512,,images/sb564fe_007680_016896.jpg,context/sb564fe_007680_016896.jpg
sb564fe_f09,sb564fe,129,9,R25-264-19,MASH,2025-08-25HE,unknown,train,uniform,13312,23040,512,,images/sb564fe_013312_023040.jpg,context/sb564fe_013312_023040.jpg
sb564fe_f10,sb564fe,129,10,R25-264-19,MASH,2025-08-25HE,unknown,train,uniform,39424,9216,512,,images/sb564fe_039424_009216.jpg,context/sb564fe_039424_009216.jpg
sb564fe_f11,sb564fe,129,11,R25-264-19,MASH,2025-08-25HE,unknown,train,uniform,28672,14848,512,,images/sb564fe_028672_014848.jpg,context/sb564fe_028672_014848.jpg
sb564fe_f12,sb564fe,129,12,R25-264-19,MASH,2025-08-25HE,unknown,train,uniform,34304,11776,512,,images/sb564fe_034304_011776.jpg,context/sb564fe_034304_011776.jpg
sb564fe_f13,sb564fe,129,13,R25-264-19,MASH,2025-08-25HE,unknown,train,uniform,25600,21504,512,,images/sb564fe_025600_021504.jpg,context/sb564fe_025600_021504.jpg
sb564fe_f14,sb564fe,129,14,R25-264-19,MASH,2025-08-25HE,unknown,train,uniform,32256,17920,512,,images/sb564fe_032256_017920.jpg,context/sb564fe_032256_017920.jpg
sb564fe_f15,sb564fe,129,15,R25-264-19,MASH,2025-08-25HE,unknown,train,uniform,9728,9728,512,,images/sb564fe_009728_009728.jpg,context/sb564fe_009728_009728.jpg
sb564fe_f16,sb564fe,129,16,R25-264-19,MASH,2025-08-25HE,unknown,train,uniform,30720,8192,512,,images/sb564fe_030720_008192.jpg,context/sb564fe_030720_008192.jpg
sb564fe_f17,sb564fe,129,17,R25-264-19,MASH,2025-08-25HE,unknown,train,repeat,12800,13312,512,,images/sb564fe_012800_013312.jpg,context/sb564fe_012800_013312.jpg
sb564fe_f18,sb564fe,129,18,R25-264-19,MASH,2025-08-25HE,unknown,train,repeat,8704,20992,512,,images/sb564fe_008704_020992.jpg,context/sb564fe_008704_020992.jpg
sbc23f9_f01,sbc23f9,130,1,R26-122-6_HE_75,CCl4,2026-04-20_CCl4_HE,unknown,train,uniform,20480,10752,512,0.5564288260641572,images/sbc23f9_020480_010752.jpg,context/sbc23f9_020480_010752.jpg
sbc23f9_f02,sbc23f9,130,2,R26-122-6_HE_75,CCl4,2026-04-20_CCl4_HE,unknown,train,uniform,20992,9728,512,-0.4848375136362962,images/sbc23f9_020992_009728.jpg,context/sbc23f9_020992_009728.jpg
sbc23f9_f03,sbc23f9,130,3,R26-122-6_HE_75,CCl4,2026-04-20_CCl4_HE,unknown,train,uniform,13824,9728,512,2.6329963860416488,images/sbc23f9_013824_009728.jpg,context/sbc23f9_013824_009728.jpg
sbc23f9_f04,sbc23f9,130,4,R26-122-6_HE_75,CCl4,2026-04-20_CCl4_HE,unknown,train,uniform,26624,19456,512,-2.675507578700252,images/sbc23f9_026624_019456.jpg,context/sbc23f9_026624_019456.jpg
sbc23f9_f05,sbc23f9,130,5,R26-122-6_HE_75,CCl4,2026-04-20_CCl4_HE,unknown,train,uniform,19968,9728,512,3.4286593361459836,images/sbc23f9_019968_009728.jpg,context/sbc23f9_019968_009728.jpg
sbc23f9_f06,sbc23f9,130,6,R26-122-6_HE_75,CCl4,2026-04-20_CCl4_HE,unknown,train,uniform,24576,19456,512,2.0091015117616697,images/sbc23f9_024576_019456.jpg,context/sbc23f9_024576_019456.jpg
sbc23f9_f07,sbc23f9,130,7,R26-122-6_HE_75,CCl4,2026-04-20_CCl4_HE,unknown,train,uniform,18944,18944,512,,images/sbc23f9_018944_018944.jpg,context/sbc23f9_018944_018944.jpg
sbc23f9_f08,sbc23f9,130,8,R26-122-6_HE_75,CCl4,2026-04-20_CCl4_HE,unknown,train,uniform,9728,10752,512,2.8000572140483535,images/sbc23f9_009728_010752.jpg,context/sbc23f9_009728_010752.jpg
sbc23f9_f09,sbc23f9,130,9,R26-122-6_HE_75,CCl4,2026-04-20_CCl4_HE,unknown,train,uniform,23040,19456,512,4.060557401350219,images/sbc23f9_023040_019456.jpg,context/sbc23f9_023040_019456.jpg
sbc23f9_f10,sbc23f9,130,10,R26-122-6_HE_75,CCl4,2026-04-20_CCl4_HE,unknown,train,uniform,22016,19456,512,2.747957477802094,images/sbc23f9_022016_019456.jpg,context/sbc23f9_022016_019456.jpg
sbc23f9_f11,sbc23f9,130,11,R26-122-6_HE_75,CCl4,2026-04-20_CCl4_HE,unknown,train,uniform,13312,10752,512,1.5851899595763317,images/sbc23f9_013312_010752.jpg,context/sbc23f9_013312_010752.jpg
sbc23f9_f12,sbc23f9,130,12,R26-122-6_HE_75,CCl4,2026-04-20_CCl4_HE,unknown,train,uniform,10752,19968,512,2.499924140383091,images/sbc23f9_010752_019968.jpg,context/sbc23f9_010752_019968.jpg
sbc23f9_f13,sbc23f9,130,13,R26-122-6_HE_75,CCl4,2026-04-20_CCl4_HE,unknown,train,uniform,16896,18944,512,1.8532747639629004,images/sbc23f9_016896_018944.jpg,context/sbc23f9_016896_018944.jpg
sbc23f9_f14,sbc23f9,130,14,R26-122-6_HE_75,CCl4,2026-04-20_CCl4_HE,unknown,train,uniform,5120,11264,512,3.958255255938976,images/sbc23f9_005120_011264.jpg,context/sbc23f9_005120_011264.jpg
sbc23f9_f15,sbc23f9,130,15,R26-122-6_HE_75,CCl4,2026-04-20_CCl4_HE,unknown,train,uniform,15360,10240,512,5.361295320336627,images/sbc23f9_015360_010240.jpg,context/sbc23f9_015360_010240.jpg
sbc23f9_f16,sbc23f9,130,16,R26-122-6_HE_75,CCl4,2026-04-20_CCl4_HE,unknown,train,uniform,9728,19968,512,2.7330080134548433,images/sbc23f9_009728_019968.jpg,context/sbc23f9_009728_019968.jpg
sbc23f9_f17,sbc23f9,130,17,R26-122-6_HE_75,CCl4,2026-04-20_CCl4_HE,unknown,train,repeat,20992,9728,512,-0.4848375136362962,images/sbc23f9_020992_009728.jpg,context/sbc23f9_020992_009728.jpg
sbc23f9_f18,sbc23f9,130,18,R26-122-6_HE_75,CCl4,2026-04-20_CCl4_HE,unknown,train,repeat,19968,9728,512,3.4286593361459836,images/sbc23f9_019968_009728.jpg,context/sbc23f9_019968_009728.jpg
scffe93_f01,scffe93,131,1,R25-264-35,MASH,2025-08-25HE,unknown,test,uniform,25600,19968,512,0.0718375539844991,images/scffe93_025600_019968.jpg,context/scffe93_025600_019968.jpg
scffe93_f02,scffe93,131,2,R25-264-35,MASH,2025-08-25HE,unknown,test,uniform,32768,19968,512,7.91454666502063,images/scffe93_032768_019968.jpg,context/scffe93_032768_019968.jpg
scffe93_f03,scffe93,131,3,R25-264-35,MASH,2025-08-25HE,unknown,test,uniform,20992,25088,512,2.217771055766298,images/scffe93_020992_025088.jpg,context/scffe93_020992_025088.jpg
scffe93_f04,scffe93,131,4,R25-264-35,MASH,2025-08-25HE,unknown,test,uniform,24576,9728,512,2.1133543306263403,images/scffe93_024576_009728.jpg,context/scffe93_024576_009728.jpg
scffe93_f05,scffe93,131,5,R25-264-35,MASH,2025-08-25HE,unknown,test,uniform,35328,15360,512,3.198715216946065,images/scffe93_035328_015360.jpg,context/scffe93_035328_015360.jpg
scffe93_f06,scffe93,131,6,R25-264-35,MASH,2025-08-25HE,unknown,test,uniform,39936,14848,512,3.2573656149001673,images/scffe93_039936_014848.jpg,context/scffe93_039936_014848.jpg
scffe93_f07,scffe93,131,7,R25-264-35,MASH,2025-08-25HE,unknown,test,uniform,14336,9728,512,-0.0433702827594571,images/scffe93_014336_009728.jpg,context/scffe93_014336_009728.jpg
scffe93_f08,scffe93,131,8,R25-264-35,MASH,2025-08-25HE,unknown,test,uniform,7680,26112,512,3.139845027130428,images/scffe93_007680_026112.jpg,context/scffe93_007680_026112.jpg
scffe93_f09,scffe93,131,9,R25-264-35,MASH,2025-08-25HE,unknown,test,uniform,17920,9728,512,-3.6021699046008564,images/scffe93_017920_009728.jpg,context/scffe93_017920_009728.jpg
scffe93_f10,scffe93,131,10,R25-264-35,MASH,2025-08-25HE,unknown,test,uniform,34816,19456,512,2.488219362140742,images/scffe93_034816_019456.jpg,context/scffe93_034816_019456.jpg
scffe93_f11,scffe93,131,11,R25-264-35,MASH,2025-08-25HE,unknown,test,uniform,38400,15360,512,1.8038695962970264,images/scffe93_038400_015360.jpg,context/scffe93_038400_015360.jpg
scffe93_f12,scffe93,131,12,R25-264-35,MASH,2025-08-25HE,unknown,test,uniform,20480,19456,512,2.301936015676558,images/scffe93_020480_019456.jpg,context/scffe93_020480_019456.jpg
scffe93_f13,scffe93,131,13,R25-264-35,MASH,2025-08-25HE,unknown,test,uniform,4096,19968,512,2.6281865517875747,images/scffe93_004096_019968.jpg,context/scffe93_004096_019968.jpg
scffe93_f14,scffe93,131,14,R25-264-35,MASH,2025-08-25HE,unknown,test,uniform,3072,20480,512,3.188077862594127,images/scffe93_003072_020480.jpg,context/scffe93_003072_020480.jpg
scffe93_f15,scffe93,131,15,R25-264-35,MASH,2025-08-25HE,unknown,test,uniform,17408,19968,512,,images/scffe93_017408_019968.jpg,context/scffe93_017408_019968.jpg
scffe93_f16,scffe93,131,16,R25-264-35,MASH,2025-08-25HE,unknown,test,uniform,13312,9216,512,0.6429332829025863,images/scffe93_013312_009216.jpg,context/scffe93_013312_009216.jpg
scffe93_f17,scffe93,131,17,R25-264-35,MASH,2025-08-25HE,unknown,test,repeat,25600,19968,512,0.0718375539844991,images/scffe93_025600_019968.jpg,context/scffe93_025600_019968.jpg
scffe93_f18,scffe93,131,18,R25-264-35,MASH,2025-08-25HE,unknown,test,repeat,34816,19456,512,2.488219362140742,images/scffe93_034816_019456.jpg,context/scffe93_034816_019456.jpg
sf52a14_f01,sf52a14,132,1,R26-122-3_HE_72,CCl4,2026-04-20_CCl4_HE,unknown,train,uniform,3072,9728,512,2.3905785288037205,images/sf52a14_003072_009728.jpg,context/sf52a14_003072_009728.jpg
sf52a14_f02,sf52a14,132,2,R26-122-3_HE_72,CCl4,2026-04-20_CCl4_HE,unknown,train,uniform,12288,15360,512,3.848899650197839,images/sf52a14_012288_015360.jpg,context/sf52a14_012288_015360.jpg
sf52a14_f03,sf52a14,132,3,R26-122-3_HE_72,CCl4,2026-04-20_CCl4_HE,unknown,train,uniform,12288,16384,512,,images/sf52a14_012288_016384.jpg,context/sf52a14_012288_016384.jpg
sf52a14_f04,sf52a14,132,4,R26-122-3_HE_72,CCl4,2026-04-20_CCl4_HE,unknown,train,uniform,20480,16384,512,-2.4694139201312795,images/sf52a14_020480_016384.jpg,context/sf52a14_020480_016384.jpg
sf52a14_f05,sf52a14,132,5,R26-122-3_HE_72,CCl4,2026-04-20_CCl4_HE,unknown,train,uniform,13824,9728,512,0.3127208933569238,images/sf52a14_013824_009728.jpg,context/sf52a14_013824_009728.jpg
sf52a14_f06,sf52a14,132,6,R26-122-3_HE_72,CCl4,2026-04-20_CCl4_HE,unknown,train,uniform,9728,10240,512,4.203532305149884,images/sf52a14_009728_010240.jpg,context/sf52a14_009728_010240.jpg
sf52a14_f07,sf52a14,132,7,R26-122-3_HE_72,CCl4,2026-04-20_CCl4_HE,unknown,train,uniform,8704,15360,512,3.2980494435357195,images/sf52a14_008704_015360.jpg,context/sf52a14_008704_015360.jpg
sf52a14_f08,sf52a14,132,8,R26-122-3_HE_72,CCl4,2026-04-20_CCl4_HE,unknown,train,uniform,3072,10240,512,0.9734946368171712,images/sf52a14_003072_010240.jpg,context/sf52a14_003072_010240.jpg
sf52a14_f09,sf52a14,132,9,R26-122-3_HE_72,CCl4,2026-04-20_CCl4_HE,unknown,train,uniform,24576,14848,512,3.706625795747045,images/sf52a14_024576_014848.jpg,context/sf52a14_024576_014848.jpg
sf52a14_f10,sf52a14,132,10,R26-122-3_HE_72,CCl4,2026-04-20_CCl4_HE,unknown,train,uniform,9728,9728,512,2.3915822674961595,images/sf52a14_009728_009728.jpg,context/sf52a14_009728_009728.jpg
sf52a14_f11,sf52a14,132,11,R26-122-3_HE_72,CCl4,2026-04-20_CCl4_HE,unknown,train,uniform,19968,15360,512,0.7731384891663,images/sf52a14_019968_015360.jpg,context/sf52a14_019968_015360.jpg
sf52a14_f12,sf52a14,132,12,R26-122-3_HE_72,CCl4,2026-04-20_CCl4_HE,unknown,train,uniform,17408,10240,512,0.3722906951628049,images/sf52a14_017408_010240.jpg,context/sf52a14_017408_010240.jpg
sf52a14_f13,sf52a14,132,13,R26-122-3_HE_72,CCl4,2026-04-20_CCl4_HE,unknown,train,uniform,8192,16384,512,1.4747028832453577,images/sf52a14_008192_016384.jpg,context/sf52a14_008192_016384.jpg
sf52a14_f14,sf52a14,132,14,R26-122-3_HE_72,CCl4,2026-04-20_CCl4_HE,unknown,train,uniform,10240,15360,512,,images/sf52a14_010240_015360.jpg,context/sf52a14_010240_015360.jpg
sf52a14_f15,sf52a14,132,15,R26-122-3_HE_72,CCl4,2026-04-20_CCl4_HE,unknown,train,uniform,4608,9728,512,-1.002770683403602,images/sf52a14_004608_009728.jpg,context/sf52a14_004608_009728.jpg
sf52a14_f16,sf52a14,132,16,R26-122-3_HE_72,CCl4,2026-04-20_CCl4_HE,unknown,train,uniform,14336,9216,512,5.660430597331472,images/sf52a14_014336_009216.jpg,context/sf52a14_014336_009216.jpg
sf52a14_f17,sf52a14,132,17,R26-122-3_HE_72,CCl4,2026-04-20_CCl4_HE,unknown,train,repeat,9728,9728,512,2.3915822674961595,images/sf52a14_009728_009728.jpg,context/sf52a14_009728_009728.jpg
sf52a14_f18,sf52a14,132,18,R26-122-3_HE_72,CCl4,2026-04-20_CCl4_HE,unknown,train,repeat,8192,16384,512,1.4747028832453577,images/sf52a14_008192_016384.jpg,context/sf52a14_008192_016384.jpg
s652338_f01,s652338,133,1,R25-264-1,MASH,2025-08-25HE,unknown,train,uniform,8704,21504,512,0.3208890795722839,images/s652338_008704_021504.jpg,context/s652338_008704_021504.jpg
s652338_f02,s652338,133,2,R25-264-1,MASH,2025-08-25HE,unknown,train,uniform,7168,24576,512,,images/s652338_007168_024576.jpg,context/s652338_007168_024576.jpg
s652338_f03,s652338,133,3,R25-264-1,MASH,2025-08-25HE,unknown,train,uniform,28160,23040,512,,images/s652338_028160_023040.jpg,context/s652338_028160_023040.jpg
s652338_f04,s652338,133,4,R25-264-1,MASH,2025-08-25HE,unknown,train,uniform,31232,22016,512,-0.9603416251007592,images/s652338_031232_022016.jpg,context/s652338_031232_022016.jpg
s652338_f05,s652338,133,5,R25-264-1,MASH,2025-08-25HE,unknown,train,uniform,5120,22528,512,,images/s652338_005120_022528.jpg,context/s652338_005120_022528.jpg
s652338_f06,s652338,133,6,R25-264-1,MASH,2025-08-25HE,unknown,train,uniform,15360,22016,512,,images/s652338_015360_022016.jpg,context/s652338_015360_022016.jpg
s652338_f07,s652338,133,7,R25-264-1,MASH,2025-08-25HE,unknown,train,uniform,25600,23552,512,,images/s652338_025600_023552.jpg,context/s652338_025600_023552.jpg
s652338_f08,s652338,133,8,R25-264-1,MASH,2025-08-25HE,unknown,train,uniform,20992,21504,512,,images/s652338_020992_021504.jpg,context/s652338_020992_021504.jpg
s652338_f09,s652338,133,9,R25-264-1,MASH,2025-08-25HE,unknown,train,uniform,33280,24064,512,1.6038338393484874,images/s652338_033280_024064.jpg,context/s652338_033280_024064.jpg
s652338_f10,s652338,133,10,R25-264-1,MASH,2025-08-25HE,unknown,train,uniform,12800,20992,512,,images/s652338_012800_020992.jpg,context/s652338_012800_020992.jpg
s652338_f11,s652338,133,11,R25-264-1,MASH,2025-08-25HE,unknown,train,uniform,9216,24064,512,,images/s652338_009216_024064.jpg,context/s652338_009216_024064.jpg
s652338_f12,s652338,133,12,R25-264-1,MASH,2025-08-25HE,unknown,train,uniform,11264,24064,512,,images/s652338_011264_024064.jpg,context/s652338_011264_024064.jpg
s652338_f13,s652338,133,13,R25-264-1,MASH,2025-08-25HE,unknown,train,uniform,16896,22528,512,,images/s652338_016896_022528.jpg,context/s652338_016896_022528.jpg
s652338_f14,s652338,133,14,R25-264-1,MASH,2025-08-25HE,unknown,train,uniform,5632,21504,512,,images/s652338_005632_021504.jpg,context/s652338_005632_021504.jpg
s652338_f15,s652338,133,15,R25-264-1,MASH,2025-08-25HE,unknown,train,uniform,24064,21504,512,,images/s652338_024064_021504.jpg,context/s652338_024064_021504.jpg
s652338_f16,s652338,133,16,R25-264-1,MASH,2025-08-25HE,unknown,train,uniform,27136,20480,512,,images/s652338_027136_020480.jpg,context/s652338_027136_020480.jpg
s652338_f17,s652338,133,17,R25-264-1,MASH,2025-08-25HE,unknown,train,repeat,9216,24064,512,,images/s652338_009216_024064.jpg,context/s652338_009216_024064.jpg
s652338_f18,s652338,133,18,R25-264-1,MASH,2025-08-25HE,unknown,train,repeat,20992,21504,512,,images/s652338_020992_021504.jpg,context/s652338_020992_021504.jpg
sf2416a_f01,sf2416a,134,1,R26-122-12_HE_81,CCl4,2026-04-20_CCl4_HE,unknown,train,uniform,19968,8192,512,2.4777066896928908,images/sf2416a_019968_008192.jpg,context/sf2416a_019968_008192.jpg
sf2416a_f02,sf2416a,134,2,R26-122-12_HE_81,CCl4,2026-04-20_CCl4_HE,unknown,train,uniform,12288,16384,512,0.0924101739664893,images/sf2416a_012288_016384.jpg,context/sf2416a_012288_016384.jpg
sf2416a_f03,sf2416a,134,3,R26-122-12_HE_81,CCl4,2026-04-20_CCl4_HE,unknown,train,uniform,23040,9216,512,5.899649397401244,images/sf2416a_023040_009216.jpg,context/sf2416a_023040_009216.jpg
sf2416a_f04,sf2416a,134,4,R26-122-12_HE_81,CCl4,2026-04-20_CCl4_HE,unknown,train,uniform,13824,9216,512,1.462122454231542,images/sf2416a_013824_009216.jpg,context/sf2416a_013824_009216.jpg
sf2416a_f05,sf2416a,134,5,R26-122-12_HE_81,CCl4,2026-04-20_CCl4_HE,unknown,train,uniform,24576,16384,512,1.4114492338065994,images/sf2416a_024576_016384.jpg,context/sf2416a_024576_016384.jpg
sf2416a_f06,sf2416a,134,6,R26-122-12_HE_81,CCl4,2026-04-20_CCl4_HE,unknown,train,uniform,20992,15872,512,0.382281208898686,images/sf2416a_020992_015872.jpg,context/sf2416a_020992_015872.jpg
sf2416a_f07,sf2416a,134,7,R26-122-12_HE_81,CCl4,2026-04-20_CCl4_HE,unknown,train,uniform,3584,16896,512,2.2808599661761084,images/sf2416a_003584_016896.jpg,context/sf2416a_003584_016896.jpg
sf2416a_f08,sf2416a,134,8,R26-122-12_HE_81,CCl4,2026-04-20_CCl4_HE,unknown,train,uniform,6144,9728,512,2.0176221721102667,images/sf2416a_006144_009728.jpg,context/sf2416a_006144_009728.jpg
sf2416a_f09,sf2416a,134,9,R26-122-12_HE_81,CCl4,2026-04-20_CCl4_HE,unknown,train,uniform,19968,15872,512,2.934971604705102,images/sf2416a_019968_015872.jpg,context/sf2416a_019968_015872.jpg
sf2416a_f10,sf2416a,134,10,R26-122-12_HE_81,CCl4,2026-04-20_CCl4_HE,unknown,train,uniform,24064,16384,512,2.014854056252136,images/sf2416a_024064_016384.jpg,context/sf2416a_024064_016384.jpg
sf2416a_f11,sf2416a,134,11,R26-122-12_HE_81,CCl4,2026-04-20_CCl4_HE,unknown,train,uniform,4608,16896,512,1.801041412206515,images/sf2416a_004608_016896.jpg,context/sf2416a_004608_016896.jpg
sf2416a_f12,sf2416a,134,12,R26-122-12_HE_81,CCl4,2026-04-20_CCl4_HE,unknown,train,uniform,20480,8192,512,1.0549492194594965,images/sf2416a_020480_008192.jpg,context/sf2416a_020480_008192.jpg
sf2416a_f13,sf2416a,134,13,R26-122-12_HE_81,CCl4,2026-04-20_CCl4_HE,unknown,train,uniform,25088,9216,512,5.843217509599134,images/sf2416a_025088_009216.jpg,context/sf2416a_025088_009216.jpg
sf2416a_f14,sf2416a,134,14,R26-122-12_HE_81,CCl4,2026-04-20_CCl4_HE,unknown,train,uniform,16384,16384,512,3.360515203601757,images/sf2416a_016384_016384.jpg,context/sf2416a_016384_016384.jpg
sf2416a_f15,sf2416a,134,15,R26-122-12_HE_81,CCl4,2026-04-20_CCl4_HE,unknown,train,uniform,18432,16896,512,1.7584861914967918,images/sf2416a_018432_016896.jpg,context/sf2416a_018432_016896.jpg
sf2416a_f16,sf2416a,134,16,R26-122-12_HE_81,CCl4,2026-04-20_CCl4_HE,unknown,train,uniform,23040,15872,512,-3.4172180446318015,images/sf2416a_023040_015872.jpg,context/sf2416a_023040_015872.jpg
sf2416a_f17,sf2416a,134,17,R26-122-12_HE_81,CCl4,2026-04-20_CCl4_HE,unknown,train,repeat,23040,9216,512,5.899649397401244,images/sf2416a_023040_009216.jpg,context/sf2416a_023040_009216.jpg
sf2416a_f18,sf2416a,134,18,R26-122-12_HE_81,CCl4,2026-04-20_CCl4_HE,unknown,train,repeat,16384,16384,512,3.360515203601757,images/sf2416a_016384_016384.jpg,context/sf2416a_016384_016384.jpg
s21f1c5_f01,s21f1c5,135,1,R25-264-11,MASH,2025-08-25HE,unknown,train,uniform,36352,10240,512,5.858029804916555,images/s21f1c5_036352_010240.jpg,context/s21f1c5_036352_010240.jpg
s21f1c5_f02,s21f1c5,135,2,R25-264-11,MASH,2025-08-25HE,unknown,train,uniform,18432,26624,512,,images/s21f1c5_018432_026624.jpg,context/s21f1c5_018432_026624.jpg
s21f1c5_f03,s21f1c5,135,3,R25-264-11,MASH,2025-08-25HE,unknown,train,uniform,19456,12288,512,3.014720704117214,images/s21f1c5_019456_012288.jpg,context/s21f1c5_019456_012288.jpg
s21f1c5_f04,s21f1c5,135,4,R25-264-11,MASH,2025-08-25HE,unknown,train,uniform,39936,12288,512,4.71618762805229,images/s21f1c5_039936_012288.jpg,context/s21f1c5_039936_012288.jpg
s21f1c5_f05,s21f1c5,135,5,R25-264-11,MASH,2025-08-25HE,unknown,train,uniform,4608,12288,512,-1.0257980263873372,images/s21f1c5_004608_012288.jpg,context/s21f1c5_004608_012288.jpg
s21f1c5_f06,s21f1c5,135,6,R25-264-11,MASH,2025-08-25HE,unknown,train,uniform,33792,26624,512,,images/s21f1c5_033792_026624.jpg,context/s21f1c5_033792_026624.jpg
s21f1c5_f07,s21f1c5,135,7,R25-264-11,MASH,2025-08-25HE,unknown,train,uniform,15360,12800,512,1.1270330932065966,images/s21f1c5_015360_012800.jpg,context/s21f1c5_015360_012800.jpg
s21f1c5_f08,s21f1c5,135,8,R25-264-11,MASH,2025-08-25HE,unknown,train,uniform,8192,12288,512,,images/s21f1c5_008192_012288.jpg,context/s21f1c5_008192_012288.jpg
s21f1c5_f09,s21f1c5,135,9,R25-264-11,MASH,2025-08-25HE,unknown,train,uniform,26624,11264,512,3.2272659500928667,images/s21f1c5_026624_011264.jpg,context/s21f1c5_026624_011264.jpg
s21f1c5_f10,s21f1c5,135,10,R25-264-11,MASH,2025-08-25HE,unknown,train,uniform,25088,26112,512,,images/s21f1c5_025088_026112.jpg,context/s21f1c5_025088_026112.jpg
s21f1c5_f11,s21f1c5,135,11,R25-264-11,MASH,2025-08-25HE,unknown,train,uniform,11264,26624,512,3.8632967886937353,images/s21f1c5_011264_026624.jpg,context/s21f1c5_011264_026624.jpg
s21f1c5_f12,s21f1c5,135,12,R25-264-11,MASH,2025-08-25HE,unknown,train,uniform,5120,11264,512,2.8447394958374086,images/s21f1c5_005120_011264.jpg,context/s21f1c5_005120_011264.jpg
s21f1c5_f13,s21f1c5,135,13,R25-264-11,MASH,2025-08-25HE,unknown,train,uniform,3584,11776,512,5.9639093149601905,images/s21f1c5_003584_011776.jpg,context/s21f1c5_003584_011776.jpg
s21f1c5_f14,s21f1c5,135,14,R25-264-11,MASH,2025-08-25HE,unknown,train,uniform,11264,10240,512,1.2519471213465077,images/s21f1c5_011264_010240.jpg,context/s21f1c5_011264_010240.jpg
s21f1c5_f15,s21f1c5,135,15,R25-264-11,MASH,2025-08-25HE,unknown,train,uniform,23040,26624,512,3.907741802639963,images/s21f1c5_023040_026624.jpg,context/s21f1c5_023040_026624.jpg
s21f1c5_f16,s21f1c5,135,16,R25-264-11,MASH,2025-08-25HE,unknown,train,uniform,34304,26112,512,-0.7682905452826252,images/s21f1c5_034304_026112.jpg,context/s21f1c5_034304_026112.jpg
s21f1c5_f17,s21f1c5,135,17,R25-264-11,MASH,2025-08-25HE,unknown,train,repeat,8192,12288,512,,images/s21f1c5_008192_012288.jpg,context/s21f1c5_008192_012288.jpg
s21f1c5_f18,s21f1c5,135,18,R25-264-11,MASH,2025-08-25HE,unknown,train,repeat,19456,12288,512,3.014720704117214,images/s21f1c5_019456_012288.jpg,context/s21f1c5_019456_012288.jpg
s8b8be8_f01,s8b8be8,136,1,R26-122-7_HE_76,CCl4,2026-04-20_CCl4_HE,unknown,train,uniform,3584,7680,512,,images/s8b8be8_003584_007680.jpg,context/s8b8be8_003584_007680.jpg
s8b8be8_f02,s8b8be8,136,2,R26-122-7_HE_76,CCl4,2026-04-20_CCl4_HE,unknown,train,uniform,8192,8192,512,,images/s8b8be8_008192_008192.jpg,context/s8b8be8_008192_008192.jpg
s8b8be8_f03,s8b8be8,136,3,R26-122-7_HE_76,CCl4,2026-04-20_CCl4_HE,unknown,train,uniform,22016,6144,512,,images/s8b8be8_022016_006144.jpg,context/s8b8be8_022016_006144.jpg
s8b8be8_f04,s8b8be8,136,4,R26-122-7_HE_76,CCl4,2026-04-20_CCl4_HE,unknown,train,uniform,12800,14848,512,,images/s8b8be8_012800_014848.jpg,context/s8b8be8_012800_014848.jpg
s8b8be8_f05,s8b8be8,136,5,R26-122-7_HE_76,CCl4,2026-04-20_CCl4_HE,unknown,train,uniform,6656,12800,512,,images/s8b8be8_006656_012800.jpg,context/s8b8be8_006656_012800.jpg
s8b8be8_f06,s8b8be8,136,6,R26-122-7_HE_76,CCl4,2026-04-20_CCl4_HE,unknown,train,uniform,22528,6656,512,,images/s8b8be8_022528_006656.jpg,context/s8b8be8_022528_006656.jpg
s8b8be8_f07,s8b8be8,136,7,R26-122-7_HE_76,CCl4,2026-04-20_CCl4_HE,unknown,train,uniform,18432,17920,512,,images/s8b8be8_018432_017920.jpg,context/s8b8be8_018432_017920.jpg
s8b8be8_f08,s8b8be8,136,8,R26-122-7_HE_76,CCl4,2026-04-20_CCl4_HE,unknown,train,uniform,7680,14848,512,,images/s8b8be8_007680_014848.jpg,context/s8b8be8_007680_014848.jpg
s8b8be8_f09,s8b8be8,136,9,R26-122-7_HE_76,CCl4,2026-04-20_CCl4_HE,unknown,train,uniform,20480,22528,512,,images/s8b8be8_020480_022528.jpg,context/s8b8be8_020480_022528.jpg
s8b8be8_f10,s8b8be8,136,10,R26-122-7_HE_76,CCl4,2026-04-20_CCl4_HE,unknown,train,uniform,5632,7680,512,,images/s8b8be8_005632_007680.jpg,context/s8b8be8_005632_007680.jpg
s8b8be8_f11,s8b8be8,136,11,R26-122-7_HE_76,CCl4,2026-04-20_CCl4_HE,unknown,train,uniform,12288,7680,512,,images/s8b8be8_012288_007680.jpg,context/s8b8be8_012288_007680.jpg
s8b8be8_f12,s8b8be8,136,12,R26-122-7_HE_76,CCl4,2026-04-20_CCl4_HE,unknown,train,uniform,24576,17408,512,,images/s8b8be8_024576_017408.jpg,context/s8b8be8_024576_017408.jpg
s8b8be8_f13,s8b8be8,136,13,R26-122-7_HE_76,CCl4,2026-04-20_CCl4_HE,unknown,train,uniform,17408,21504,512,,images/s8b8be8_017408_021504.jpg,context/s8b8be8_017408_021504.jpg
s8b8be8_f14,s8b8be8,136,14,R26-122-7_HE_76,CCl4,2026-04-20_CCl4_HE,unknown,train,uniform,24576,14336,512,,images/s8b8be8_024576_014336.jpg,context/s8b8be8_024576_014336.jpg
s8b8be8_f15,s8b8be8,136,15,R26-122-7_HE_76,CCl4,2026-04-20_CCl4_HE,unknown,train,uniform,18944,15360,512,,images/s8b8be8_018944_015360.jpg,context/s8b8be8_018944_015360.jpg
s8b8be8_f16,s8b8be8,136,16,R26-122-7_HE_76,CCl4,2026-04-20_CCl4_HE,unknown,train,uniform,16384,26624,512,,images/s8b8be8_016384_026624.jpg,context/s8b8be8_016384_026624.jpg
s8b8be8_f17,s8b8be8,136,17,R26-122-7_HE_76,CCl4,2026-04-20_CCl4_HE,unknown,train,repeat,5632,7680,512,,images/s8b8be8_005632_007680.jpg,context/s8b8be8_005632_007680.jpg
s8b8be8_f18,s8b8be8,136,18,R26-122-7_HE_76,CCl4,2026-04-20_CCl4_HE,unknown,train,repeat,8192,8192,512,,images/s8b8be8_008192_008192.jpg,context/s8b8be8_008192_008192.jpg
s8154fc_f01,s8154fc,137,1,R26-122-37_HE_96,CCl4,2026-04-20_CCl4_HE,unknown,train,uniform,7680,14336,512,,images/s8154fc_007680_014336.jpg,context/s8154fc_007680_014336.jpg
s8154fc_f02,s8154fc,137,2,R26-122-37_HE_96,CCl4,2026-04-20_CCl4_HE,unknown,train,uniform,18432,7168,512,,images/s8154fc_018432_007168.jpg,context/s8154fc_018432_007168.jpg
s8154fc_f03,s8154fc,137,3,R26-122-37_HE_96,CCl4,2026-04-20_CCl4_HE,unknown,train,uniform,25600,9728,512,,images/s8154fc_025600_009728.jpg,context/s8154fc_025600_009728.jpg
s8154fc_f04,s8154fc,137,4,R26-122-37_HE_96,CCl4,2026-04-20_CCl4_HE,unknown,train,uniform,19456,3072,512,,images/s8154fc_019456_003072.jpg,context/s8154fc_019456_003072.jpg
s8154fc_f05,s8154fc,137,5,R26-122-37_HE_96,CCl4,2026-04-20_CCl4_HE,unknown,train,uniform,14336,14848,512,,images/s8154fc_014336_014848.jpg,context/s8154fc_014336_014848.jpg
s8154fc_f06,s8154fc,137,6,R26-122-37_HE_96,CCl4,2026-04-20_CCl4_HE,unknown,train,uniform,10240,10752,512,,images/s8154fc_010240_010752.jpg,context/s8154fc_010240_010752.jpg
s8154fc_f07,s8154fc,137,7,R26-122-37_HE_96,CCl4,2026-04-20_CCl4_HE,unknown,train,uniform,12800,18432,512,,images/s8154fc_012800_018432.jpg,context/s8154fc_012800_018432.jpg
s8154fc_f08,s8154fc,137,8,R26-122-37_HE_96,CCl4,2026-04-20_CCl4_HE,unknown,train,uniform,22528,7680,512,,images/s8154fc_022528_007680.jpg,context/s8154fc_022528_007680.jpg
s8154fc_f09,s8154fc,137,9,R26-122-37_HE_96,CCl4,2026-04-20_CCl4_HE,unknown,train,uniform,13312,10240,512,,images/s8154fc_013312_010240.jpg,context/s8154fc_013312_010240.jpg
s8154fc_f10,s8154fc,137,10,R26-122-37_HE_96,CCl4,2026-04-20_CCl4_HE,unknown,train,uniform,26624,14336,512,,images/s8154fc_026624_014336.jpg,context/s8154fc_026624_014336.jpg
s8154fc_f11,s8154fc,137,11,R26-122-37_HE_96,CCl4,2026-04-20_CCl4_HE,unknown,train,uniform,22016,12288,512,,images/s8154fc_022016_012288.jpg,context/s8154fc_022016_012288.jpg
s8154fc_f12,s8154fc,137,12,R26-122-37_HE_96,CCl4,2026-04-20_CCl4_HE,unknown,train,uniform,23552,13824,512,,images/s8154fc_023552_013824.jpg,context/s8154fc_023552_013824.jpg
s8154fc_f13,s8154fc,137,13,R26-122-37_HE_96,CCl4,2026-04-20_CCl4_HE,unknown,train,uniform,26112,15872,512,,images/s8154fc_026112_015872.jpg,context/s8154fc_026112_015872.jpg
s8154fc_f14,s8154fc,137,14,R26-122-37_HE_96,CCl4,2026-04-20_CCl4_HE,unknown,train,uniform,16896,12800,512,,images/s8154fc_016896_012800.jpg,context/s8154fc_016896_012800.jpg
s8154fc_f15,s8154fc,137,15,R26-122-37_HE_96,CCl4,2026-04-20_CCl4_HE,unknown,train,uniform,18944,16896,512,,images/s8154fc_018944_016896.jpg,context/s8154fc_018944_016896.jpg
s8154fc_f16,s8154fc,137,16,R26-122-37_HE_96,CCl4,2026-04-20_CCl4_HE,unknown,train,uniform,18944,11264,512,,images/s8154fc_018944_011264.jpg,context/s8154fc_018944_011264.jpg
s8154fc_f17,s8154fc,137,17,R26-122-37_HE_96,CCl4,2026-04-20_CCl4_HE,unknown,train,repeat,12800,18432,512,,images/s8154fc_012800_018432.jpg,context/s8154fc_012800_018432.jpg
s8154fc_f18,s8154fc,137,18,R26-122-37_HE_96,CCl4,2026-04-20_CCl4_HE,unknown,train,repeat,26624,14336,512,,images/s8154fc_026624_014336.jpg,context/s8154fc_026624_014336.jpg
s2e0e6c_f01,s2e0e6c,138,1,R26-122-32_HE_99,CCl4,2026-04-20_CCl4_HE,unknown,train,uniform,21504,3072,512,,images/s2e0e6c_021504_003072.jpg,context/s2e0e6c_021504_003072.jpg
s2e0e6c_f02,s2e0e6c,138,2,R26-122-32_HE_99,CCl4,2026-04-20_CCl4_HE,unknown,train,uniform,28672,15872,512,,images/s2e0e6c_028672_015872.jpg,context/s2e0e6c_028672_015872.jpg
s2e0e6c_f03,s2e0e6c,138,3,R26-122-32_HE_99,CCl4,2026-04-20_CCl4_HE,unknown,train,uniform,26112,10240,512,,images/s2e0e6c_026112_010240.jpg,context/s2e0e6c_026112_010240.jpg
s2e0e6c_f04,s2e0e6c,138,4,R26-122-32_HE_99,CCl4,2026-04-20_CCl4_HE,unknown,train,uniform,12800,11264,512,,images/s2e0e6c_012800_011264.jpg,context/s2e0e6c_012800_011264.jpg
s2e0e6c_f05,s2e0e6c,138,5,R26-122-32_HE_99,CCl4,2026-04-20_CCl4_HE,unknown,train,uniform,5120,9216,512,,images/s2e0e6c_005120_009216.jpg,context/s2e0e6c_005120_009216.jpg
s2e0e6c_f06,s2e0e6c,138,6,R26-122-32_HE_99,CCl4,2026-04-20_CCl4_HE,unknown,train,uniform,27136,17920,512,,images/s2e0e6c_027136_017920.jpg,context/s2e0e6c_027136_017920.jpg
s2e0e6c_f07,s2e0e6c,138,7,R26-122-32_HE_99,CCl4,2026-04-20_CCl4_HE,unknown,train,uniform,19968,8704,512,,images/s2e0e6c_019968_008704.jpg,context/s2e0e6c_019968_008704.jpg
s2e0e6c_f08,s2e0e6c,138,8,R26-122-32_HE_99,CCl4,2026-04-20_CCl4_HE,unknown,train,uniform,9728,14336,512,,images/s2e0e6c_009728_014336.jpg,context/s2e0e6c_009728_014336.jpg
s2e0e6c_f09,s2e0e6c,138,9,R26-122-32_HE_99,CCl4,2026-04-20_CCl4_HE,unknown,train,uniform,19456,13312,512,,images/s2e0e6c_019456_013312.jpg,context/s2e0e6c_019456_013312.jpg
s2e0e6c_f10,s2e0e6c,138,10,R26-122-32_HE_99,CCl4,2026-04-20_CCl4_HE,unknown,train,uniform,20992,5632,512,,images/s2e0e6c_020992_005632.jpg,context/s2e0e6c_020992_005632.jpg
s2e0e6c_f11,s2e0e6c,138,11,R26-122-32_HE_99,CCl4,2026-04-20_CCl4_HE,unknown,train,uniform,27648,14336,512,,images/s2e0e6c_027648_014336.jpg,context/s2e0e6c_027648_014336.jpg
s2e0e6c_f12,s2e0e6c,138,12,R26-122-32_HE_99,CCl4,2026-04-20_CCl4_HE,unknown,train,uniform,19968,19456,512,,images/s2e0e6c_019968_019456.jpg,context/s2e0e6c_019968_019456.jpg
s2e0e6c_f13,s2e0e6c,138,13,R26-122-32_HE_99,CCl4,2026-04-20_CCl4_HE,unknown,train,uniform,5120,10752,512,,images/s2e0e6c_005120_010752.jpg,context/s2e0e6c_005120_010752.jpg
s2e0e6c_f14,s2e0e6c,138,14,R26-122-32_HE_99,CCl4,2026-04-20_CCl4_HE,unknown,train,uniform,11264,15360,512,,images/s2e0e6c_011264_015360.jpg,context/s2e0e6c_011264_015360.jpg
s2e0e6c_f15,s2e0e6c,138,15,R26-122-32_HE_99,CCl4,2026-04-20_CCl4_HE,unknown,train,uniform,17920,12800,512,,images/s2e0e6c_017920_012800.jpg,context/s2e0e6c_017920_012800.jpg
s2e0e6c_f16,s2e0e6c,138,16,R26-122-32_HE_99,CCl4,2026-04-20_CCl4_HE,unknown,train,uniform,17408,14848,512,,images/s2e0e6c_017408_014848.jpg,context/s2e0e6c_017408_014848.jpg
s2e0e6c_f17,s2e0e6c,138,17,R26-122-32_HE_99,CCl4,2026-04-20_CCl4_HE,unknown,train,repeat,27648,14336,512,,images/s2e0e6c_027648_014336.jpg,context/s2e0e6c_027648_014336.jpg
s2e0e6c_f18,s2e0e6c,138,18,R26-122-32_HE_99,CCl4,2026-04-20_CCl4_HE,unknown,train,repeat,17408,14848,512,,images/s2e0e6c_017408_014848.jpg,context/s2e0e6c_017408_014848.jpg
se7a962_f01,se7a962,139,1,R26-122-15_HE_85,CCl4,2026-04-20_CCl4_HE,unknown,train,uniform,6656,9728,512,,images/se7a962_006656_009728.jpg,context/se7a962_006656_009728.jpg
se7a962_f02,se7a962,139,2,R26-122-15_HE_85,CCl4,2026-04-20_CCl4_HE,unknown,train,uniform,23040,15360,512,2.8072481572359074,images/se7a962_023040_015360.jpg,context/se7a962_023040_015360.jpg
se7a962_f03,se7a962,139,3,R26-122-15_HE_85,CCl4,2026-04-20_CCl4_HE,unknown,train,uniform,15872,9216,512,4.178401181403937,images/se7a962_015872_009216.jpg,context/se7a962_015872_009216.jpg
se7a962_f04,se7a962,139,4,R26-122-15_HE_85,CCl4,2026-04-20_CCl4_HE,unknown,train,uniform,25088,14336,512,1.1552350077304,images/se7a962_025088_014336.jpg,context/se7a962_025088_014336.jpg
se7a962_f05,se7a962,139,5,R26-122-15_HE_85,CCl4,2026-04-20_CCl4_HE,unknown,train,uniform,3072,15872,512,3.1127078662573635,images/se7a962_003072_015872.jpg,context/se7a962_003072_015872.jpg
se7a962_f06,se7a962,139,6,R26-122-15_HE_85,CCl4,2026-04-20_CCl4_HE,unknown,train,uniform,17920,14336,512,-1.3032968588452944,images/se7a962_017920_014336.jpg,context/se7a962_017920_014336.jpg
se7a962_f07,se7a962,139,7,R26-122-15_HE_85,CCl4,2026-04-20_CCl4_HE,unknown,train,uniform,19968,9216,512,3.6811448349621942,images/se7a962_019968_009216.jpg,context/se7a962_019968_009216.jpg
se7a962_f08,se7a962,139,8,R26-122-15_HE_85,CCl4,2026-04-20_CCl4_HE,unknown,train,uniform,8192,15360,512,3.990381485864284,images/se7a962_008192_015360.jpg,context/se7a962_008192_015360.jpg
se7a962_f09,se7a962,139,9,R26-122-15_HE_85,CCl4,2026-04-20_CCl4_HE,unknown,train,uniform,8192,9728,512,-0.0642586987962047,images/se7a962_008192_009728.jpg,context/se7a962_008192_009728.jpg
se7a962_f10,se7a962,139,10,R26-122-15_HE_85,CCl4,2026-04-20_CCl4_HE,unknown,train,uniform,7680,10240,512,2.3889242547831655,images/se7a962_007680_010240.jpg,context/se7a962_007680_010240.jpg
se7a962_f11,se7a962,139,11,R26-122-15_HE_85,CCl4,2026-04-20_CCl4_HE,unknown,train,uniform,13312,9216,512,4.88422809253736,images/se7a962_013312_009216.jpg,context/se7a962_013312_009216.jpg
se7a962_f12,se7a962,139,12,R26-122-15_HE_85,CCl4,2026-04-20_CCl4_HE,unknown,train,uniform,22016,9216,512,4.0287953258086295,images/se7a962_022016_009216.jpg,context/se7a962_022016_009216.jpg
se7a962_f13,se7a962,139,13,R26-122-15_HE_85,CCl4,2026-04-20_CCl4_HE,unknown,train,uniform,20480,14848,512,5.521321026119791,images/se7a962_020480_014848.jpg,context/se7a962_020480_014848.jpg
se7a962_f14,se7a962,139,14,R26-122-15_HE_85,CCl4,2026-04-20_CCl4_HE,unknown,train,uniform,22528,9728,512,-1.028908249703371,images/se7a962_022528_009728.jpg,context/se7a962_022528_009728.jpg
se7a962_f15,se7a962,139,15,R26-122-15_HE_85,CCl4,2026-04-20_CCl4_HE,unknown,train,uniform,10240,10240,512,2.9962841146211825,images/se7a962_010240_010240.jpg,context/se7a962_010240_010240.jpg
se7a962_f16,se7a962,139,16,R26-122-15_HE_85,CCl4,2026-04-20_CCl4_HE,unknown,train,uniform,11264,14336,512,4.006881519600822,images/se7a962_011264_014336.jpg,context/se7a962_011264_014336.jpg
se7a962_f17,se7a962,139,17,R26-122-15_HE_85,CCl4,2026-04-20_CCl4_HE,unknown,train,repeat,8192,9728,512,-0.0642586987962047,images/se7a962_008192_009728.jpg,context/se7a962_008192_009728.jpg
se7a962_f18,se7a962,139,18,R26-122-15_HE_85,CCl4,2026-04-20_CCl4_HE,unknown,train,repeat,10240,10240,512,2.9962841146211825,images/se7a962_010240_010240.jpg,context/se7a962_010240_010240.jpg
sd0ec5c_f01,sd0ec5c,140,1,R26-122-36_HE_95,CCl4,2026-04-20_CCl4_HE,unknown,train,uniform,3584,13824,512,0.2463103594514227,images/sd0ec5c_003584_013824.jpg,context/sd0ec5c_003584_013824.jpg
sd0ec5c_f02,sd0ec5c,140,2,R26-122-36_HE_95,CCl4,2026-04-20_CCl4_HE,unknown,train,uniform,20480,14336,512,2.941484957517946,images/sd0ec5c_020480_014336.jpg,context/sd0ec5c_020480_014336.jpg
sd0ec5c_f03,sd0ec5c,140,3,R26-122-36_HE_95,CCl4,2026-04-20_CCl4_HE,unknown,train,uniform,10752,11776,512,3.5817717021374817,images/sd0ec5c_010752_011776.jpg,context/sd0ec5c_010752_011776.jpg
sd0ec5c_f04,sd0ec5c,140,4,R26-122-36_HE_95,CCl4,2026-04-20_CCl4_HE,unknown,train,uniform,23552,11264,512,0.8450616835841694,images/sd0ec5c_023552_011264.jpg,context/sd0ec5c_023552_011264.jpg
sd0ec5c_f05,sd0ec5c,140,5,R26-122-36_HE_95,CCl4,2026-04-20_CCl4_HE,unknown,train,uniform,27136,11264,512,7.588636662460537,images/sd0ec5c_027136_011264.jpg,context/sd0ec5c_027136_011264.jpg
sd0ec5c_f06,sd0ec5c,140,6,R26-122-36_HE_95,CCl4,2026-04-20_CCl4_HE,unknown,train,uniform,16384,13312,512,-0.8092087006291359,images/sd0ec5c_016384_013312.jpg,context/sd0ec5c_016384_013312.jpg
sd0ec5c_f07,sd0ec5c,140,7,R26-122-36_HE_95,CCl4,2026-04-20_CCl4_HE,unknown,train,uniform,23552,12288,512,1.357300827416111,images/sd0ec5c_023552_012288.jpg,context/sd0ec5c_023552_012288.jpg
sd0ec5c_f08,sd0ec5c,140,8,R26-122-36_HE_95,CCl4,2026-04-20_CCl4_HE,unknown,train,uniform,21504,11776,512,4.418551759047997,images/sd0ec5c_021504_011776.jpg,context/sd0ec5c_021504_011776.jpg
sd0ec5c_f09,sd0ec5c,140,9,R26-122-36_HE_95,CCl4,2026-04-20_CCl4_HE,unknown,train,uniform,11264,14336,512,,images/sd0ec5c_011264_014336.jpg,context/sd0ec5c_011264_014336.jpg
sd0ec5c_f10,sd0ec5c,140,10,R26-122-36_HE_95,CCl4,2026-04-20_CCl4_HE,unknown,train,uniform,9728,14336,512,-0.2216262318295732,images/sd0ec5c_009728_014336.jpg,context/sd0ec5c_009728_014336.jpg
sd0ec5c_f11,sd0ec5c,140,11,R26-122-36_HE_95,CCl4,2026-04-20_CCl4_HE,unknown,train,uniform,21504,13312,512,3.1570873487957196,images/sd0ec5c_021504_013312.jpg,context/sd0ec5c_021504_013312.jpg
sd0ec5c_f12,sd0ec5c,140,12,R26-122-36_HE_95,CCl4,2026-04-20_CCl4_HE,unknown,train,uniform,5632,14336,512,5.810698159965648,images/sd0ec5c_005632_014336.jpg,context/sd0ec5c_005632_014336.jpg
sd0ec5c_f13,sd0ec5c,140,13,R26-122-36_HE_95,CCl4,2026-04-20_CCl4_HE,unknown,train,uniform,12288,11776,512,,images/sd0ec5c_012288_011776.jpg,context/sd0ec5c_012288_011776.jpg
sd0ec5c_f14,sd0ec5c,140,14,R26-122-36_HE_95,CCl4,2026-04-20_CCl4_HE,unknown,train,uniform,13312,14336,512,4.523039429149564,images/sd0ec5c_013312_014336.jpg,context/sd0ec5c_013312_014336.jpg
sd0ec5c_f15,sd0ec5c,140,15,R26-122-36_HE_95,CCl4,2026-04-20_CCl4_HE,unknown,train,uniform,15872,13312,512,-2.0070719997704525,images/sd0ec5c_015872_013312.jpg,context/sd0ec5c_015872_013312.jpg
sd0ec5c_f16,sd0ec5c,140,16,R26-122-36_HE_95,CCl4,2026-04-20_CCl4_HE,unknown,train,uniform,25088,11776,512,4.280908235677617,images/sd0ec5c_025088_011776.jpg,context/sd0ec5c_025088_011776.jpg
sd0ec5c_f17,sd0ec5c,140,17,R26-122-36_HE_95,CCl4,2026-04-20_CCl4_HE,unknown,train,repeat,27136,11264,512,7.588636662460537,images/sd0ec5c_027136_011264.jpg,context/sd0ec5c_027136_011264.jpg
sd0ec5c_f18,sd0ec5c,140,18,R26-122-36_HE_95,CCl4,2026-04-20_CCl4_HE,unknown,train,repeat,3584,13824,512,0.2463103594514227,images/sd0ec5c_003584_013824.jpg,context/sd0ec5c_003584_013824.jpg
saf6372_f01,saf6372,141,1,R26-122-20_HE_104,CCl4,2026-04-20_CCl4_HE,unknown,test,uniform,16896,14336,512,,images/saf6372_016896_014336.jpg,context/saf6372_016896_014336.jpg
saf6372_f02,saf6372,141,2,R26-122-20_HE_104,CCl4,2026-04-20_CCl4_HE,unknown,test,uniform,22528,25088,512,,images/saf6372_022528_025088.jpg,context/saf6372_022528_025088.jpg
saf6372_f03,saf6372,141,3,R26-122-20_HE_104,CCl4,2026-04-20_CCl4_HE,unknown,test,uniform,25088,18944,512,,images/saf6372_025088_018944.jpg,context/saf6372_025088_018944.jpg
saf6372_f04,saf6372,141,4,R26-122-20_HE_104,CCl4,2026-04-20_CCl4_HE,unknown,test,uniform,12288,12800,512,,images/saf6372_012288_012800.jpg,context/saf6372_012288_012800.jpg
saf6372_f05,saf6372,141,5,R26-122-20_HE_104,CCl4,2026-04-20_CCl4_HE,unknown,test,uniform,10752,10752,512,,images/saf6372_010752_010752.jpg,context/saf6372_010752_010752.jpg
saf6372_f06,saf6372,141,6,R26-122-20_HE_104,CCl4,2026-04-20_CCl4_HE,unknown,test,uniform,6144,18432,512,,images/saf6372_006144_018432.jpg,context/saf6372_006144_018432.jpg
saf6372_f07,saf6372,141,7,R26-122-20_HE_104,CCl4,2026-04-20_CCl4_HE,unknown,test,uniform,10240,8704,512,,images/saf6372_010240_008704.jpg,context/saf6372_010240_008704.jpg
saf6372_f08,saf6372,141,8,R26-122-20_HE_104,CCl4,2026-04-20_CCl4_HE,unknown,test,uniform,22528,26624,512,,images/saf6372_022528_026624.jpg,context/saf6372_022528_026624.jpg
saf6372_f09,saf6372,141,9,R26-122-20_HE_104,CCl4,2026-04-20_CCl4_HE,unknown,test,uniform,18432,10752,512,,images/saf6372_018432_010752.jpg,context/saf6372_018432_010752.jpg
saf6372_f10,saf6372,141,10,R26-122-20_HE_104,CCl4,2026-04-20_CCl4_HE,unknown,test,uniform,20480,26624,512,,images/saf6372_020480_026624.jpg,context/saf6372_020480_026624.jpg
saf6372_f11,saf6372,141,11,R26-122-20_HE_104,CCl4,2026-04-20_CCl4_HE,unknown,test,uniform,16384,13312,512,,images/saf6372_016384_013312.jpg,context/saf6372_016384_013312.jpg
saf6372_f12,saf6372,141,12,R26-122-20_HE_104,CCl4,2026-04-20_CCl4_HE,unknown,test,uniform,7680,8704,512,,images/saf6372_007680_008704.jpg,context/saf6372_007680_008704.jpg
saf6372_f13,saf6372,141,13,R26-122-20_HE_104,CCl4,2026-04-20_CCl4_HE,unknown,test,uniform,26624,23040,512,,images/saf6372_026624_023040.jpg,context/saf6372_026624_023040.jpg
saf6372_f14,saf6372,141,14,R26-122-20_HE_104,CCl4,2026-04-20_CCl4_HE,unknown,test,uniform,25088,14336,512,,images/saf6372_025088_014336.jpg,context/saf6372_025088_014336.jpg
saf6372_f15,saf6372,141,15,R26-122-20_HE_104,CCl4,2026-04-20_CCl4_HE,unknown,test,uniform,6656,16384,512,,images/saf6372_006656_016384.jpg,context/saf6372_006656_016384.jpg
saf6372_f16,saf6372,141,16,R26-122-20_HE_104,CCl4,2026-04-20_CCl4_HE,unknown,test,uniform,14336,17920,512,,images/saf6372_014336_017920.jpg,context/saf6372_014336_017920.jpg
saf6372_f17,saf6372,141,17,R26-122-20_HE_104,CCl4,2026-04-20_CCl4_HE,unknown,test,repeat,6656,16384,512,,images/saf6372_006656_016384.jpg,context/saf6372_006656_016384.jpg
saf6372_f18,saf6372,141,18,R26-122-20_HE_104,CCl4,2026-04-20_CCl4_HE,unknown,test,repeat,25088,14336,512,,images/saf6372_025088_014336.jpg,context/saf6372_025088_014336.jpg
sdaf260_f01,sdaf260,142,1,R26-122-19_HE_103,CCl4,2026-04-20_CCl4_HE,unknown,train,uniform,19456,18944,512,3.777920108856936,images/sdaf260_019456_018944.jpg,context/sdaf260_019456_018944.jpg
sdaf260_f02,sdaf260,142,2,R26-122-19_HE_103,CCl4,2026-04-20_CCl4_HE,unknown,train,uniform,3072,14336,512,0.0293667347971129,images/sdaf260_003072_014336.jpg,context/sdaf260_003072_014336.jpg
sdaf260_f03,sdaf260,142,3,R26-122-19_HE_103,CCl4,2026-04-20_CCl4_HE,unknown,train,uniform,16384,19968,512,,images/sdaf260_016384_019968.jpg,context/sdaf260_016384_019968.jpg
sdaf260_f04,sdaf260,142,4,R26-122-19_HE_103,CCl4,2026-04-20_CCl4_HE,unknown,train,uniform,21504,13824,512,2.74831674239507,images/sdaf260_021504_013824.jpg,context/sdaf260_021504_013824.jpg
sdaf260_f05,sdaf260,142,5,R26-122-19_HE_103,CCl4,2026-04-20_CCl4_HE,unknown,train,uniform,5632,18944,512,2.2082264606513053,images/sdaf260_005632_018944.jpg,context/sdaf260_005632_018944.jpg
sdaf260_f06,sdaf260,142,6,R26-122-19_HE_103,CCl4,2026-04-20_CCl4_HE,unknown,train,uniform,6144,14336,512,,images/sdaf260_006144_014336.jpg,context/sdaf260_006144_014336.jpg
sdaf260_f07,sdaf260,142,7,R26-122-19_HE_103,CCl4,2026-04-20_CCl4_HE,unknown,train,uniform,8704,20480,512,-0.3337146096070851,images/sdaf260_008704_020480.jpg,context/sdaf260_008704_020480.jpg
sdaf260_f08,sdaf260,142,8,R26-122-19_HE_103,CCl4,2026-04-20_CCl4_HE,unknown,train,uniform,4096,14336,512,0.7093862677689233,images/sdaf260_004096_014336.jpg,context/sdaf260_004096_014336.jpg
sdaf260_f09,sdaf260,142,9,R26-122-19_HE_103,CCl4,2026-04-20_CCl4_HE,unknown,train,uniform,12288,19968,512,3.1062236351482406,images/sdaf260_012288_019968.jpg,context/sdaf260_012288_019968.jpg
sdaf260_f10,sdaf260,142,10,R26-122-19_HE_103,CCl4,2026-04-20_CCl4_HE,unknown,train,uniform,3072,13312,512,4.171465175805098,images/sdaf260_003072_013312.jpg,context/sdaf260_003072_013312.jpg
sdaf260_f11,sdaf260,142,11,R26-122-19_HE_103,CCl4,2026-04-20_CCl4_HE,unknown,train,uniform,9216,13312,512,4.843806005623093,images/sdaf260_009216_013312.jpg,context/sdaf260_009216_013312.jpg
sdaf260_f12,sdaf260,142,12,R26-122-19_HE_103,CCl4,2026-04-20_CCl4_HE,unknown,train,uniform,8704,19456,512,3.27844404723739,images/sdaf260_008704_019456.jpg,context/sdaf260_008704_019456.jpg
sdaf260_f13,sdaf260,142,13,R26-122-19_HE_103,CCl4,2026-04-20_CCl4_HE,unknown,train,uniform,11776,13824,512,1.6952193126809918,images/sdaf260_011776_013824.jpg,context/sdaf260_011776_013824.jpg
sdaf260_f14,sdaf260,142,14,R26-122-19_HE_103,CCl4,2026-04-20_CCl4_HE,unknown,train,uniform,15360,19968,512,3.7134041488429137,images/sdaf260_015360_019968.jpg,context/sdaf260_015360_019968.jpg
sdaf260_f15,sdaf260,142,15,R26-122-19_HE_103,CCl4,2026-04-20_CCl4_HE,unknown,train,uniform,4096,13824,512,2.1314966716091854,images/sdaf260_004096_013824.jpg,context/sdaf260_004096_013824.jpg
sdaf260_f16,sdaf260,142,16,R26-122-19_HE_103,CCl4,2026-04-20_CCl4_HE,unknown,train,uniform,20992,18432,512,2.422440531534073,images/sdaf260_020992_018432.jpg,context/sdaf260_020992_018432.jpg
sdaf260_f17,sdaf260,142,17,R26-122-19_HE_103,CCl4,2026-04-20_CCl4_HE,unknown,train,repeat,4096,13824,512,2.1314966716091854,images/sdaf260_004096_013824.jpg,context/sdaf260_004096_013824.jpg
sdaf260_f18,sdaf260,142,18,R26-122-19_HE_103,CCl4,2026-04-20_CCl4_HE,unknown,train,repeat,20992,18432,512,2.422440531534073,images/sdaf260_020992_018432.jpg,context/sdaf260_020992_018432.jpg
s032424_f01,s032424,143,1,R26-122-18_HE_102,CCl4,2026-04-20_CCl4_HE,unknown,train,uniform,19456,5632,512,,images/s032424_019456_005632.jpg,context/s032424_019456_005632.jpg
s032424_f02,s032424,143,2,R26-122-18_HE_102,CCl4,2026-04-20_CCl4_HE,unknown,train,uniform,17920,11776,512,,images/s032424_017920_011776.jpg,context/s032424_017920_011776.jpg
s032424_f03,s032424,143,3,R26-122-18_HE_102,CCl4,2026-04-20_CCl4_HE,unknown,train,uniform,8704,12288,512,,images/s032424_008704_012288.jpg,context/s032424_008704_012288.jpg
s032424_f04,s032424,143,4,R26-122-18_HE_102,CCl4,2026-04-20_CCl4_HE,unknown,train,uniform,18432,6656,512,,images/s032424_018432_006656.jpg,context/s032424_018432_006656.jpg
s032424_f05,s032424,143,5,R26-122-18_HE_102,CCl4,2026-04-20_CCl4_HE,unknown,train,uniform,14336,22016,512,,images/s032424_014336_022016.jpg,context/s032424_014336_022016.jpg
s032424_f06,s032424,143,6,R26-122-18_HE_102,CCl4,2026-04-20_CCl4_HE,unknown,train,uniform,14848,18432,512,,images/s032424_014848_018432.jpg,context/s032424_014848_018432.jpg
s032424_f07,s032424,143,7,R26-122-18_HE_102,CCl4,2026-04-20_CCl4_HE,unknown,train,uniform,23040,7680,512,,images/s032424_023040_007680.jpg,context/s032424_023040_007680.jpg
s032424_f08,s032424,143,8,R26-122-18_HE_102,CCl4,2026-04-20_CCl4_HE,unknown,train,uniform,6144,7680,512,,images/s032424_006144_007680.jpg,context/s032424_006144_007680.jpg
s032424_f09,s032424,143,9,R26-122-18_HE_102,CCl4,2026-04-20_CCl4_HE,unknown,train,uniform,20480,5120,512,,images/s032424_020480_005120.jpg,context/s032424_020480_005120.jpg
s032424_f10,s032424,143,10,R26-122-18_HE_102,CCl4,2026-04-20_CCl4_HE,unknown,train,uniform,15360,14336,512,,images/s032424_015360_014336.jpg,context/s032424_015360_014336.jpg
s032424_f11,s032424,143,11,R26-122-18_HE_102,CCl4,2026-04-20_CCl4_HE,unknown,train,uniform,6656,2560,512,,images/s032424_006656_002560.jpg,context/s032424_006656_002560.jpg
s032424_f12,s032424,143,12,R26-122-18_HE_102,CCl4,2026-04-20_CCl4_HE,unknown,train,uniform,24064,13312,512,,images/s032424_024064_013312.jpg,context/s032424_024064_013312.jpg
s032424_f13,s032424,143,13,R26-122-18_HE_102,CCl4,2026-04-20_CCl4_HE,unknown,train,uniform,17920,16896,512,,images/s032424_017920_016896.jpg,context/s032424_017920_016896.jpg
s032424_f14,s032424,143,14,R26-122-18_HE_102,CCl4,2026-04-20_CCl4_HE,unknown,train,uniform,13824,14848,512,,images/s032424_013824_014848.jpg,context/s032424_013824_014848.jpg
s032424_f15,s032424,143,15,R26-122-18_HE_102,CCl4,2026-04-20_CCl4_HE,unknown,train,uniform,20992,13312,512,,images/s032424_020992_013312.jpg,context/s032424_020992_013312.jpg
s032424_f16,s032424,143,16,R26-122-18_HE_102,CCl4,2026-04-20_CCl4_HE,unknown,train,uniform,17408,15872,512,,images/s032424_017408_015872.jpg,context/s032424_017408_015872.jpg
s032424_f17,s032424,143,17,R26-122-18_HE_102,CCl4,2026-04-20_CCl4_HE,unknown,train,repeat,17920,16896,512,,images/s032424_017920_016896.jpg,context/s032424_017920_016896.jpg
s032424_f18,s032424,143,18,R26-122-18_HE_102,CCl4,2026-04-20_CCl4_HE,unknown,train,repeat,14336,22016,512,,images/s032424_014336_022016.jpg,context/s032424_014336_022016.jpg
s72f1b5_f01,s72f1b5,144,1,R26-122-30_HE_89,CCl4,2026-04-20_CCl4_HE,unknown,train,uniform,8192,15360,512,,images/s72f1b5_008192_015360.jpg,context/s72f1b5_008192_015360.jpg
s72f1b5_f02,s72f1b5,144,2,R26-122-30_HE_89,CCl4,2026-04-20_CCl4_HE,unknown,train,uniform,22528,15360,512,,images/s72f1b5_022528_015360.jpg,context/s72f1b5_022528_015360.jpg
s72f1b5_f03,s72f1b5,144,3,R26-122-30_HE_89,CCl4,2026-04-20_CCl4_HE,unknown,train,uniform,12288,7168,512,,images/s72f1b5_012288_007168.jpg,context/s72f1b5_012288_007168.jpg
s72f1b5_f04,s72f1b5,144,4,R26-122-30_HE_89,CCl4,2026-04-20_CCl4_HE,unknown,train,uniform,17920,14848,512,,images/s72f1b5_017920_014848.jpg,context/s72f1b5_017920_014848.jpg
s72f1b5_f05,s72f1b5,144,5,R26-122-30_HE_89,CCl4,2026-04-20_CCl4_HE,unknown,train,uniform,7680,7168,512,,images/s72f1b5_007680_007168.jpg,context/s72f1b5_007680_007168.jpg
s72f1b5_f06,s72f1b5,144,6,R26-122-30_HE_89,CCl4,2026-04-20_CCl4_HE,unknown,train,uniform,18944,15872,512,,images/s72f1b5_018944_015872.jpg,context/s72f1b5_018944_015872.jpg
s72f1b5_f07,s72f1b5,144,7,R26-122-30_HE_89,CCl4,2026-04-20_CCl4_HE,unknown,train,uniform,10752,10752,512,,images/s72f1b5_010752_010752.jpg,context/s72f1b5_010752_010752.jpg
s72f1b5_f08,s72f1b5,144,8,R26-122-30_HE_89,CCl4,2026-04-20_CCl4_HE,unknown,train,uniform,15872,20480,512,,images/s72f1b5_015872_020480.jpg,context/s72f1b5_015872_020480.jpg
s72f1b5_f09,s72f1b5,144,9,R26-122-30_HE_89,CCl4,2026-04-20_CCl4_HE,unknown,train,uniform,7680,16896,512,,images/s72f1b5_007680_016896.jpg,context/s72f1b5_007680_016896.jpg
s72f1b5_f10,s72f1b5,144,10,R26-122-30_HE_89,CCl4,2026-04-20_CCl4_HE,unknown,train,uniform,12288,16896,512,,images/s72f1b5_012288_016896.jpg,context/s72f1b5_012288_016896.jpg
s72f1b5_f11,s72f1b5,144,11,R26-122-30_HE_89,CCl4,2026-04-20_CCl4_HE,unknown,train,uniform,12800,23040,512,,images/s72f1b5_012800_023040.jpg,context/s72f1b5_012800_023040.jpg
s72f1b5_f12,s72f1b5,144,12,R26-122-30_HE_89,CCl4,2026-04-20_CCl4_HE,unknown,train,uniform,13824,3072,512,,images/s72f1b5_013824_003072.jpg,context/s72f1b5_013824_003072.jpg
s72f1b5_f13,s72f1b5,144,13,R26-122-30_HE_89,CCl4,2026-04-20_CCl4_HE,unknown,train,uniform,11264,15360,512,,images/s72f1b5_011264_015360.jpg,context/s72f1b5_011264_015360.jpg
s72f1b5_f14,s72f1b5,144,14,R26-122-30_HE_89,CCl4,2026-04-20_CCl4_HE,unknown,train,uniform,22528,9216,512,,images/s72f1b5_022528_009216.jpg,context/s72f1b5_022528_009216.jpg
s72f1b5_f15,s72f1b5,144,15,R26-122-30_HE_89,CCl4,2026-04-20_CCl4_HE,unknown,train,uniform,8192,16384,512,,images/s72f1b5_008192_016384.jpg,context/s72f1b5_008192_016384.jpg
s72f1b5_f16,s72f1b5,144,16,R26-122-30_HE_89,CCl4,2026-04-20_CCl4_HE,unknown,train,uniform,11776,3584,512,,images/s72f1b5_011776_003584.jpg,context/s72f1b5_011776_003584.jpg
s72f1b5_f17,s72f1b5,144,17,R26-122-30_HE_89,CCl4,2026-04-20_CCl4_HE,unknown,train,repeat,17920,14848,512,,images/s72f1b5_017920_014848.jpg,context/s72f1b5_017920_014848.jpg
s72f1b5_f18,s72f1b5,144,18,R26-122-30_HE_89,CCl4,2026-04-20_CCl4_HE,unknown,train,repeat,15872,20480,512,,images/s72f1b5_015872_020480.jpg,context/s72f1b5_015872_020480.jpg
scc1dc6_f01,scc1dc6,145,1,R26-122-34_HE_93,CCl4,2026-04-20_CCl4_HE,unknown,test,uniform,9216,7680,512,4.894693319787187,images/scc1dc6_009216_007680.jpg,context/scc1dc6_009216_007680.jpg
scc1dc6_f02,scc1dc6,145,2,R26-122-34_HE_93,CCl4,2026-04-20_CCl4_HE,unknown,test,uniform,8192,8704,512,2.951391645997062,images/scc1dc6_008192_008704.jpg,context/scc1dc6_008192_008704.jpg
scc1dc6_f03,scc1dc6,145,3,R26-122-34_HE_93,CCl4,2026-04-20_CCl4_HE,unknown,test,uniform,6144,7680,512,1.9817384034688903,images/scc1dc6_006144_007680.jpg,context/scc1dc6_006144_007680.jpg
scc1dc6_f04,scc1dc6,145,4,R26-122-34_HE_93,CCl4,2026-04-20_CCl4_HE,unknown,test,uniform,19968,8192,512,7.308969412492673,images/scc1dc6_019968_008192.jpg,context/scc1dc6_019968_008192.jpg
scc1dc6_f05,scc1dc6,145,5,R26-122-34_HE_93,CCl4,2026-04-20_CCl4_HE,unknown,test,uniform,22016,12800,512,2.303100285962208,images/scc1dc6_022016_012800.jpg,context/scc1dc6_022016_012800.jpg
scc1dc6_f06,scc1dc6,145,6,R26-122-34_HE_93,CCl4,2026-04-20_CCl4_HE,unknown,test,uniform,13824,8704,512,4.931817732384105,images/scc1dc6_013824_008704.jpg,context/scc1dc6_013824_008704.jpg
scc1dc6_f07,scc1dc6,145,7,R26-122-34_HE_93,CCl4,2026-04-20_CCl4_HE,unknown,test,uniform,11264,13312,512,,images/scc1dc6_011264_013312.jpg,context/scc1dc6_011264_013312.jpg
scc1dc6_f08,scc1dc6,145,8,R26-122-34_HE_93,CCl4,2026-04-20_CCl4_HE,unknown,test,uniform,4096,13312,512,3.5845256165581443,images/scc1dc6_004096_013312.jpg,context/scc1dc6_004096_013312.jpg
scc1dc6_f09,scc1dc6,145,9,R26-122-34_HE_93,CCl4,2026-04-20_CCl4_HE,unknown,test,uniform,13312,7680,512,1.7395781237959569,images/scc1dc6_013312_007680.jpg,context/scc1dc6_013312_007680.jpg
scc1dc6_f10,scc1dc6,145,10,R26-122-34_HE_93,CCl4,2026-04-20_CCl4_HE,unknown,test,uniform,14336,8192,512,3.584946644016853,images/scc1dc6_014336_008192.jpg,context/scc1dc6_014336_008192.jpg
scc1dc6_f11,scc1dc6,145,11,R26-122-34_HE_93,CCl4,2026-04-20_CCl4_HE,unknown,test,uniform,9728,13312,512,1.9184224903816391,images/scc1dc6_009728_013312.jpg,context/scc1dc6_009728_013312.jpg
scc1dc6_f12,scc1dc6,145,12,R26-122-34_HE_93,CCl4,2026-04-20_CCl4_HE,unknown,test,uniform,10240,7680,512,3.0980408115383917,images/scc1dc6_010240_007680.jpg,context/scc1dc6_010240_007680.jpg
scc1dc6_f13,scc1dc6,145,13,R26-122-34_HE_93,CCl4,2026-04-20_CCl4_HE,unknown,test,uniform,16384,12288,512,1.0173724884458384,images/scc1dc6_016384_012288.jpg,context/scc1dc6_016384_012288.jpg
scc1dc6_f14,scc1dc6,145,14,R26-122-34_HE_93,CCl4,2026-04-20_CCl4_HE,unknown,test,uniform,4608,7680,512,-0.7090377033761679,images/scc1dc6_004608_007680.jpg,context/scc1dc6_004608_007680.jpg
scc1dc6_f15,scc1dc6,145,15,R26-122-34_HE_93,CCl4,2026-04-20_CCl4_HE,unknown,test,uniform,3072,13824,512,1.8822194376358965,images/scc1dc6_003072_013824.jpg,context/scc1dc6_003072_013824.jpg
scc1dc6_f16,scc1dc6,145,16,R26-122-34_HE_93,CCl4,2026-04-20_CCl4_HE,unknown,test,uniform,18432,12288,512,5.449306759530076,images/scc1dc6_018432_012288.jpg,context/scc1dc6_018432_012288.jpg
scc1dc6_f17,scc1dc6,145,17,R26-122-34_HE_93,CCl4,2026-04-20_CCl4_HE,unknown,test,repeat,9216,7680,512,4.894693319787187,images/scc1dc6_009216_007680.jpg,context/scc1dc6_009216_007680.jpg
scc1dc6_f18,scc1dc6,145,18,R26-122-34_HE_93,CCl4,2026-04-20_CCl4_HE,unknown,test,repeat,6144,7680,512,1.9817384034688903,images/scc1dc6_006144_007680.jpg,context/scc1dc6_006144_007680.jpg
sd73602_f01,sd73602,146,1,R26-122-23_HE_91,CCl4,2026-04-20_CCl4_HE,unknown,train,uniform,16384,14848,512,4.5707150630996995,images/sd73602_016384_014848.jpg,context/sd73602_016384_014848.jpg
sd73602_f02,sd73602,146,2,R26-122-23_HE_91,CCl4,2026-04-20_CCl4_HE,unknown,train,uniform,26624,12800,512,1.827072774690956,images/sd73602_026624_012800.jpg,context/sd73602_026624_012800.jpg
sd73602_f03,sd73602,146,3,R26-122-23_HE_91,CCl4,2026-04-20_CCl4_HE,unknown,train,uniform,5632,15360,512,6.0356191509602235,images/sd73602_005632_015360.jpg,context/sd73602_005632_015360.jpg
sd73602_f04,sd73602,146,4,R26-122-23_HE_91,CCl4,2026-04-20_CCl4_HE,unknown,train,uniform,22528,13824,512,3.163886532584415,images/sd73602_022528_013824.jpg,context/sd73602_022528_013824.jpg
sd73602_f05,sd73602,146,5,R26-122-23_HE_91,CCl4,2026-04-20_CCl4_HE,unknown,train,uniform,26112,15360,512,3.894758226876771,images/sd73602_026112_015360.jpg,context/sd73602_026112_015360.jpg
sd73602_f06,sd73602,146,6,R26-122-23_HE_91,CCl4,2026-04-20_CCl4_HE,unknown,train,uniform,9216,14336,512,1.981983913014748,images/sd73602_009216_014336.jpg,context/sd73602_009216_014336.jpg
sd73602_f07,sd73602,146,7,R26-122-23_HE_91,CCl4,2026-04-20_CCl4_HE,unknown,train,uniform,20992,13312,512,2.0128893180179,images/sd73602_020992_013312.jpg,context/sd73602_020992_013312.jpg
sd73602_f08,sd73602,146,8,R26-122-23_HE_91,CCl4,2026-04-20_CCl4_HE,unknown,train,uniform,17408,13824,512,4.346162869376154,images/sd73602_017408_013824.jpg,context/sd73602_017408_013824.jpg
sd73602_f09,sd73602,146,9,R26-122-23_HE_91,CCl4,2026-04-20_CCl4_HE,unknown,train,uniform,14336,13824,512,3.0726748710536427,images/sd73602_014336_013824.jpg,context/sd73602_014336_013824.jpg
sd73602_f10,sd73602,146,10,R26-122-23_HE_91,CCl4,2026-04-20_CCl4_HE,unknown,train,uniform,3584,13824,512,3.0615937177322294,images/sd73602_003584_013824.jpg,context/sd73602_003584_013824.jpg
sd73602_f11,sd73602,146,11,R26-122-23_HE_91,CCl4,2026-04-20_CCl4_HE,unknown,train,uniform,28672,13824,512,6.329710245294719,images/sd73602_028672_013824.jpg,context/sd73602_028672_013824.jpg
sd73602_f12,sd73602,146,12,R26-122-23_HE_91,CCl4,2026-04-20_CCl4_HE,unknown,train,uniform,20480,14848,512,3.559383973933259,images/sd73602_020480_014848.jpg,context/sd73602_020480_014848.jpg
sd73602_f13,sd73602,146,13,R26-122-23_HE_91,CCl4,2026-04-20_CCl4_HE,unknown,train,uniform,13824,13312,512,2.2062322659543967,images/sd73602_013824_013312.jpg,context/sd73602_013824_013312.jpg
sd73602_f14,sd73602,146,14,R26-122-23_HE_91,CCl4,2026-04-20_CCl4_HE,unknown,train,uniform,25600,13312,512,3.565946693571068,images/sd73602_025600_013312.jpg,context/sd73602_025600_013312.jpg
sd73602_f15,sd73602,146,15,R26-122-23_HE_91,CCl4,2026-04-20_CCl4_HE,unknown,train,uniform,3584,14336,512,3.221466309600242,images/sd73602_003584_014336.jpg,context/sd73602_003584_014336.jpg
sd73602_f16,sd73602,146,16,R26-122-23_HE_91,CCl4,2026-04-20_CCl4_HE,unknown,train,uniform,11776,15360,512,5.244287937906019,images/sd73602_011776_015360.jpg,context/sd73602_011776_015360.jpg
sd73602_f17,sd73602,146,17,R26-122-23_HE_91,CCl4,2026-04-20_CCl4_HE,unknown,train,repeat,13824,13312,512,2.2062322659543967,images/sd73602_013824_013312.jpg,context/sd73602_013824_013312.jpg
sd73602_f18,sd73602,146,18,R26-122-23_HE_91,CCl4,2026-04-20_CCl4_HE,unknown,train,repeat,9216,14336,512,1.981983913014748,images/sd73602_009216_014336.jpg,context/sd73602_009216_014336.jpg
